Journal name,Group,Category,JIF Quartile
NATURE METHODS,Biology & Biochemistry,BIOCHEMICAL RESEARCH METHODS,Q1
Nature Protocols,Biology & Biochemistry,BIOCHEMICAL RESEARCH METHODS,Q1
Artificial Intelligence in Agriculture,Biology & Biochemistry,"AGRICULTURE, MULTIDISCIPLINARY",Q1
COMPUTERS AND ELECTRONICS IN AGRICULTURE,Biology & Biochemistry,"AGRICULTURE, MULTIDISCIPLINARY",Q1
Annual Review of Animal Biosciences,Biology & Biochemistry,"AGRICULTURE, DAIRY & ANIMAL SCIENCE",Q1
Farming System,Biology & Biochemistry,"AGRICULTURE, MULTIDISCIPLINARY",Q1
BRIEFINGS IN BIOINFORMATICS,Biology & Biochemistry,BIOCHEMICAL RESEARCH METHODS,Q1
Animal Nutrition,Biology & Biochemistry,"AGRICULTURE, DAIRY & ANIMAL SCIENCE",Q1
Information Processing in Agriculture,Biology & Biochemistry,"AGRICULTURE, MULTIDISCIPLINARY",Q1
CURRENT OPINION IN BIOTECHNOLOGY,Biology & Biochemistry,BIOCHEMICAL RESEARCH METHODS,Q1
POSTHARVEST BIOLOGY AND TECHNOLOGY,Biology & Biochemistry,AGRONOMY,Q1
Agronomy for Sustainable Development,Biology & Biochemistry,AGRONOMY,Q1
PRECISION AGRICULTURE,Biology & Biochemistry,"AGRICULTURE, MULTIDISCIPLINARY",Q1
Journal of Animal Science and Biotechnology,Biology & Biochemistry,"AGRICULTURE, DAIRY & ANIMAL SCIENCE",Q1
Agricultural Water Management,Biology & Biochemistry,AGRONOMY,Q1
Journal of Biological Engineering,Biology & Biochemistry,BIOCHEMICAL RESEARCH METHODS,Q1
FIELD CROPS RESEARCH,Biology & Biochemistry,AGRONOMY,Q1
Plant Phenomics,Biology & Biochemistry,AGRONOMY,Q1
AGRICULTURE ECOSYSTEMS & ENVIRONMENT,Biology & Biochemistry,"AGRICULTURE, MULTIDISCIPLINARY",Q1
INDUSTRIAL CROPS AND PRODUCTS,Biology & Biochemistry,AGRONOMY,Q1
Journal of Agriculture and Food Research,Biology & Biochemistry,"AGRICULTURE, MULTIDISCIPLINARY",Q1
JOURNAL OF AGRICULTURAL AND FOOD CHEMISTRY,Biology & Biochemistry,"AGRICULTURE, MULTIDISCIPLINARY",Q1
AGRICULTURAL SYSTEMS,Biology & Biochemistry,"AGRICULTURE, MULTIDISCIPLINARY",Q1
Rice Science,Biology & Biochemistry,AGRONOMY,Q1
BioChip Journal,Biology & Biochemistry,BIOCHEMICAL RESEARCH METHODS,Q1
AGRICULTURAL AND FOREST METEOROLOGY,Biology & Biochemistry,AGRONOMY,Q1
Smart Agricultural Technology,Biology & Biochemistry,"AGRICULTURE, MULTIDISCIPLINARY",Q1
Smart Agricultural Technology,Biology & Biochemistry,AGRONOMY,Q1
Crop Journal,Biology & Biochemistry,AGRONOMY,Q1
Crop and Environment,Biology & Biochemistry,AGRONOMY,Q1
EUROPEAN JOURNAL OF AGRONOMY,Biology & Biochemistry,AGRONOMY,Q1
MOLECULAR & CELLULAR PROTEOMICS,Biology & Biochemistry,BIOCHEMICAL RESEARCH METHODS,Q1
BIOINFORMATICS,Biology & Biochemistry,BIOCHEMICAL RESEARCH METHODS,Q1
LAB ON A CHIP,Biology & Biochemistry,BIOCHEMICAL RESEARCH METHODS,Q1
Agriculture & Food Security,Biology & Biochemistry,"AGRICULTURE, MULTIDISCIPLINARY",Q1
BIOSYSTEMS ENGINEERING,Biology & Biochemistry,"AGRICULTURE, MULTIDISCIPLINARY",Q1
Chemical and Biological Technologies in Agriculture,Biology & Biochemistry,"AGRICULTURE, MULTIDISCIPLINARY",Q1
Rice,Biology & Biochemistry,AGRONOMY,Q1
New Biotechnology,Biology & Biochemistry,BIOCHEMICAL RESEARCH METHODS,Q1
IET Nanobiotechnology,Biology & Biochemistry,BIOCHEMICAL RESEARCH METHODS,Q1
Cell Reports Methods,Biology & Biochemistry,BIOCHEMICAL RESEARCH METHODS,Q1
Journal of Integrative Agriculture,Biology & Biochemistry,"AGRICULTURE, MULTIDISCIPLINARY",Q1
JOURNAL OF DAIRY SCIENCE,Biology & Biochemistry,"AGRICULTURE, DAIRY & ANIMAL SCIENCE",Q1
Plant Methods,Biology & Biochemistry,BIOCHEMICAL RESEARCH METHODS,Q1
IEEE TRANSACTIONS ON NANOBIOSCIENCE,Biology & Biochemistry,BIOCHEMICAL RESEARCH METHODS,Q1
METHODS,Biology & Biochemistry,BIOCHEMICAL RESEARCH METHODS,Q1
BIOLOGICAL PROCEDURES ONLINE,Biology & Biochemistry,BIOCHEMICAL RESEARCH METHODS,Q1
Animal Frontiers,Biology & Biochemistry,"AGRICULTURE, DAIRY & ANIMAL SCIENCE",Q1
POULTRY SCIENCE,Biology & Biochemistry,"AGRICULTURE, DAIRY & ANIMAL SCIENCE",Q1
Animal,Biology & Biochemistry,"AGRICULTURE, DAIRY & ANIMAL SCIENCE",Q1
THEORETICAL AND APPLIED GENETICS,Biology & Biochemistry,AGRONOMY,Q1
World Journal of Mens Health,Biology & Biochemistry,ANDROLOGY,Q1
PLANT AND SOIL,Biology & Biochemistry,AGRONOMY,Q1
Global Change Biology Bioenergy,Biology & Biochemistry,AGRONOMY,Q1
Frontiers in Agronomy,Biology & Biochemistry,AGRONOMY,Q1
JOURNAL OF CHROMATOGRAPHY A,Biology & Biochemistry,BIOCHEMICAL RESEARCH METHODS,Q1
ACS Synthetic Biology,Biology & Biochemistry,BIOCHEMICAL RESEARCH METHODS,Q1
BIOCONJUGATE CHEMISTRY,Biology & Biochemistry,BIOCHEMICAL RESEARCH METHODS,Q1
PROTEOMICS,Biology & Biochemistry,BIOCHEMICAL RESEARCH METHODS,Q1
PEST MANAGEMENT SCIENCE,Biology & Biochemistry,AGRONOMY,Q1
Acta Crystallographica Section D-Structural Biology,Biology & Biochemistry,BIOCHEMICAL RESEARCH METHODS,Q1
ANALYTICAL AND BIOANALYTICAL CHEMISTRY,Biology & Biochemistry,BIOCHEMICAL RESEARCH METHODS,Q1
SLAS Technology,Biology & Biochemistry,BIOCHEMICAL RESEARCH METHODS,Q2
AGRICULTURE AND HUMAN VALUES,Biology & Biochemistry,"AGRICULTURE, MULTIDISCIPLINARY",Q1
Agriculture-Basel,Biology & Biochemistry,AGRONOMY,Q1
JOURNAL OF PROTEOME RESEARCH,Biology & Biochemistry,BIOCHEMICAL RESEARCH METHODS,Q2
PLoS Computational Biology,Biology & Biochemistry,BIOCHEMICAL RESEARCH METHODS,Q2
Journal of Sustainable Agriculture and Environment,Biology & Biochemistry,"AGRICULTURE, MULTIDISCIPLINARY",Q1
Agricultural & Environmental Letters,Biology & Biochemistry,"AGRICULTURE, MULTIDISCIPLINARY",Q1
WORLDS POULTRY SCIENCE JOURNAL,Biology & Biochemistry,"AGRICULTURE, DAIRY & ANIMAL SCIENCE",Q1
IRRIGATION SCIENCE,Biology & Biochemistry,AGRONOMY,Q1
Meat and Muscle Biology,Biology & Biochemistry,"AGRICULTURE, DAIRY & ANIMAL SCIENCE",Q1
JOURNAL OF THE SCIENCE OF FOOD AND AGRICULTURE,Biology & Biochemistry,"AGRICULTURE, MULTIDISCIPLINARY",Q1
IEEE-ACM Transactions on Computational Biology and Bioinformatics,Biology & Biochemistry,BIOCHEMICAL RESEARCH METHODS,Q2
Andrology,Biology & Biochemistry,ANDROLOGY,Q1
Agronomy-Basel,Biology & Biochemistry,AGRONOMY,Q1
Journal of Breath Research,Biology & Biochemistry,BIOCHEMICAL RESEARCH METHODS,Q2
Biochemistry Research International,Biology & Biochemistry,BIOCHEMICAL RESEARCH METHODS,Q2
ANIMAL REPRODUCTION SCIENCE,Biology & Biochemistry,"AGRICULTURE, DAIRY & ANIMAL SCIENCE",Q1
BMC BIOINFORMATICS,Biology & Biochemistry,BIOCHEMICAL RESEARCH METHODS,Q2
Journal of Land Use Science,Biology & Biochemistry,"AGRICULTURE, MULTIDISCIPLINARY",Q1
Clinical Proteomics,Biology & Biochemistry,BIOCHEMICAL RESEARCH METHODS,Q2
JOURNAL OF ANIMAL SCIENCE AND TECHNOLOGY,Biology & Biochemistry,"AGRICULTURE, DAIRY & ANIMAL SCIENCE",Q1
ANNALS OF AGRICULTURAL SCIENCES,Biology & Biochemistry,"AGRICULTURE, MULTIDISCIPLINARY",Q1
Biomedical Optics Express,Biology & Biochemistry,BIOCHEMICAL RESEARCH METHODS,Q2
GENETICS SELECTION EVOLUTION,Biology & Biochemistry,"AGRICULTURE, DAIRY & ANIMAL SCIENCE",Q1
Dairy,Biology & Biochemistry,"AGRICULTURE, DAIRY & ANIMAL SCIENCE",Q1
Gesunde Pflanzen,Biology & Biochemistry,AGRONOMY,Q1
Biotechnology Journal,Biology & Biochemistry,BIOCHEMICAL RESEARCH METHODS,Q2
JOURNAL OF FLUORESCENCE,Biology & Biochemistry,BIOCHEMICAL RESEARCH METHODS,Q2
JOURNAL OF MOLECULAR GRAPHICS & MODELLING,Biology & Biochemistry,BIOCHEMICAL RESEARCH METHODS,Q2
Turkish Journal of Agriculture and Forestry,Biology & Biochemistry,AGRONOMY,Q1
MOLECULAR BREEDING,Biology & Biochemistry,AGRONOMY,Q1
MOLECULAR AND CELLULAR PROBES,Biology & Biochemistry,BIOCHEMICAL RESEARCH METHODS,Q2
SEED SCIENCE AND TECHNOLOGY,Biology & Biochemistry,AGRONOMY,Q1
Brain Structure & Function,Biology & Biochemistry,ANATOMY & MORPHOLOGY,Q1
JOURNAL OF ANIMAL SCIENCE,Biology & Biochemistry,"AGRICULTURE, DAIRY & ANIMAL SCIENCE",Q1
JOURNAL OF BIOMEDICAL OPTICS,Biology & Biochemistry,BIOCHEMICAL RESEARCH METHODS,Q2
GRASS AND FORAGE SCIENCE,Biology & Biochemistry,AGRONOMY,Q1
Current Bioinformatics,Biology & Biochemistry,BIOCHEMICAL RESEARCH METHODS,Q2
International Journal of Agricultural Sustainability,Biology & Biochemistry,"AGRICULTURE, MULTIDISCIPLINARY",Q1
ACS Agricultural Science & Technology,Biology & Biochemistry,"AGRICULTURE, MULTIDISCIPLINARY",Q1
JOURNAL OF AGRICULTURAL & ENVIRONMENTAL ETHICS,Biology & Biochemistry,"AGRICULTURE, MULTIDISCIPLINARY",Q1
JOURNAL OF AGRONOMY AND CROP SCIENCE,Biology & Biochemistry,AGRONOMY,Q1
Journal of Proteomics,Biology & Biochemistry,BIOCHEMICAL RESEARCH METHODS,Q2
JOURNAL OF CHROMATOGRAPHY B-ANALYTICAL TECHNOLOGIES IN THE BIOMEDICAL AND LIFE SCIENCES,Biology & Biochemistry,BIOCHEMICAL RESEARCH METHODS,Q2
JOURNAL OF PLANT NUTRITION AND SOIL SCIENCE,Biology & Biochemistry,AGRONOMY,Q1
Frontiers of Agricultural Science and Engineering,Biology & Biochemistry,AGRONOMY,Q1
Expert Review of Proteomics,Biology & Biochemistry,BIOCHEMICAL RESEARCH METHODS,Q2
Animals,Biology & Biochemistry,"AGRICULTURE, DAIRY & ANIMAL SCIENCE",Q1
ASIAN JOURNAL OF ANDROLOGY,Biology & Biochemistry,ANDROLOGY,Q2
ANIMAL FEED SCIENCE AND TECHNOLOGY,Biology & Biochemistry,"AGRICULTURE, DAIRY & ANIMAL SCIENCE",Q1
International Journal of Wine Business Research,Biology & Biochemistry,AGRONOMY,Q1
JOURNAL OF THE AMERICAN SOCIETY FOR MASS SPECTROMETRY,Biology & Biochemistry,BIOCHEMICAL RESEARCH METHODS,Q2
Drug Testing and Analysis,Biology & Biochemistry,BIOCHEMICAL RESEARCH METHODS,Q2
SLAS Discovery,Biology & Biochemistry,BIOCHEMICAL RESEARCH METHODS,Q2
Organic Agriculture,Biology & Biochemistry,"AGRICULTURE, MULTIDISCIPLINARY",Q2
CABI Agriculture & Bioscience,Biology & Biochemistry,"AGRICULTURE, MULTIDISCIPLINARY",Q2
OUTLOOK ON AGRICULTURE,Biology & Biochemistry,"AGRICULTURE, MULTIDISCIPLINARY",Q2
NJAS-Impact in Agricultural and Life Sciences,Biology & Biochemistry,"AGRICULTURE, MULTIDISCIPLINARY",Q2
PHYTOCHEMICAL ANALYSIS,Biology & Biochemistry,BIOCHEMICAL RESEARCH METHODS,Q3
Agroecology and Sustainable Food Systems,Biology & Biochemistry,"AGRICULTURE, MULTIDISCIPLINARY",Q2
Animal Bioscience,Biology & Biochemistry,"AGRICULTURE, DAIRY & ANIMAL SCIENCE",Q1
TISSUE & CELL,Biology & Biochemistry,ANATOMY & MORPHOLOGY,Q1
Crop Protection,Biology & Biochemistry,AGRONOMY,Q1
WEED SCIENCE,Biology & Biochemistry,AGRONOMY,Q1
ANALYTICAL BIOCHEMISTRY,Biology & Biochemistry,BIOCHEMICAL RESEARCH METHODS,Q3
ELECTROPHORESIS,Biology & Biochemistry,BIOCHEMICAL RESEARCH METHODS,Q3
Synthetic Biology,Biology & Biochemistry,BIOCHEMICAL RESEARCH METHODS,Q3
Proteomics Clinical Applications,Biology & Biochemistry,BIOCHEMICAL RESEARCH METHODS,Q3
BIOTECHNIQUES,Biology & Biochemistry,BIOCHEMICAL RESEARCH METHODS,Q3
Frontiers in Animal Science,Biology & Biochemistry,"AGRICULTURE, DAIRY & ANIMAL SCIENCE",Q1
JOURNAL OF ANIMAL PHYSIOLOGY AND ANIMAL NUTRITION,Biology & Biochemistry,"AGRICULTURE, DAIRY & ANIMAL SCIENCE",Q1
in silico Plants,Biology & Biochemistry,AGRONOMY,Q2
Bioinformatics and Biology Insights,Biology & Biochemistry,BIOCHEMICAL RESEARCH METHODS,Q3
PLANT PATHOLOGY,Biology & Biochemistry,AGRONOMY,Q2
Molecular Imaging,Biology & Biochemistry,BIOCHEMICAL RESEARCH METHODS,Q3
WEED RESEARCH,Biology & Biochemistry,AGRONOMY,Q2
Biomicrofluidics,Biology & Biochemistry,BIOCHEMICAL RESEARCH METHODS,Q3
CLINICAL ANATOMY,Biology & Biochemistry,ANATOMY & MORPHOLOGY,Q1
Italian Journal of Animal Science,Biology & Biochemistry,"AGRICULTURE, DAIRY & ANIMAL SCIENCE",Q1
Frontiers in Neuroanatomy,Biology & Biochemistry,ANATOMY & MORPHOLOGY,Q1
JOURNAL OF NEUROSCIENCE METHODS,Biology & Biochemistry,BIOCHEMICAL RESEARCH METHODS,Q3
Journal of Biophotonics,Biology & Biochemistry,BIOCHEMICAL RESEARCH METHODS,Q3
Cogent Food & Agriculture,Biology & Biochemistry,"AGRICULTURE, MULTIDISCIPLINARY",Q2
Grassland Research,Biology & Biochemistry,AGRONOMY,Q2
Veterinary and Animal Science,Biology & Biochemistry,"AGRICULTURE, DAIRY & ANIMAL SCIENCE",Q1
JDS Communications,Biology & Biochemistry,"AGRICULTURE, DAIRY & ANIMAL SCIENCE",Q1
Current Protocols,Biology & Biochemistry,BIOCHEMICAL RESEARCH METHODS,Q3
Systems Biology in Reproductive Medicine,Biology & Biochemistry,ANDROLOGY,Q2
Annals of Animal Science,Biology & Biochemistry,"AGRICULTURE, DAIRY & ANIMAL SCIENCE",Q1
JOURNAL OF REPRODUCTION AND DEVELOPMENT,Biology & Biochemistry,"AGRICULTURE, DAIRY & ANIMAL SCIENCE",Q1
AGROFORESTRY SYSTEMS,Biology & Biochemistry,AGRONOMY,Q2
International Journal of Plant Production,Biology & Biochemistry,AGRONOMY,Q2
Grass Research,Biology & Biochemistry,AGRONOMY,Q2
Journal of Plant Diseases and Protection,Biology & Biochemistry,"AGRICULTURE, MULTIDISCIPLINARY",Q2
JOURNAL OF AGRICULTURAL SCIENCE,Biology & Biochemistry,"AGRICULTURE, MULTIDISCIPLINARY",Q2
BREEDING SCIENCE,Biology & Biochemistry,AGRONOMY,Q2
Anatomical Record-Advances in Integrative Anatomy and Evolutionary Biology,Biology & Biochemistry,ANATOMY & MORPHOLOGY,Q1
MICROSCOPY RESEARCH AND TECHNIQUE,Biology & Biochemistry,ANATOMY & MORPHOLOGY,Q1
Poultry,Biology & Biochemistry,"AGRICULTURE, DAIRY & ANIMAL SCIENCE",Q2
DOMESTIC ANIMAL ENDOCRINOLOGY,Biology & Biochemistry,"AGRICULTURE, DAIRY & ANIMAL SCIENCE",Q2
Italian Journal of Agronomy,Biology & Biochemistry,AGRONOMY,Q2
POTATO RESEARCH,Biology & Biochemistry,AGRONOMY,Q2
ANIMAL GENETICS,Biology & Biochemistry,"AGRICULTURE, DAIRY & ANIMAL SCIENCE",Q2
Journal of Spectroscopy,Biology & Biochemistry,BIOCHEMICAL RESEARCH METHODS,Q3
Animal Reproduction,Biology & Biochemistry,"AGRICULTURE, DAIRY & ANIMAL SCIENCE",Q2
Paddy and Water Environment,Biology & Biochemistry,AGRONOMY,Q2
CYTOMETRY PART A,Biology & Biochemistry,BIOCHEMICAL RESEARCH METHODS,Q3
APPLIED ANIMAL BEHAVIOUR SCIENCE,Biology & Biochemistry,"AGRICULTURE, DAIRY & ANIMAL SCIENCE",Q2
Basic and Clinical Andrology,Biology & Biochemistry,ANDROLOGY,Q3
ANDROLOGIA,Biology & Biochemistry,ANDROLOGY,Q3
JOURNAL OF APPLIED POULTRY RESEARCH,Biology & Biochemistry,"AGRICULTURE, DAIRY & ANIMAL SCIENCE",Q2
Veterinary World,Biology & Biochemistry,"AGRICULTURE, DAIRY & ANIMAL SCIENCE",Q2
AGRONOMY JOURNAL,Biology & Biochemistry,AGRONOMY,Q2
RENEWABLE AGRICULTURE AND FOOD SYSTEMS,Biology & Biochemistry,"AGRICULTURE, MULTIDISCIPLINARY",Q2
Journal of Magnetic Resonance Open,Biology & Biochemistry,BIOCHEMICAL RESEARCH METHODS,Q3
JOURNAL OF MASS SPECTROMETRY,Biology & Biochemistry,BIOCHEMICAL RESEARCH METHODS,Q3
Methods and Protocols,Biology & Biochemistry,BIOCHEMICAL RESEARCH METHODS,Q3
Sugar Tech,Biology & Biochemistry,AGRONOMY,Q2
TRANSGENIC RESEARCH,Biology & Biochemistry,BIOCHEMICAL RESEARCH METHODS,Q3
MYCOBIOLOGY,Biology & Biochemistry,AGRONOMY,Q2
OCL-Oilseeds and Fats Crops and Lipids,Biology & Biochemistry,AGRONOMY,Q2
JOURNAL OF ANATOMY,Biology & Biochemistry,ANATOMY & MORPHOLOGY,Q2
JOURNAL OF ANIMAL BREEDING AND GENETICS,Biology & Biochemistry,"AGRICULTURE, DAIRY & ANIMAL SCIENCE",Q2
CELLS TISSUES ORGANS,Biology & Biochemistry,ANATOMY & MORPHOLOGY,Q2
Livestock Science,Biology & Biochemistry,"AGRICULTURE, DAIRY & ANIMAL SCIENCE",Q2
JOURNAL OF MAGNETIC RESONANCE,Biology & Biochemistry,BIOCHEMICAL RESEARCH METHODS,Q3
JOURNAL OF APPLIED ANIMAL RESEARCH,Biology & Biochemistry,"AGRICULTURE, DAIRY & ANIMAL SCIENCE",Q2
CROP SCIENCE,Biology & Biochemistry,AGRONOMY,Q2
Crop & Pasture Science,Biology & Biochemistry,"AGRICULTURE, MULTIDISCIPLINARY",Q2
EUROPEAN JOURNAL OF PLANT PATHOLOGY,Biology & Biochemistry,AGRONOMY,Q2
PHYTOPATHOLOGIA MEDITERRANEA,Biology & Biochemistry,AGRONOMY,Q2
PREPARATIVE BIOCHEMISTRY & BIOTECHNOLOGY,Biology & Biochemistry,BIOCHEMICAL RESEARCH METHODS,Q3
JOURNAL OF MICROBIOLOGICAL METHODS,Biology & Biochemistry,BIOCHEMICAL RESEARCH METHODS,Q3
Crops,Biology & Biochemistry,AGRONOMY,Q2
CEREAL RESEARCH COMMUNICATIONS,Biology & Biochemistry,AGRONOMY,Q2
EXPERIMENTAL AGRICULTURE,Biology & Biochemistry,AGRONOMY,Q2
ANIMAL BIOTECHNOLOGY,Biology & Biochemistry,"AGRICULTURE, DAIRY & ANIMAL SCIENCE",Q2
PLANT SOIL AND ENVIRONMENT,Biology & Biochemistry,AGRONOMY,Q2
Translational Animal Science,Biology & Biochemistry,"AGRICULTURE, DAIRY & ANIMAL SCIENCE",Q2
Archives of Agronomy and Soil Science,Biology & Biochemistry,AGRONOMY,Q2
ANNALS OF APPLIED BIOLOGY,Biology & Biochemistry,"AGRICULTURE, MULTIDISCIPLINARY",Q2
ACTA AGRICULTURAE SCANDINAVICA SECTION B-SOIL AND PLANT SCIENCE,Biology & Biochemistry,AGRONOMY,Q2
Advances in Agriculture,Biology & Biochemistry,AGRONOMY,Q2
Chilean Journal of Agricultural Research,Biology & Biochemistry,"AGRICULTURE, MULTIDISCIPLINARY",Q2
Chilean Journal of Agricultural Research,Biology & Biochemistry,AGRONOMY,Q2
AMERICAN JOURNAL OF POTATO RESEARCH,Biology & Biochemistry,AGRONOMY,Q2
Czech Journal of Genetics and Plant Breeding,Biology & Biochemistry,AGRONOMY,Q2
Bioanalysis,Biology & Biochemistry,BIOCHEMICAL RESEARCH METHODS,Q4
PLANT BREEDING,Biology & Biochemistry,AGRONOMY,Q2
International Journal of Sustainable Agricultural Management and Informatics,Biology & Biochemistry,"AGRICULTURE, MULTIDISCIPLINARY",Q2
ANNALS OF ANATOMY-ANATOMISCHER ANZEIGER,Biology & Biochemistry,ANATOMY & MORPHOLOGY,Q2
TROPICAL ANIMAL HEALTH AND PRODUCTION,Biology & Biochemistry,"AGRICULTURE, DAIRY & ANIMAL SCIENCE",Q2
BRITISH POULTRY SCIENCE,Biology & Biochemistry,"AGRICULTURE, DAIRY & ANIMAL SCIENCE",Q2
ANATOMICAL SCIENCE INTERNATIONAL,Biology & Biochemistry,ANATOMY & MORPHOLOGY,Q2
REPRODUCTION IN DOMESTIC ANIMALS,Biology & Biochemistry,"AGRICULTURE, DAIRY & ANIMAL SCIENCE",Q2
Translational Andrology and Urology,Biology & Biochemistry,ANDROLOGY,Q4
RAPID COMMUNICATIONS IN MASS SPECTROMETRY,Biology & Biochemistry,BIOCHEMICAL RESEARCH METHODS,Q4
International Agrophysics,Biology & Biochemistry,AGRONOMY,Q2
EUPHYTICA,Biology & Biochemistry,AGRONOMY,Q2
BIOMEDICAL CHROMATOGRAPHY,Biology & Biochemistry,BIOCHEMICAL RESEARCH METHODS,Q4
WEED TECHNOLOGY,Biology & Biochemistry,AGRONOMY,Q2
COMBINATORIAL CHEMISTRY & HIGH THROUGHPUT SCREENING,Biology & Biochemistry,BIOCHEMICAL RESEARCH METHODS,Q4
IRRIGATION AND DRAINAGE,Biology & Biochemistry,AGRONOMY,Q2
ASSAY AND DRUG DEVELOPMENT TECHNOLOGIES,Biology & Biochemistry,BIOCHEMICAL RESEARCH METHODS,Q4
Algorithms for Molecular Biology,Biology & Biochemistry,BIOCHEMICAL RESEARCH METHODS,Q4
Agrisost,Biology & Biochemistry,"AGRICULTURE, MULTIDISCIPLINARY",Q2
JOURNAL OF POULTRY SCIENCE,Biology & Biochemistry,"AGRICULTURE, DAIRY & ANIMAL SCIENCE",Q2
Archives Animal Breeding,Biology & Biochemistry,"AGRICULTURE, DAIRY & ANIMAL SCIENCE",Q2
JOURNAL OF VIROLOGICAL METHODS,Biology & Biochemistry,BIOCHEMICAL RESEARCH METHODS,Q4
Proteome Science,Biology & Biochemistry,BIOCHEMICAL RESEARCH METHODS,Q4
BIOLOGICAL AGRICULTURE & HORTICULTURE,Biology & Biochemistry,AGRONOMY,Q3
Open Agriculture,Biology & Biochemistry,"AGRICULTURE, MULTIDISCIPLINARY",Q2
JOURNAL OF COMPUTATIONAL BIOLOGY,Biology & Biochemistry,BIOCHEMICAL RESEARCH METHODS,Q4
Iraqi Journal of Agricultural Sciences,Biology & Biochemistry,"AGRICULTURE, MULTIDISCIPLINARY",Q2
JOURNAL OF IMMUNOLOGICAL METHODS,Biology & Biochemistry,BIOCHEMICAL RESEARCH METHODS,Q4
Advances in Weed Science,Biology & Biochemistry,AGRONOMY,Q3
ARCHIVES OF ANIMAL NUTRITION,Biology & Biochemistry,"AGRICULTURE, DAIRY & ANIMAL SCIENCE",Q2
DEVELOPMENTAL DYNAMICS,Biology & Biochemistry,ANATOMY & MORPHOLOGY,Q2
Journal of Advanced Veterinary and Animal Research,Biology & Biochemistry,"AGRICULTURE, DAIRY & ANIMAL SCIENCE",Q2
JOURNAL OF ANIMAL AND FEED SCIENCES,Biology & Biochemistry,"AGRICULTURE, DAIRY & ANIMAL SCIENCE",Q2
SCIENTIA AGRICOLA,Biology & Biochemistry,"AGRICULTURE, MULTIDISCIPLINARY",Q2
Applied Animal Science,Biology & Biochemistry,"AGRICULTURE, DAIRY & ANIMAL SCIENCE",Q2
PHYTOPARASITICA,Biology & Biochemistry,AGRONOMY,Q3
BRAGANTIA,Biology & Biochemistry,"AGRICULTURE, MULTIDISCIPLINARY",Q2
International Journal of Agronomy,Biology & Biochemistry,AGRONOMY,Q3
Agrosystems Geosciences & Environment,Biology & Biochemistry,AGRONOMY,Q3
BIOLOGICALS,Biology & Biochemistry,BIOCHEMICAL RESEARCH METHODS,Q4
NEW ZEALAND JOURNAL OF AGRICULTURAL RESEARCH,Biology & Biochemistry,"AGRICULTURE, MULTIDISCIPLINARY",Q2
NEW ZEALAND JOURNAL OF CROP AND HORTICULTURAL SCIENCE,Biology & Biochemistry,AGRONOMY,Q3
WEED BIOLOGY AND MANAGEMENT,Biology & Biochemistry,AGRONOMY,Q3
Journal of Crop Improvement,Biology & Biochemistry,AGRONOMY,Q3
JOURNAL OF MORPHOLOGY,Biology & Biochemistry,ANATOMY & MORPHOLOGY,Q3
SMALL RUMINANT RESEARCH,Biology & Biochemistry,"AGRICULTURE, DAIRY & ANIMAL SCIENCE",Q3
Journal of Animal Behaviour and Biometeorology,Biology & Biochemistry,"AGRICULTURE, DAIRY & ANIMAL SCIENCE",Q3
New Medit,Biology & Biochemistry,"AGRICULTURE, MULTIDISCIPLINARY",Q2
PLANT MOLECULAR BIOLOGY REPORTER,Biology & Biochemistry,BIOCHEMICAL RESEARCH METHODS,Q4
COMMUNICATIONS IN SOIL SCIENCE AND PLANT ANALYSIS,Biology & Biochemistry,AGRONOMY,Q3
PLANT PROTECTION SCIENCE,Biology & Biochemistry,AGRONOMY,Q3
IRISH JOURNAL OF AGRICULTURAL AND FOOD RESEARCH,Biology & Biochemistry,"AGRICULTURE, MULTIDISCIPLINARY",Q2
ACTA ZOOLOGICA,Biology & Biochemistry,ANATOMY & MORPHOLOGY,Q3
Ruminants,Biology & Biochemistry,"AGRICULTURE, DAIRY & ANIMAL SCIENCE",Q3
CZECH JOURNAL OF ANIMAL SCIENCE,Biology & Biochemistry,"AGRICULTURE, DAIRY & ANIMAL SCIENCE",Q3
PLANT PRODUCTION SCIENCE,Biology & Biochemistry,AGRONOMY,Q3
Biology Methods & Protocols,Biology & Biochemistry,BIOCHEMICAL RESEARCH METHODS,Q4
World Rabbit Science,Biology & Biochemistry,"AGRICULTURE, DAIRY & ANIMAL SCIENCE",Q3
AIMS Agriculture and Food,Biology & Biochemistry,"AGRICULTURE, MULTIDISCIPLINARY",Q2
AIMS Agriculture and Food,Biology & Biochemistry,AGRONOMY,Q3
CANADIAN JOURNAL OF PLANT SCIENCE,Biology & Biochemistry,AGRONOMY,Q3
STAR Protocols,Biology & Biochemistry,BIOCHEMICAL RESEARCH METHODS,Q4
CHROMATOGRAPHIA,Biology & Biochemistry,BIOCHEMICAL RESEARCH METHODS,Q4
JOURNAL OF CHROMATOGRAPHIC SCIENCE,Biology & Biochemistry,BIOCHEMICAL RESEARCH METHODS,Q4
JOURNAL OF PLANT PROTECTION RESEARCH,Biology & Biochemistry,AGRONOMY,Q3
Journal of Agricultural Science and Technology,Biology & Biochemistry,"AGRICULTURE, MULTIDISCIPLINARY",Q2
FOLIA MORPHOLOGICA,Biology & Biochemistry,ANATOMY & MORPHOLOGY,Q3
APPLIED IMMUNOHISTOCHEMISTRY & MOLECULAR MORPHOLOGY,Biology & Biochemistry,ANATOMY & MORPHOLOGY,Q3
Anatomy & Cell Biology,Biology & Biochemistry,ANATOMY & MORPHOLOGY,Q3
ANIMAL SCIENCE JOURNAL,Biology & Biochemistry,"AGRICULTURE, DAIRY & ANIMAL SCIENCE",Q3
SURGICAL AND RADIOLOGIC ANATOMY,Biology & Biochemistry,ANATOMY & MORPHOLOGY,Q3
Mljekarstvo,Biology & Biochemistry,"AGRICULTURE, DAIRY & ANIMAL SCIENCE",Q3
Animal Production Science,Biology & Biochemistry,"AGRICULTURE, DAIRY & ANIMAL SCIENCE",Q3
JOURNAL OF DAIRY RESEARCH,Biology & Biochemistry,"AGRICULTURE, DAIRY & ANIMAL SCIENCE",Q3
REVISTA BRASILEIRA DE ZOOTECNIA-BRAZILIAN JOURNAL OF ANIMAL SCIENCE,Biology & Biochemistry,"AGRICULTURE, DAIRY & ANIMAL SCIENCE",Q3
Avian Biology Research,Biology & Biochemistry,"AGRICULTURE, DAIRY & ANIMAL SCIENCE",Q3
Scientia Agropecuaria,Biology & Biochemistry,"AGRICULTURE, DAIRY & ANIMAL SCIENCE",Q3
ACTA SCIENTIARUM-AGRONOMY,Biology & Biochemistry,AGRONOMY,Q3
PROTEIN EXPRESSION AND PURIFICATION,Biology & Biochemistry,BIOCHEMICAL RESEARCH METHODS,Q4
Journal of Seed Science,Biology & Biochemistry,AGRONOMY,Q3
JOURNAL OF LIQUID CHROMATOGRAPHY & RELATED TECHNOLOGIES,Biology & Biochemistry,BIOCHEMICAL RESEARCH METHODS,Q4
Journal of Agricultural Extension,Biology & Biochemistry,AGRONOMY,Q3
REVISTA DE LA FACULTAD DE CIENCIAS AGRARIAS,Biology & Biochemistry,"AGRICULTURE, MULTIDISCIPLINARY",Q2
ZOOMORPHOLOGY,Biology & Biochemistry,ANATOMY & MORPHOLOGY,Q4
ANIMAL SCIENCE PAPERS AND REPORTS,Biology & Biochemistry,"AGRICULTURE, DAIRY & ANIMAL SCIENCE",Q3
AGRICULTURAL RESEARCH,Biology & Biochemistry,AGRONOMY,Q3
Journal of Agricultural Sciences-Tarim Bilimleri Dergisi,Biology & Biochemistry,"AGRICULTURE, MULTIDISCIPLINARY",Q3
Acta Crystallographica Section F-Structural Biology Communications,Biology & Biochemistry,BIOCHEMICAL RESEARCH METHODS,Q4
CALIFORNIA AGRICULTURE,Biology & Biochemistry,"AGRICULTURE, MULTIDISCIPLINARY",Q3
JOURNAL OF AGRICULTURAL METEOROLOGY,Biology & Biochemistry,"AGRICULTURE, MULTIDISCIPLINARY",Q3
GRASSLAND SCIENCE,Biology & Biochemistry,"AGRICULTURE, MULTIDISCIPLINARY",Q3
GRASSLAND SCIENCE,Biology & Biochemistry,AGRONOMY,Q3
Crop Breeding and Applied Biotechnology,Biology & Biochemistry,AGRONOMY,Q3
Journal of Agriculture and Environment for International Development,Biology & Biochemistry,AGRONOMY,Q3
AGRICULTURAL AND FOOD SCIENCE,Biology & Biochemistry,"AGRICULTURE, MULTIDISCIPLINARY",Q3
CAHIERS AGRICULTURES,Biology & Biochemistry,"AGRICULTURE, MULTIDISCIPLINARY",Q3
CAHIERS AGRICULTURES,Biology & Biochemistry,AGRONOMY,Q3
Crop Forage & Turfgrass Management,Biology & Biochemistry,AGRONOMY,Q3
JSFA Reports,Biology & Biochemistry,"AGRICULTURE, MULTIDISCIPLINARY",Q3
ANATOMIA HISTOLOGIA EMBRYOLOGIA,Biology & Biochemistry,ANATOMY & MORPHOLOGY,Q4
CANADIAN JOURNAL OF ANIMAL SCIENCE,Biology & Biochemistry,"AGRICULTURE, DAIRY & ANIMAL SCIENCE",Q3
Romanian Agricultural Research,Biology & Biochemistry,AGRONOMY,Q3
Vavilovskii Zhurnal Genetiki i Selektsii,Biology & Biochemistry,"AGRICULTURE, MULTIDISCIPLINARY",Q3
Tropical Animal Science Journal,Biology & Biochemistry,"AGRICULTURE, DAIRY & ANIMAL SCIENCE",Q3
ACTA AGRICULTURAE SCANDINAVICA SECTION A-ANIMAL SCIENCE,Biology & Biochemistry,"AGRICULTURE, DAIRY & ANIMAL SCIENCE",Q3
Brazilian Journal of Poultry Science,Biology & Biochemistry,"AGRICULTURE, DAIRY & ANIMAL SCIENCE",Q3
CIENCIA E AGROTECNOLOGIA,Biology & Biochemistry,"AGRICULTURE, MULTIDISCIPLINARY",Q3
CIENCIA RURAL,Biology & Biochemistry,AGRONOMY,Q3
Revista Caatinga,Biology & Biochemistry,AGRONOMY,Q3
AgroLife Scientific Journal,Biology & Biochemistry,AGRONOMY,Q3
JOURNAL OF LABELLED COMPOUNDS & RADIOPHARMACEUTICALS,Biology & Biochemistry,BIOCHEMICAL RESEARCH METHODS,Q4
Journal of Tekirdag Agriculture Faculty-Tekirdag Ziraat Fakultesi Dergisi,Biology & Biochemistry,"AGRICULTURE, MULTIDISCIPLINARY",Q3
Acta Scientiarum Polonorum-Formatio Circumiectus,Biology & Biochemistry,AGRONOMY,Q3
Pesquisa Agropecuaria Tropical,Biology & Biochemistry,"AGRICULTURE, MULTIDISCIPLINARY",Q3
Revista Internacional de Andrologia,Biology & Biochemistry,ANDROLOGY,Q4
Acta Technologica Agriculturae,Biology & Biochemistry,"AGRICULTURE, MULTIDISCIPLINARY",Q3
Italian Journal of Agrometeorology-Rivista Italiana di Agrometeorologia,Biology & Biochemistry,AGRONOMY,Q3
Rural Extension and Innovation Systems Journal,Biology & Biochemistry,AGRONOMY,Q3
Caraka Tani-Journal of Sustainable Agriculture,Biology & Biochemistry,"AGRICULTURE, MULTIDISCIPLINARY",Q3
Legume Research,Biology & Biochemistry,AGRONOMY,Q3
Turkish Journal of Field Crops,Biology & Biochemistry,AGRONOMY,Q3
Economia Agro-alimentare,Biology & Biochemistry,"AGRICULTURE, MULTIDISCIPLINARY",Q3
SPANISH JOURNAL OF AGRICULTURAL RESEARCH,Biology & Biochemistry,"AGRICULTURE, MULTIDISCIPLINARY",Q3
Landbauforschung-Journal of Sustainable and Organic Agricultural Systems,Biology & Biochemistry,"AGRICULTURE, MULTIDISCIPLINARY",Q3
Revista Ciencia Agronomica,Biology & Biochemistry,"AGRICULTURE, MULTIDISCIPLINARY",Q3
South African Journal of Plant and Soil,Biology & Biochemistry,AGRONOMY,Q4
Journal of Plant Registrations,Biology & Biochemistry,AGRONOMY,Q4
Tropical Grasslands-Forrajes Tropicales,Biology & Biochemistry,"AGRICULTURE, DAIRY & ANIMAL SCIENCE",Q3
Tropical Grasslands-Forrajes Tropicales,Biology & Biochemistry,AGRONOMY,Q4
Journal of Central European Agriculture,Biology & Biochemistry,"AGRICULTURE, DAIRY & ANIMAL SCIENCE",Q3
Bioagro,Biology & Biochemistry,AGRONOMY,Q4
Emirates Journal of Food and Agriculture,Biology & Biochemistry,AGRONOMY,Q4
PERTANIKA JOURNAL OF TROPICAL AGRICULTURAL SCIENCE,Biology & Biochemistry,"AGRICULTURE, MULTIDISCIPLINARY",Q3
PESQUISA AGROPECUARIA BRASILEIRA,Biology & Biochemistry,"AGRICULTURE, MULTIDISCIPLINARY",Q3
Journal of Agricultural Sciences,Biology & Biochemistry,"AGRICULTURE, MULTIDISCIPLINARY",Q3
INDIAN JOURNAL OF AGRICULTURAL SCIENCES,Biology & Biochemistry,"AGRICULTURE, MULTIDISCIPLINARY",Q3
SOUTH AFRICAN JOURNAL OF ANIMAL SCIENCE,Biology & Biochemistry,"AGRICULTURE, DAIRY & ANIMAL SCIENCE",Q4
Fourrages,Biology & Biochemistry,"AGRICULTURE, DAIRY & ANIMAL SCIENCE",Q4
Revista Mexicana de Ciencias Pecuarias,Biology & Biochemistry,"AGRICULTURE, DAIRY & ANIMAL SCIENCE",Q4
PAKISTAN JOURNAL OF AGRICULTURAL SCIENCES,Biology & Biochemistry,"AGRICULTURE, MULTIDISCIPLINARY",Q3
Poultry Science Journal,Biology & Biochemistry,"AGRICULTURE, DAIRY & ANIMAL SCIENCE",Q4
Journal fur Kulturpflanzen,Biology & Biochemistry,AGRONOMY,Q4
Scientific Papers-Series E-Land Reclamation Earth Observation & Surveying Environmental Engineering,Biology & Biochemistry,"AGRICULTURE, MULTIDISCIPLINARY",Q3
Bioscience Journal,Biology & Biochemistry,"AGRICULTURE, MULTIDISCIPLINARY",Q3
Bioscience Journal,Biology & Biochemistry,AGRONOMY,Q4
BIOTECHNOLOGIE AGRONOMIE SOCIETE ET ENVIRONNEMENT,Biology & Biochemistry,AGRONOMY,Q4
Revista Colombiana de Investigaciones Agroindustriales,Biology & Biochemistry,"AGRICULTURE, MULTIDISCIPLINARY",Q3
Scientific Papers-Series A-Agronomy,Biology & Biochemistry,AGRONOMY,Q4
Ecosistemas y Recursos Agropecuarios,Biology & Biochemistry,"AGRICULTURE, MULTIDISCIPLINARY",Q3
Cuadernos de Desarrollo Rural,Biology & Biochemistry,"AGRICULTURE, MULTIDISCIPLINARY",Q3
INRAE Productions Animales,Biology & Biochemistry,"AGRICULTURE, DAIRY & ANIMAL SCIENCE",Q4
INTERNATIONAL JOURNAL OF MORPHOLOGY,Biology & Biochemistry,ANATOMY & MORPHOLOGY,Q4
European Poultry Science,Biology & Biochemistry,"AGRICULTURE, DAIRY & ANIMAL SCIENCE",Q4
Journal of Livestock Science,Biology & Biochemistry,"AGRICULTURE, DAIRY & ANIMAL SCIENCE",Q4
Indian Journal of Animal Research,Biology & Biochemistry,"AGRICULTURE, DAIRY & ANIMAL SCIENCE",Q4
Journal of Animal and Plant Sciences-JAPS,Biology & Biochemistry,"AGRICULTURE, MULTIDISCIPLINARY",Q4
Agrivita,Biology & Biochemistry,AGRONOMY,Q4
Asian Journal of Agriculture and Development,Biology & Biochemistry,AGRONOMY,Q4
International Journal of Agriculture and Natural Resources,Biology & Biochemistry,"AGRICULTURE, MULTIDISCIPLINARY",Q4
Revista Colombiana de Ciencias Pecuarias,Biology & Biochemistry,"AGRICULTURE, DAIRY & ANIMAL SCIENCE",Q4
Current Proteomics,Biology & Biochemistry,BIOCHEMICAL RESEARCH METHODS,Q4
Agrociencia Uruguay,Biology & Biochemistry,AGRONOMY,Q4
KSU Tarim ve Doga Dergisi-KSU Journal of Agriculture and Nature,Biology & Biochemistry,"AGRICULTURE, MULTIDISCIPLINARY",Q4
SAINS TANAH,Biology & Biochemistry,AGRONOMY,Q4
Semina-Ciencias Agrarias,Biology & Biochemistry,"AGRICULTURE, MULTIDISCIPLINARY",Q4
Ciencia Animal Brasileira,Biology & Biochemistry,"AGRICULTURE, DAIRY & ANIMAL SCIENCE",Q4
AGROCIENCIA,Biology & Biochemistry,"AGRICULTURE, MULTIDISCIPLINARY",Q4
JARQ-JAPAN AGRICULTURAL RESEARCH QUARTERLY,Biology & Biochemistry,"AGRICULTURE, MULTIDISCIPLINARY",Q4
Zemdirbyste-Agriculture,Biology & Biochemistry,"AGRICULTURE, MULTIDISCIPLINARY",Q4
Iranian Journal of Applied Animal Science,Biology & Biochemistry,"AGRICULTURE, DAIRY & ANIMAL SCIENCE",Q4
Range Management and Agroforestry,Biology & Biochemistry,AGRONOMY,Q4
AGRONOMIA MESOAMERICANA,Biology & Biochemistry,AGRONOMY,Q4
ITEA-Informacion Tecnica Economica Agraria,Biology & Biochemistry,"AGRICULTURE, DAIRY & ANIMAL SCIENCE",Q4
ITEA-Informacion Tecnica Economica Agraria,Biology & Biochemistry,AGRONOMY,Q4
Journal of Agricultural & Food Information,Biology & Biochemistry,AGRONOMY,Q4
Scientific Papers-Series D-Animal Science,Biology & Biochemistry,"AGRICULTURE, DAIRY & ANIMAL SCIENCE",Q4
Chilean Journal of Agricultural & Animal Sciences,Biology & Biochemistry,AGRONOMY,Q4
Icelandic Agricultural Sciences,Biology & Biochemistry,"AGRICULTURE, MULTIDISCIPLINARY",Q4
PHILIPPINE AGRICULTURAL SCIENTIST,Biology & Biochemistry,"AGRICULTURE, MULTIDISCIPLINARY",Q4
Terra Latinoamericana,Biology & Biochemistry,AGRONOMY,Q4
Large Animal Review,Biology & Biochemistry,"AGRICULTURE, DAIRY & ANIMAL SCIENCE",Q4
JOURNAL OF THE FACULTY OF AGRICULTURE KYUSHU UNIVERSITY,Biology & Biochemistry,"AGRICULTURE, MULTIDISCIPLINARY",Q4
Journal of the Indonesian Tropical Animal Agriculture,Biology & Biochemistry,"AGRICULTURE, DAIRY & ANIMAL SCIENCE",Q4
Revista MVZ Cordoba,Biology & Biochemistry,"AGRICULTURE, DAIRY & ANIMAL SCIENCE",Q4
INDIAN JOURNAL OF ANIMAL SCIENCES,Biology & Biochemistry,"AGRICULTURE, DAIRY & ANIMAL SCIENCE",Q4
Egyptian Journal of Agronomy,Biology & Biochemistry,AGRONOMY,Q4
JOURNAL OF THE AMERICAN POMOLOGICAL SOCIETY,Biology & Biochemistry,AGRONOMY,Q4
Revista Brasileira de Ciencias Agrarias-Agraria,Biology & Biochemistry,AGRONOMY,Q4
Nativa,Biology & Biochemistry,"AGRICULTURE, MULTIDISCIPLINARY",Q4
Revista de Agricultura Neotropical,Biology & Biochemistry,AGRONOMY,Q4
Revista Fitotecnia Mexicana,Biology & Biochemistry,AGRONOMY,Q4
TROPICAL AGRICULTURE,Biology & Biochemistry,AGRONOMY,Q4
Ciencias Agronomicas,Biology & Biochemistry,AGRONOMY,Q4
European Journal of Anatomy,Biology & Biochemistry,ANATOMY & MORPHOLOGY,Q4
Journal of the Anatomical Society of India,Biology & Biochemistry,ANATOMY & MORPHOLOGY,Q4
ZUCHTUNGSKUNDE,Biology & Biochemistry,"AGRICULTURE, DAIRY & ANIMAL SCIENCE",Q4
Agricultural Science and Practice,Biology & Biochemistry,"AGRICULTURE, MULTIDISCIPLINARY",Q4
Agrarforschung Schweiz,Biology & Biochemistry,"AGRICULTURE, MULTIDISCIPLINARY",Q4
INDIAN JOURNAL OF DAIRY SCIENCE,Biology & Biochemistry,"AGRICULTURE, DAIRY & ANIMAL SCIENCE",Q4
Revista de Ciencias Agricolas,Biology & Biochemistry,AGRONOMY,Q4
Buffalo Bulletin,Biology & Biochemistry,"AGRICULTURE, DAIRY & ANIMAL SCIENCE",Q4
Journal of the Korean Magnetic Resonance Society,Biology & Biochemistry,BIOCHEMICAL RESEARCH METHODS,Q4
Revista de la Facultad de Agronomia de la Universidad del Zulia,Biology & Biochemistry,AGRONOMY,Q4
Revista Corpoica-Ciencia y Tecnologia Agropecuaria,Biology & Biochemistry,"AGRICULTURE, MULTIDISCIPLINARY",Q4
Agritech,Biology & Biochemistry,AGRONOMY,Q4
Proceedings of the National Academy of Sciences of Belarus-Agrarian Series,Biology & Biochemistry,"AGRICULTURE, MULTIDISCIPLINARY",Q4
International Journal of Agricultural and Statistical Sciences,Biology & Biochemistry,"AGRICULTURE, MULTIDISCIPLINARY",Q4
Acta Brasiliensis,Biology & Biochemistry,"AGRICULTURE, MULTIDISCIPLINARY",Q4
Revista Agrogeoambiental,Biology & Biochemistry,AGRONOMY,Q4
BOLETIM DE INDUSTRIA ANIMAL,Biology & Biochemistry,"AGRICULTURE, DAIRY & ANIMAL SCIENCE",Q4
Temas Agrarios,Biology & Biochemistry,AGRONOMY,Q4
Philippine Journal of Crop Science,Biology & Biochemistry,AGRONOMY,Q4
Revista Espanola de Estudios Agrosociales y Pesqueros-REEAP,Biology & Biochemistry,"AGRICULTURE, MULTIDISCIPLINARY",Q4
BERICHTE UBER LANDWIRTSCHAFT,Biology & Biochemistry,"AGRICULTURE, MULTIDISCIPLINARY",Q4
Agroindustria Sociedad y Ambiente ASA,Biology & Biochemistry,"AGRICULTURE, MULTIDISCIPLINARY",Q4
Journal of Candido Tostes Dairy Institute,Biology & Biochemistry,"AGRICULTURE, DAIRY & ANIMAL SCIENCE",Q4
Asian Journal of Agriculture and Biology,Biology & Biochemistry,"AGRICULTURE, MULTIDISCIPLINARY",N/A
Journal of Crop Health,Biology & Biochemistry,AGRONOMY,N/A
GENETIC RESOURCES AND CROP EVOLUTION,Biology & Biochemistry,AGRONOMY,N/A
MAYDICA,Biology & Biochemistry,AGRONOMY,N/A
Signal Transduction and Targeted Therapy,Biology & Biochemistry,BIOCHEMISTRY & MOLECULAR BIOLOGY,Q1
NATURE MEDICINE,Biology & Biochemistry,BIOCHEMISTRY & MOLECULAR BIOLOGY,Q1
CELL,Biology & Biochemistry,BIOCHEMISTRY & MOLECULAR BIOLOGY,Q1
Molecular Cancer,Biology & Biochemistry,BIOCHEMISTRY & MOLECULAR BIOLOGY,Q1
Molecular Plant,Biology & Biochemistry,BIOCHEMISTRY & MOLECULAR BIOLOGY,Q1
Annual Review of Biochemistry,Biology & Biochemistry,BIOCHEMISTRY & MOLECULAR BIOLOGY,Q1
Molecular Cell,Biology & Biochemistry,BIOCHEMISTRY & MOLECULAR BIOLOGY,Q1
CELL DEATH AND DIFFERENTIATION,Biology & Biochemistry,BIOCHEMISTRY & MOLECULAR BIOLOGY,Q1
PROGRESS IN LIPID RESEARCH,Biology & Biochemistry,BIOCHEMISTRY & MOLECULAR BIOLOGY,Q1
TRENDS IN MICROBIOLOGY,Biology & Biochemistry,BIOCHEMISTRY & MOLECULAR BIOLOGY,Q1
Physics of Life Reviews,Biology & Biochemistry,BIOLOGY,Q1
Physics of Life Reviews,Biology & Biochemistry,BIOPHYSICS,Q1
TRENDS IN MOLECULAR MEDICINE,Biology & Biochemistry,BIOCHEMISTRY & MOLECULAR BIOLOGY,Q1
Nature Chemical Biology,Biology & Biochemistry,BIOCHEMISTRY & MOLECULAR BIOLOGY,Q1
Annual Review of Biophysics,Biology & Biochemistry,BIOPHYSICS,Q1
NUCLEIC ACIDS RESEARCH,Biology & Biochemistry,BIOCHEMISTRY & MOLECULAR BIOLOGY,Q1
EXPERIMENTAL AND MOLECULAR MEDICINE,Biology & Biochemistry,BIOCHEMISTRY & MOLECULAR BIOLOGY,Q1
Redox Biology,Biology & Biochemistry,BIOCHEMISTRY & MOLECULAR BIOLOGY,Q1
CYTOKINE & GROWTH FACTOR REVIEWS,Biology & Biochemistry,BIOCHEMISTRY & MOLECULAR BIOLOGY,Q1
BIOLOGICAL REVIEWS,Biology & Biochemistry,BIOLOGY,Q1
PLANT CELL,Biology & Biochemistry,BIOCHEMISTRY & MOLECULAR BIOLOGY,Q1
Plant Communications,Biology & Biochemistry,BIOCHEMISTRY & MOLECULAR BIOLOGY,Q1
TRENDS IN BIOCHEMICAL SCIENCES,Biology & Biochemistry,BIOCHEMISTRY & MOLECULAR BIOLOGY,Q1
NATURAL PRODUCT REPORTS,Biology & Biochemistry,BIOCHEMISTRY & MOLECULAR BIOLOGY,Q1
BIOSENSORS & BIOELECTRONICS,Biology & Biochemistry,BIOPHYSICS,Q1
MOLECULAR ASPECTS OF MEDICINE,Biology & Biochemistry,BIOCHEMISTRY & MOLECULAR BIOLOGY,Q1
CELLULAR & MOLECULAR BIOLOGY LETTERS,Biology & Biochemistry,BIOCHEMISTRY & MOLECULAR BIOLOGY,Q1
NATURE STRUCTURAL & MOLECULAR BIOLOGY,Biology & Biochemistry,BIOCHEMISTRY & MOLECULAR BIOLOGY,Q1
NATURE STRUCTURAL & MOLECULAR BIOLOGY,Biology & Biochemistry,BIOPHYSICS,Q1
MOLECULAR PSYCHIATRY,Biology & Biochemistry,BIOCHEMISTRY & MOLECULAR BIOLOGY,Q1
Molecular Biomedicine,Biology & Biochemistry,BIOCHEMISTRY & MOLECULAR BIOLOGY,Q1
International Journal of Biological Sciences,Biology & Biochemistry,BIOCHEMISTRY & MOLECULAR BIOLOGY,Q1
Science China-Life Sciences,Biology & Biochemistry,BIOLOGY,Q1
Genes & Diseases,Biology & Biochemistry,BIOCHEMISTRY & MOLECULAR BIOLOGY,Q1
Journal of Integrative Plant Biology,Biology & Biochemistry,BIOCHEMISTRY & MOLECULAR BIOLOGY,Q1
International Journal of Biological Macromolecules,Biology & Biochemistry,BIOCHEMISTRY & MOLECULAR BIOLOGY,Q1
BIOSCIENCE,Biology & Biochemistry,BIOLOGY,Q1
EMBO JOURNAL,Biology & Biochemistry,BIOCHEMISTRY & MOLECULAR BIOLOGY,Q1
BIOCHIMICA ET BIOPHYSICA ACTA-REVIEWS ON CANCER,Biology & Biochemistry,BIOCHEMISTRY & MOLECULAR BIOLOGY,Q1
BIOCHIMICA ET BIOPHYSICA ACTA-REVIEWS ON CANCER,Biology & Biochemistry,BIOPHYSICS,Q1
FREE RADICAL BIOLOGY AND MEDICINE,Biology & Biochemistry,BIOCHEMISTRY & MOLECULAR BIOLOGY,Q1
APOPTOSIS,Biology & Biochemistry,BIOCHEMISTRY & MOLECULAR BIOLOGY,Q1
Molecular Systems Biology,Biology & Biochemistry,BIOCHEMISTRY & MOLECULAR BIOLOGY,Q1
Cell Systems,Biology & Biochemistry,BIOCHEMISTRY & MOLECULAR BIOLOGY,Q1
CURRENT BIOLOGY,Biology & Biochemistry,BIOCHEMISTRY & MOLECULAR BIOLOGY,Q1
CURRENT BIOLOGY,Biology & Biochemistry,BIOLOGY,Q1
AMYLOID-JOURNAL OF PROTEIN FOLDING DISORDERS,Biology & Biochemistry,BIOCHEMISTRY & MOLECULAR BIOLOGY,Q1
REDOX REPORT,Biology & Biochemistry,BIOCHEMISTRY & MOLECULAR BIOLOGY,Q1
ONCOGENE,Biology & Biochemistry,BIOCHEMISTRY & MOLECULAR BIOLOGY,Q1
PLOS BIOLOGY,Biology & Biochemistry,BIOCHEMISTRY & MOLECULAR BIOLOGY,Q1
PLOS BIOLOGY,Biology & Biochemistry,BIOLOGY,Q1
Cell Chemical Biology,Biology & Biochemistry,BIOCHEMISTRY & MOLECULAR BIOLOGY,Q1
Journal of Genetics and Genomics,Biology & Biochemistry,BIOCHEMISTRY & MOLECULAR BIOLOGY,Q1
CURRENT OPINION IN STRUCTURAL BIOLOGY,Biology & Biochemistry,BIOCHEMISTRY & MOLECULAR BIOLOGY,Q1
Chemical Biology Letters,Biology & Biochemistry,BIOCHEMISTRY & MOLECULAR BIOLOGY,Q1
Science Signaling,Biology & Biochemistry,BIOCHEMISTRY & MOLECULAR BIOLOGY,Q1
Antioxidants,Biology & Biochemistry,BIOCHEMISTRY & MOLECULAR BIOLOGY,Q1
MOLECULES AND CELLS,Biology & Biochemistry,BIOCHEMISTRY & MOLECULAR BIOLOGY,Q1
MOLECULAR MEDICINE,Biology & Biochemistry,BIOCHEMISTRY & MOLECULAR BIOLOGY,Q1
CRITICAL REVIEWS IN BIOCHEMISTRY AND MOLECULAR BIOLOGY,Biology & Biochemistry,BIOCHEMISTRY & MOLECULAR BIOLOGY,Q1
COMPUTERS IN BIOLOGY AND MEDICINE,Biology & Biochemistry,BIOLOGY,Q1
EMBO REPORTS,Biology & Biochemistry,BIOCHEMISTRY & MOLECULAR BIOLOGY,Q1
Cell and Bioscience,Biology & Biochemistry,BIOCHEMISTRY & MOLECULAR BIOLOGY,Q1
Cell Surface,Biology & Biochemistry,BIOCHEMISTRY & MOLECULAR BIOLOGY,Q1
CELLULAR AND MOLECULAR LIFE SCIENCES,Biology & Biochemistry,BIOCHEMISTRY & MOLECULAR BIOLOGY,Q1
ANTIOXIDANTS & REDOX SIGNALING,Biology & Biochemistry,BIOCHEMISTRY & MOLECULAR BIOLOGY,Q1
CURRENT OPINION IN CHEMICAL BIOLOGY,Biology & Biochemistry,BIOCHEMISTRY & MOLECULAR BIOLOGY,Q1
CURRENT OPINION IN CHEMICAL BIOLOGY,Biology & Biochemistry,BIOPHYSICS,Q1
Stress Biology,Biology & Biochemistry,BIOCHEMISTRY & MOLECULAR BIOLOGY,Q1
Essays in Biochemistry,Biology & Biochemistry,BIOCHEMISTRY & MOLECULAR BIOLOGY,Q1
COLLOIDS AND SURFACES B-BIOINTERFACES,Biology & Biochemistry,BIOPHYSICS,Q1
Molecular Ecology Resources,Biology & Biochemistry,BIOCHEMISTRY & MOLECULAR BIOLOGY,Q1
GENOME RESEARCH,Biology & Biochemistry,BIOCHEMISTRY & MOLECULAR BIOLOGY,Q1
EXPERT REVIEWS IN MOLECULAR MEDICINE,Biology & Biochemistry,BIOCHEMISTRY & MOLECULAR BIOLOGY,Q1
JOURNAL OF ENZYME INHIBITION AND MEDICINAL CHEMISTRY,Biology & Biochemistry,BIOCHEMISTRY & MOLECULAR BIOLOGY,Q1
BIOMACROMOLECULES,Biology & Biochemistry,BIOCHEMISTRY & MOLECULAR BIOLOGY,Q1
CHEMICO-BIOLOGICAL INTERACTIONS,Biology & Biochemistry,BIOCHEMISTRY & MOLECULAR BIOLOGY,Q1
Food & Function,Biology & Biochemistry,BIOCHEMISTRY & MOLECULAR BIOLOGY,Q1
Artificial Intelligence in the Life Sciences,Biology & Biochemistry,BIOCHEMISTRY & MOLECULAR BIOLOGY,Q1
MOLECULAR BIOLOGY AND EVOLUTION,Biology & Biochemistry,BIOCHEMISTRY & MOLECULAR BIOLOGY,Q1
AMERICAN JOURNAL OF RESPIRATORY CELL AND MOLECULAR BIOLOGY,Biology & Biochemistry,BIOCHEMISTRY & MOLECULAR BIOLOGY,Q1
QUARTERLY REVIEWS OF BIOPHYSICS,Biology & Biochemistry,BIOPHYSICS,Q1
PROTEIN SCIENCE,Biology & Biochemistry,BIOCHEMISTRY & MOLECULAR BIOLOGY,Q1
Communications Biology,Biology & Biochemistry,BIOLOGY,Q1
Journal of Structural Biology-X,Biology & Biochemistry,BIOCHEMISTRY & MOLECULAR BIOLOGY,Q1
Journal of Structural Biology-X,Biology & Biochemistry,BIOPHYSICS,Q1
BIOFACTORS,Biology & Biochemistry,BIOCHEMISTRY & MOLECULAR BIOLOGY,Q1
BioScience Trends,Biology & Biochemistry,BIOLOGY,Q1
RNA,Biology & Biochemistry,BIOCHEMISTRY & MOLECULAR BIOLOGY,Q1
Cellular and Molecular Bioengineering,Biology & Biochemistry,BIOPHYSICS,Q1
Biology Direct,Biology & Biochemistry,BIOLOGY,Q1
JOURNAL OF NUTRITIONAL BIOCHEMISTRY,Biology & Biochemistry,BIOCHEMISTRY & MOLECULAR BIOLOGY,Q1
Journal of Zhejiang University-SCIENCE B,Biology & Biochemistry,BIOCHEMISTRY & MOLECULAR BIOLOGY,Q1
EXCLI Journal,Biology & Biochemistry,BIOLOGY,Q1
INTERNATIONAL JOURNAL OF MOLECULAR SCIENCES,Biology & Biochemistry,BIOCHEMISTRY & MOLECULAR BIOLOGY,Q1
Current Opinion in Insect Science,Biology & Biochemistry,BIOLOGY,Q1
MATRIX BIOLOGY,Biology & Biochemistry,BIOCHEMISTRY & MOLECULAR BIOLOGY,Q1
Biomolecules,Biology & Biochemistry,BIOCHEMISTRY & MOLECULAR BIOLOGY,Q1
Extracellular Vesicles and Circulating Nucleic Acids,Biology & Biochemistry,BIOCHEMISTRY & MOLECULAR BIOLOGY,Q1
PHILOSOPHICAL TRANSACTIONS OF THE ROYAL SOCIETY B-BIOLOGICAL SCIENCES,Biology & Biochemistry,BIOLOGY,Q1
BIOORGANIC CHEMISTRY,Biology & Biochemistry,BIOCHEMISTRY & MOLECULAR BIOLOGY,Q1
Nucleic Acid Therapeutics,Biology & Biochemistry,BIOCHEMISTRY & MOLECULAR BIOLOGY,Q1
Non-coding RNA Research,Biology & Biochemistry,BIOCHEMISTRY & MOLECULAR BIOLOGY,Q1
BIOSCIENCE REPORTS,Biology & Biochemistry,BIOCHEMISTRY & MOLECULAR BIOLOGY,Q1
BIOLOGICAL RESEARCH,Biology & Biochemistry,BIOLOGY,Q1
EUROPEAN JOURNAL OF HUMAN GENETICS,Biology & Biochemistry,BIOCHEMISTRY & MOLECULAR BIOLOGY,Q2
MOLECULES,Biology & Biochemistry,BIOCHEMISTRY & MOLECULAR BIOLOGY,Q2
CURRENT OPINION IN LIPIDOLOGY,Biology & Biochemistry,BIOCHEMISTRY & MOLECULAR BIOLOGY,Q2
BMC BIOLOGY,Biology & Biochemistry,BIOLOGY,Q1
BIOELECTROCHEMISTRY,Biology & Biochemistry,BIOCHEMISTRY & MOLECULAR BIOLOGY,Q2
BIOELECTROCHEMISTRY,Biology & Biochemistry,BIOLOGY,Q1
BIOELECTROCHEMISTRY,Biology & Biochemistry,BIOPHYSICS,Q1
GENE THERAPY,Biology & Biochemistry,BIOCHEMISTRY & MOLECULAR BIOLOGY,Q2
JOURNAL OF MOLECULAR BIOLOGY,Biology & Biochemistry,BIOCHEMISTRY & MOLECULAR BIOLOGY,Q2
Biomedical Journal,Biology & Biochemistry,BIOCHEMISTRY & MOLECULAR BIOLOGY,Q2
PROGRESS IN BIOPHYSICS & MOLECULAR BIOLOGY,Biology & Biochemistry,BIOCHEMISTRY & MOLECULAR BIOLOGY,Q2
PROGRESS IN BIOPHYSICS & MOLECULAR BIOLOGY,Biology & Biochemistry,BIOPHYSICS,Q1
Transcription-Austin,Biology & Biochemistry,BIOCHEMISTRY & MOLECULAR BIOLOGY,Q2
COMPARATIVE BIOCHEMISTRY AND PHYSIOLOGY C-TOXICOLOGY & PHARMACOLOGY,Biology & Biochemistry,BIOCHEMISTRY & MOLECULAR BIOLOGY,Q2
METHODS,Biology & Biochemistry,BIOCHEMISTRY & MOLECULAR BIOLOGY,Q2
STRUCTURE,Biology & Biochemistry,BIOCHEMISTRY & MOLECULAR BIOLOGY,Q2
STRUCTURE,Biology & Biochemistry,BIOPHYSICS,Q1
JOURNAL OF PHYSIOLOGY AND BIOCHEMISTRY,Biology & Biochemistry,BIOCHEMISTRY & MOLECULAR BIOLOGY,Q2
ACS Bio & Med Chem Au,Biology & Biochemistry,BIOCHEMISTRY & MOLECULAR BIOLOGY,Q2
JOURNAL OF LIPOSOME RESEARCH,Biology & Biochemistry,BIOCHEMISTRY & MOLECULAR BIOLOGY,Q2
BIOCHEMICAL JOURNAL,Biology & Biochemistry,BIOCHEMISTRY & MOLECULAR BIOLOGY,Q2
BIOCHEMICAL SOCIETY TRANSACTIONS,Biology & Biochemistry,BIOCHEMISTRY & MOLECULAR BIOLOGY,Q2
BIOCHIMICA ET BIOPHYSICA ACTA-MOLECULAR BASIS OF DISEASE,Biology & Biochemistry,BIOCHEMISTRY & MOLECULAR BIOLOGY,Q2
BIOCHIMICA ET BIOPHYSICA ACTA-MOLECULAR BASIS OF DISEASE,Biology & Biochemistry,BIOPHYSICS,Q1
FASEB JOURNAL,Biology & Biochemistry,BIOCHEMISTRY & MOLECULAR BIOLOGY,Q2
FASEB JOURNAL,Biology & Biochemistry,BIOLOGY,Q1
Lipids in Health and Disease,Biology & Biochemistry,BIOCHEMISTRY & MOLECULAR BIOLOGY,Q2
FEBS Journal,Biology & Biochemistry,BIOCHEMISTRY & MOLECULAR BIOLOGY,Q2
JOURNAL OF FOOD BIOCHEMISTRY,Biology & Biochemistry,BIOCHEMISTRY & MOLECULAR BIOLOGY,Q2
BIOINORGANIC CHEMISTRY AND APPLICATIONS,Biology & Biochemistry,BIOCHEMISTRY & MOLECULAR BIOLOGY,Q2
PLANT SCIENCE,Biology & Biochemistry,BIOCHEMISTRY & MOLECULAR BIOLOGY,Q2
JOURNAL OF LIPID RESEARCH,Biology & Biochemistry,BIOCHEMISTRY & MOLECULAR BIOLOGY,Q2
Computational and Structural Biotechnology Journal,Biology & Biochemistry,BIOCHEMISTRY & MOLECULAR BIOLOGY,Q2
MACROMOLECULAR BIOSCIENCE,Biology & Biochemistry,BIOCHEMISTRY & MOLECULAR BIOLOGY,Q2
Pesticide Biochemistry and Physiology,Biology & Biochemistry,BIOCHEMISTRY & MOLECULAR BIOLOGY,Q2
NEUROCHEMISTRY INTERNATIONAL,Biology & Biochemistry,BIOCHEMISTRY & MOLECULAR BIOLOGY,Q2
Interface Focus,Biology & Biochemistry,BIOLOGY,Q1
JOURNAL OF NEUROCHEMISTRY,Biology & Biochemistry,BIOCHEMISTRY & MOLECULAR BIOLOGY,Q2
PROCESS BIOCHEMISTRY,Biology & Biochemistry,BIOCHEMISTRY & MOLECULAR BIOLOGY,Q2
Frontiers in Molecular Biosciences,Biology & Biochemistry,BIOCHEMISTRY & MOLECULAR BIOLOGY,Q2
MOLECULAR ECOLOGY,Biology & Biochemistry,BIOCHEMISTRY & MOLECULAR BIOLOGY,Q2
ACS Chemical Neuroscience,Biology & Biochemistry,BIOCHEMISTRY & MOLECULAR BIOLOGY,Q2
BIOCONJUGATE CHEMISTRY,Biology & Biochemistry,BIOCHEMISTRY & MOLECULAR BIOLOGY,Q2
Biomedicines,Biology & Biochemistry,BIOCHEMISTRY & MOLECULAR BIOLOGY,Q2
JOURNAL OF BIOLOGICAL CHEMISTRY,Biology & Biochemistry,BIOCHEMISTRY & MOLECULAR BIOLOGY,Q2
PROTEOMICS,Biology & Biochemistry,BIOCHEMISTRY & MOLECULAR BIOLOGY,Q2
YALE JOURNAL OF BIOLOGY AND MEDICINE,Biology & Biochemistry,BIOLOGY,Q1
Acta Crystallographica Section D-Structural Biology,Biology & Biochemistry,BIOCHEMISTRY & MOLECULAR BIOLOGY,Q2
Acta Crystallographica Section D-Structural Biology,Biology & Biochemistry,BIOPHYSICS,Q1
PLANT MOLECULAR BIOLOGY,Biology & Biochemistry,BIOCHEMISTRY & MOLECULAR BIOLOGY,Q2
ACS Chemical Biology,Biology & Biochemistry,BIOCHEMISTRY & MOLECULAR BIOLOGY,Q2
NEUROCHEMICAL RESEARCH,Biology & Biochemistry,BIOCHEMISTRY & MOLECULAR BIOLOGY,Q2
INSECT BIOCHEMISTRY AND MOLECULAR BIOLOGY,Biology & Biochemistry,BIOCHEMISTRY & MOLECULAR BIOLOGY,Q2
JOURNAL OF PHOTOCHEMISTRY AND PHOTOBIOLOGY B-BIOLOGY,Biology & Biochemistry,BIOCHEMISTRY & MOLECULAR BIOLOGY,Q2
JOURNAL OF PHOTOCHEMISTRY AND PHOTOBIOLOGY B-BIOLOGY,Biology & Biochemistry,BIOPHYSICS,Q1
Biophysical Reviews,Biology & Biochemistry,BIOPHYSICS,Q1
CYTOKINE,Biology & Biochemistry,BIOCHEMISTRY & MOLECULAR BIOLOGY,Q2
Metabolites,Biology & Biochemistry,BIOCHEMISTRY & MOLECULAR BIOLOGY,Q2
BIOCHIMICA ET BIOPHYSICA ACTA-MOLECULAR CELL RESEARCH,Biology & Biochemistry,BIOCHEMISTRY & MOLECULAR BIOLOGY,Q2
MOLECULAR PHYLOGENETICS AND EVOLUTION,Biology & Biochemistry,BIOCHEMISTRY & MOLECULAR BIOLOGY,Q2
BIOLOGICAL TRACE ELEMENT RESEARCH,Biology & Biochemistry,BIOCHEMISTRY & MOLECULAR BIOLOGY,Q2
BIOMETALS,Biology & Biochemistry,BIOCHEMISTRY & MOLECULAR BIOLOGY,Q2
Plant Signaling & Behavior,Biology & Biochemistry,BIOCHEMISTRY & MOLECULAR BIOLOGY,Q2
RSC Medicinal Chemistry,Biology & Biochemistry,BIOCHEMISTRY & MOLECULAR BIOLOGY,Q2
Open Biology,Biology & Biochemistry,BIOCHEMISTRY & MOLECULAR BIOLOGY,Q2
Proteomes,Biology & Biochemistry,BIOCHEMISTRY & MOLECULAR BIOLOGY,Q2
PROCEEDINGS OF THE ROYAL SOCIETY B-BIOLOGICAL SCIENCES,Biology & Biochemistry,BIOLOGY,Q1
Biology-Basel,Biology & Biochemistry,BIOLOGY,Q1
MOLECULAR PLANT-MICROBE INTERACTIONS,Biology & Biochemistry,BIOCHEMISTRY & MOLECULAR BIOLOGY,Q2
CURRENT MEDICINAL CHEMISTRY,Biology & Biochemistry,BIOCHEMISTRY & MOLECULAR BIOLOGY,Q2
PHYTOCHEMISTRY,Biology & Biochemistry,BIOCHEMISTRY & MOLECULAR BIOLOGY,Q2
ACTA BIOCHIMICA ET BIOPHYSICA SINICA,Biology & Biochemistry,BIOCHEMISTRY & MOLECULAR BIOLOGY,Q2
ACTA BIOCHIMICA ET BIOPHYSICA SINICA,Biology & Biochemistry,BIOPHYSICS,Q1
Geobiology,Biology & Biochemistry,BIOLOGY,Q1
Life-Basel,Biology & Biochemistry,BIOLOGY,Q1
Biophysics Reviews,Biology & Biochemistry,BIOPHYSICS,Q1
RNA Biology,Biology & Biochemistry,BIOCHEMISTRY & MOLECULAR BIOLOGY,Q2
Animal Models and Experimental Medicine,Biology & Biochemistry,BIOCHEMISTRY & MOLECULAR BIOLOGY,Q2
Expert Opinion on Drug Metabolism & Toxicology,Biology & Biochemistry,BIOCHEMISTRY & MOLECULAR BIOLOGY,Q2
PROTEIN ENGINEERING DESIGN & SELECTION,Biology & Biochemistry,BIOCHEMISTRY & MOLECULAR BIOLOGY,Q2
JOURNAL OF TRACE ELEMENTS IN MEDICINE AND BIOLOGY,Biology & Biochemistry,BIOCHEMISTRY & MOLECULAR BIOLOGY,Q2
BIOCHIMICA ET BIOPHYSICA ACTA-MOLECULAR AND CELL BIOLOGY OF LIPIDS,Biology & Biochemistry,BIOCHEMISTRY & MOLECULAR BIOLOGY,Q2
BIOCHIMICA ET BIOPHYSICA ACTA-MOLECULAR AND CELL BIOLOGY OF LIPIDS,Biology & Biochemistry,BIOPHYSICS,Q2
APPLIED BIOCHEMISTRY AND BIOTECHNOLOGY,Biology & Biochemistry,BIOCHEMISTRY & MOLECULAR BIOLOGY,Q2
GLYCOBIOLOGY,Biology & Biochemistry,BIOCHEMISTRY & MOLECULAR BIOLOGY,Q2
Chemical Biology & Drug Design,Biology & Biochemistry,BIOCHEMISTRY & MOLECULAR BIOLOGY,Q2
BMB Reports,Biology & Biochemistry,BIOCHEMISTRY & MOLECULAR BIOLOGY,Q2
Emerging Topics in Life Sciences,Biology & Biochemistry,BIOCHEMISTRY & MOLECULAR BIOLOGY,Q2
Emerging Topics in Life Sciences,Biology & Biochemistry,BIOLOGY,Q1
Cosmetics,Biology & Biochemistry,BIOCHEMISTRY & MOLECULAR BIOLOGY,Q2
JOURNAL OF INORGANIC BIOCHEMISTRY,Biology & Biochemistry,BIOCHEMISTRY & MOLECULAR BIOLOGY,Q2
Epigenetics,Biology & Biochemistry,BIOCHEMISTRY & MOLECULAR BIOLOGY,Q2
HUMAN MOLECULAR GENETICS,Biology & Biochemistry,BIOCHEMISTRY & MOLECULAR BIOLOGY,Q2
MOLECULAR CARCINOGENESIS,Biology & Biochemistry,BIOCHEMISTRY & MOLECULAR BIOLOGY,Q2
Environmental Pollutants and Bioavailability,Biology & Biochemistry,BIOCHEMISTRY & MOLECULAR BIOLOGY,Q2
NAR Cancer,Biology & Biochemistry,BIOCHEMISTRY & MOLECULAR BIOLOGY,Q2
PHOTOCHEMICAL & PHOTOBIOLOGICAL SCIENCES,Biology & Biochemistry,BIOCHEMISTRY & MOLECULAR BIOLOGY,Q2
PHOTOCHEMICAL & PHOTOBIOLOGICAL SCIENCES,Biology & Biochemistry,BIOPHYSICS,Q2
BIOPOLYMERS,Biology & Biochemistry,BIOCHEMISTRY & MOLECULAR BIOLOGY,Q2
BIOPOLYMERS,Biology & Biochemistry,BIOPHYSICS,Q2
NITRIC OXIDE-BIOLOGY AND CHEMISTRY,Biology & Biochemistry,BIOCHEMISTRY & MOLECULAR BIOLOGY,Q2
PROSTAGLANDINS LEUKOTRIENES AND ESSENTIAL FATTY ACIDS,Biology & Biochemistry,BIOCHEMISTRY & MOLECULAR BIOLOGY,Q2
IUBMB LIFE,Biology & Biochemistry,BIOCHEMISTRY & MOLECULAR BIOLOGY,Q2
Channels,Biology & Biochemistry,BIOCHEMISTRY & MOLECULAR BIOLOGY,Q2
QUARTERLY REVIEW OF BIOLOGY,Biology & Biochemistry,BIOLOGY,Q1
BIOPHYSICAL JOURNAL,Biology & Biochemistry,BIOPHYSICS,Q2
COMPUTATIONAL BIOLOGY AND CHEMISTRY,Biology & Biochemistry,BIOLOGY,Q1
JOURNAL OF COMPUTER-AIDED MOLECULAR DESIGN,Biology & Biochemistry,BIOCHEMISTRY & MOLECULAR BIOLOGY,Q3
JOURNAL OF COMPUTER-AIDED MOLECULAR DESIGN,Biology & Biochemistry,BIOPHYSICS,Q2
Biochimica et Biophysica Acta-Gene Regulatory Mechanisms,Biology & Biochemistry,BIOCHEMISTRY & MOLECULAR BIOLOGY,Q3
Biochimica et Biophysica Acta-Gene Regulatory Mechanisms,Biology & Biochemistry,BIOPHYSICS,Q2
Scientifica,Biology & Biochemistry,BIOLOGY,Q1
Journal of Applied Biomaterials & Functional Materials,Biology & Biochemistry,BIOPHYSICS,Q2
RSC Chemical Biology,Biology & Biochemistry,BIOCHEMISTRY & MOLECULAR BIOLOGY,Q3
GLYCOCONJUGATE JOURNAL,Biology & Biochemistry,BIOCHEMISTRY & MOLECULAR BIOLOGY,Q3
Frontiers in Bioscience-Landmark,Biology & Biochemistry,BIOCHEMISTRY & MOLECULAR BIOLOGY,Q3
JOURNAL OF MOLECULAR GRAPHICS & MODELLING,Biology & Biochemistry,BIOCHEMISTRY & MOLECULAR BIOLOGY,Q3
Biology Letters,Biology & Biochemistry,BIOLOGY,Q2
ARCHIVES OF BIOCHEMISTRY AND BIOPHYSICS,Biology & Biochemistry,BIOCHEMISTRY & MOLECULAR BIOLOGY,Q3
ARCHIVES OF BIOCHEMISTRY AND BIOPHYSICS,Biology & Biochemistry,BIOPHYSICS,Q2
BIOORGANIC & MEDICINAL CHEMISTRY,Biology & Biochemistry,BIOCHEMISTRY & MOLECULAR BIOLOGY,Q3
JOURNAL OF MOLECULAR RECOGNITION,Biology & Biochemistry,BIOCHEMISTRY & MOLECULAR BIOLOGY,Q3
JOURNAL OF MOLECULAR RECOGNITION,Biology & Biochemistry,BIOPHYSICS,Q2
BIOCHIMIE,Biology & Biochemistry,BIOCHEMISTRY & MOLECULAR BIOLOGY,Q3
BBA Advances,Biology & Biochemistry,BIOCHEMISTRY & MOLECULAR BIOLOGY,Q3
BBA Advances,Biology & Biochemistry,BIOPHYSICS,Q2
MOLECULAR IMMUNOLOGY,Biology & Biochemistry,BIOCHEMISTRY & MOLECULAR BIOLOGY,Q3
Non-Coding RNA,Biology & Biochemistry,BIOCHEMISTRY & MOLECULAR BIOLOGY,Q3
JOURNAL OF BIOENERGETICS AND BIOMEMBRANES,Biology & Biochemistry,BIOPHYSICS,Q2
BIOCHEMISTRY,Biology & Biochemistry,BIOCHEMISTRY & MOLECULAR BIOLOGY,Q3
MOLECULAR AND CELLULAR PROBES,Biology & Biochemistry,BIOCHEMISTRY & MOLECULAR BIOLOGY,Q3
FEBS LETTERS,Biology & Biochemistry,BIOCHEMISTRY & MOLECULAR BIOLOGY,Q3
FEBS LETTERS,Biology & Biochemistry,BIOPHYSICS,Q2
CURRENT ISSUES IN MOLECULAR BIOLOGY,Biology & Biochemistry,BIOCHEMISTRY & MOLECULAR BIOLOGY,Q3
MOLECULAR REPRODUCTION AND DEVELOPMENT,Biology & Biochemistry,BIOCHEMISTRY & MOLECULAR BIOLOGY,Q3
JOURNAL OF THERMAL BIOLOGY,Biology & Biochemistry,BIOLOGY,Q2
Life Science Alliance,Biology & Biochemistry,BIOLOGY,Q2
PEPTIDES,Biology & Biochemistry,BIOCHEMISTRY & MOLECULAR BIOLOGY,Q3
FREE RADICAL RESEARCH,Biology & Biochemistry,BIOCHEMISTRY & MOLECULAR BIOLOGY,Q3
Metallomics,Biology & Biochemistry,BIOCHEMISTRY & MOLECULAR BIOLOGY,Q3
JOURNAL OF MEMBRANE BIOLOGY,Biology & Biochemistry,BIOCHEMISTRY & MOLECULAR BIOLOGY,Q3
Current Molecular Pharmacology,Biology & Biochemistry,BIOCHEMISTRY & MOLECULAR BIOLOGY,Q3
BIOMETRIKA,Biology & Biochemistry,BIOLOGY,Q2
CHEMISTRY AND PHYSICS OF LIPIDS,Biology & Biochemistry,BIOCHEMISTRY & MOLECULAR BIOLOGY,Q3
CHEMISTRY AND PHYSICS OF LIPIDS,Biology & Biochemistry,BIOPHYSICS,Q2
PROTEINS-STRUCTURE FUNCTION AND BIOINFORMATICS,Biology & Biochemistry,BIOCHEMISTRY & MOLECULAR BIOLOGY,Q3
PROTEINS-STRUCTURE FUNCTION AND BIOINFORMATICS,Biology & Biochemistry,BIOPHYSICS,Q2
JOURNAL OF BIOCHEMICAL AND MOLECULAR TOXICOLOGY,Biology & Biochemistry,BIOCHEMISTRY & MOLECULAR BIOLOGY,Q3
Life Sciences in Space Research,Biology & Biochemistry,BIOLOGY,Q2
Innate Immunity,Biology & Biochemistry,BIOCHEMISTRY & MOLECULAR BIOLOGY,Q3
INTERNATIONAL JOURNAL OF BIOCHEMISTRY & CELL BIOLOGY,Biology & Biochemistry,BIOCHEMISTRY & MOLECULAR BIOLOGY,Q3
CHEMBIOCHEM,Biology & Biochemistry,BIOCHEMISTRY & MOLECULAR BIOLOGY,Q3
CHROMOSOME RESEARCH,Biology & Biochemistry,BIOCHEMISTRY & MOLECULAR BIOLOGY,Q3
JOURNAL OF CELLULAR BIOCHEMISTRY,Biology & Biochemistry,BIOCHEMISTRY & MOLECULAR BIOLOGY,Q3
MOLECULAR BIOLOGY REPORTS,Biology & Biochemistry,BIOCHEMISTRY & MOLECULAR BIOLOGY,Q3
Organogenesis,Biology & Biochemistry,BIOCHEMISTRY & MOLECULAR BIOLOGY,Q3
NMR IN BIOMEDICINE,Biology & Biochemistry,BIOPHYSICS,Q2
BIOCHIMICA ET BIOPHYSICA ACTA-BIOENERGETICS,Biology & Biochemistry,BIOCHEMISTRY & MOLECULAR BIOLOGY,Q3
BIOCHIMICA ET BIOPHYSICA ACTA-BIOENERGETICS,Biology & Biochemistry,BIOPHYSICS,Q2
PHYSIOLOGICAL MEASUREMENT,Biology & Biochemistry,BIOPHYSICS,Q2
RADIATION RESEARCH,Biology & Biochemistry,BIOLOGY,Q2
RADIATION RESEARCH,Biology & Biochemistry,BIOPHYSICS,Q2
Biomechanics and Modeling in Mechanobiology,Biology & Biochemistry,BIOPHYSICS,Q2
JOURNAL OF BIOLOGICAL INORGANIC CHEMISTRY,Biology & Biochemistry,BIOCHEMISTRY & MOLECULAR BIOLOGY,Q3
JOURNAL OF MOLECULAR NEUROSCIENCE,Biology & Biochemistry,BIOCHEMISTRY & MOLECULAR BIOLOGY,Q3
JOURNAL OF STRUCTURAL BIOLOGY,Biology & Biochemistry,BIOCHEMISTRY & MOLECULAR BIOLOGY,Q3
JOURNAL OF STRUCTURAL BIOLOGY,Biology & Biochemistry,BIOPHYSICS,Q2
MAMMALIAN GENOME,Biology & Biochemistry,BIOCHEMISTRY & MOLECULAR BIOLOGY,Q3
Biophysical Reports,Biology & Biochemistry,BIOPHYSICS,Q2
BIOESSAYS,Biology & Biochemistry,BIOCHEMISTRY & MOLECULAR BIOLOGY,Q3
BIOESSAYS,Biology & Biochemistry,BIOLOGY,Q2
BIOTECHNOLOGY AND APPLIED BIOCHEMISTRY,Biology & Biochemistry,BIOCHEMISTRY & MOLECULAR BIOLOGY,Q3
MOLECULAR AND CELLULAR BIOLOGY,Biology & Biochemistry,BIOCHEMISTRY & MOLECULAR BIOLOGY,Q3
CELL BIOCHEMISTRY AND FUNCTION,Biology & Biochemistry,BIOCHEMISTRY & MOLECULAR BIOLOGY,Q3
Advances in Redox Research,Biology & Biochemistry,BIOCHEMISTRY & MOLECULAR BIOLOGY,Q3
ADDICTION BIOLOGY,Biology & Biochemistry,BIOCHEMISTRY & MOLECULAR BIOLOGY,Q3
ASTROBIOLOGY,Biology & Biochemistry,BIOLOGY,Q2
INTERNATIONAL JOURNAL OF BIOMETEOROLOGY,Biology & Biochemistry,BIOPHYSICS,Q3
MOLECULAR MICROBIOLOGY,Biology & Biochemistry,BIOCHEMISTRY & MOLECULAR BIOLOGY,Q3
EXTREMOPHILES,Biology & Biochemistry,BIOCHEMISTRY & MOLECULAR BIOLOGY,Q3
YEAST,Biology & Biochemistry,BIOCHEMISTRY & MOLECULAR BIOLOGY,Q3
Biomolecular Concepts,Biology & Biochemistry,BIOCHEMISTRY & MOLECULAR BIOLOGY,Q3
DNA AND CELL BIOLOGY,Biology & Biochemistry,BIOCHEMISTRY & MOLECULAR BIOLOGY,Q3
CURRENT PHARMACEUTICAL BIOTECHNOLOGY,Biology & Biochemistry,BIOCHEMISTRY & MOLECULAR BIOLOGY,Q3
FISH PHYSIOLOGY AND BIOCHEMISTRY,Biology & Biochemistry,BIOCHEMISTRY & MOLECULAR BIOLOGY,Q3
BIOCHIMICA ET BIOPHYSICA ACTA-BIOMEMBRANES,Biology & Biochemistry,BIOCHEMISTRY & MOLECULAR BIOLOGY,Q3
BIOCHIMICA ET BIOPHYSICA ACTA-BIOMEMBRANES,Biology & Biochemistry,BIOPHYSICS,Q3
JOURNAL OF STEROID BIOCHEMISTRY AND MOLECULAR BIOLOGY,Biology & Biochemistry,BIOCHEMISTRY & MOLECULAR BIOLOGY,Q3
ANALYTICAL BIOCHEMISTRY,Biology & Biochemistry,BIOCHEMISTRY & MOLECULAR BIOLOGY,Q3
Current Research in Structural Biology,Biology & Biochemistry,BIOCHEMISTRY & MOLECULAR BIOLOGY,Q3
Current Research in Structural Biology,Biology & Biochemistry,BIOPHYSICS,Q3
PHOTOCHEMISTRY AND PHOTOBIOLOGY,Biology & Biochemistry,BIOCHEMISTRY & MOLECULAR BIOLOGY,Q3
PHOTOCHEMISTRY AND PHOTOBIOLOGY,Biology & Biochemistry,BIOPHYSICS,Q3
JOURNAL OF MOLECULAR MODELING,Biology & Biochemistry,BIOCHEMISTRY & MOLECULAR BIOLOGY,Q3
JOURNAL OF MOLECULAR MODELING,Biology & Biochemistry,BIOPHYSICS,Q3
Synthetic Biology,Biology & Biochemistry,BIOLOGY,Q2
Carbohydrate Research,Biology & Biochemistry,BIOCHEMISTRY & MOLECULAR BIOLOGY,Q3
MOLECULAR BIOTECHNOLOGY,Biology & Biochemistry,BIOCHEMISTRY & MOLECULAR BIOLOGY,Q3
PROSTAGLANDINS & OTHER LIPID MEDIATORS,Biology & Biochemistry,BIOCHEMISTRY & MOLECULAR BIOLOGY,Q3
BIOTECHNIQUES,Biology & Biochemistry,BIOCHEMISTRY & MOLECULAR BIOLOGY,Q3
CHEMISTRY & BIODIVERSITY,Biology & Biochemistry,BIOCHEMISTRY & MOLECULAR BIOLOGY,Q3
CELL BIOCHEMISTRY AND BIOPHYSICS,Biology & Biochemistry,BIOCHEMISTRY & MOLECULAR BIOLOGY,Q3
CELL BIOCHEMISTRY AND BIOPHYSICS,Biology & Biochemistry,BIOPHYSICS,Q3
INTERNATIONAL JOURNAL OF RADIATION BIOLOGY,Biology & Biochemistry,BIOLOGY,Q2
European Biophysics Journal,Biology & Biochemistry,BIOPHYSICS,Q3
JOURNAL OF BIOMOLECULAR STRUCTURE & DYNAMICS,Biology & Biochemistry,BIOCHEMISTRY & MOLECULAR BIOLOGY,Q3
JOURNAL OF BIOMOLECULAR STRUCTURE & DYNAMICS,Biology & Biochemistry,BIOPHYSICS,Q3
Advances in Biological Regulation,Biology & Biochemistry,BIOCHEMISTRY & MOLECULAR BIOLOGY,Q3
Comparative Biochemistry and Physiology D-Genomics & Proteomics,Biology & Biochemistry,BIOCHEMISTRY & MOLECULAR BIOLOGY,Q3
JOURNAL OF BIOMECHANICS,Biology & Biochemistry,BIOPHYSICS,Q3
AMINO ACIDS,Biology & Biochemistry,BIOCHEMISTRY & MOLECULAR BIOLOGY,Q3
Biomicrofluidics,Biology & Biochemistry,BIOPHYSICS,Q3
Molecular Omics,Biology & Biochemistry,BIOCHEMISTRY & MOLECULAR BIOLOGY,Q3
International Journal of Peptide Research and Therapeutics,Biology & Biochemistry,BIOCHEMISTRY & MOLECULAR BIOLOGY,Q3
BIOLOGICAL CHEMISTRY,Biology & Biochemistry,BIOCHEMISTRY & MOLECULAR BIOLOGY,Q3
INSECT MOLECULAR BIOLOGY,Biology & Biochemistry,BIOCHEMISTRY & MOLECULAR BIOLOGY,Q3
JOURNAL OF MATHEMATICAL BIOLOGY,Biology & Biochemistry,BIOLOGY,Q2
Journal of Biophotonics,Biology & Biochemistry,BIOPHYSICS,Q3
BIOCHIMICA ET BIOPHYSICA ACTA-PROTEINS AND PROTEOMICS,Biology & Biochemistry,BIOCHEMISTRY & MOLECULAR BIOLOGY,Q3
BIOCHIMICA ET BIOPHYSICA ACTA-PROTEINS AND PROTEOMICS,Biology & Biochemistry,BIOPHYSICS,Q3
CHROMOSOMA,Biology & Biochemistry,BIOCHEMISTRY & MOLECULAR BIOLOGY,Q3
STEROIDS,Biology & Biochemistry,BIOCHEMISTRY & MOLECULAR BIOLOGY,Q3
FEBS Open Bio,Biology & Biochemistry,BIOCHEMISTRY & MOLECULAR BIOLOGY,Q3
RADIATION AND ENVIRONMENTAL BIOPHYSICS,Biology & Biochemistry,BIOLOGY,Q2
RADIATION AND ENVIRONMENTAL BIOPHYSICS,Biology & Biochemistry,BIOPHYSICS,Q3
Biochemistry and Cell Biology,Biology & Biochemistry,BIOCHEMISTRY & MOLECULAR BIOLOGY,Q3
JOURNAL OF RECEPTORS AND SIGNAL TRANSDUCTION,Biology & Biochemistry,BIOCHEMISTRY & MOLECULAR BIOLOGY,Q3
COMPARATIVE BIOCHEMISTRY AND PHYSIOLOGY A-MOLECULAR & INTEGRATIVE PHYSIOLOGY,Biology & Biochemistry,BIOCHEMISTRY & MOLECULAR BIOLOGY,Q4
Current Opinion in Systems Biology,Biology & Biochemistry,BIOCHEMISTRY & MOLECULAR BIOLOGY,Q4
JOURNAL OF BIOLOGICAL PHYSICS,Biology & Biochemistry,BIOPHYSICS,Q3
BULLETIN OF MATHEMATICAL BIOLOGY,Biology & Biochemistry,BIOLOGY,Q2
BIOCHEMICAL AND BIOPHYSICAL RESEARCH COMMUNICATIONS,Biology & Biochemistry,BIOCHEMISTRY & MOLECULAR BIOLOGY,Q4
BIOCHEMICAL AND BIOPHYSICAL RESEARCH COMMUNICATIONS,Biology & Biochemistry,BIOPHYSICS,Q3
BIOCHIMICA ET BIOPHYSICA ACTA-GENERAL SUBJECTS,Biology & Biochemistry,BIOCHEMISTRY & MOLECULAR BIOLOGY,Q4
BIOCHIMICA ET BIOPHYSICA ACTA-GENERAL SUBJECTS,Biology & Biochemistry,BIOPHYSICS,Q3
BIOPHYSICAL CHEMISTRY,Biology & Biochemistry,BIOCHEMISTRY & MOLECULAR BIOLOGY,Q4
BIOPHYSICAL CHEMISTRY,Biology & Biochemistry,BIOPHYSICS,Q3
Biochemistry and Biophysics Reports,Biology & Biochemistry,BIOCHEMISTRY & MOLECULAR BIOLOGY,Q4
FLY,Biology & Biochemistry,BIOCHEMISTRY & MOLECULAR BIOLOGY,Q4
FOLIA HISTOCHEMICA ET CYTOBIOLOGICA,Biology & Biochemistry,BIOCHEMISTRY & MOLECULAR BIOLOGY,Q4
JOURNAL OF CARBOHYDRATE CHEMISTRY,Biology & Biochemistry,BIOCHEMISTRY & MOLECULAR BIOLOGY,Q4
BIOCHEMISTRY-MOSCOW,Biology & Biochemistry,BIOCHEMISTRY & MOLECULAR BIOLOGY,Q4
MICROSCOPY RESEARCH AND TECHNIQUE,Biology & Biochemistry,BIOLOGY,Q2
JOURNAL OF BIOLOGICAL RHYTHMS,Biology & Biochemistry,BIOLOGY,Q2
CRYOBIOLOGY,Biology & Biochemistry,BIOLOGY,Q2
JOURNAL OF CHEMICAL NEUROANATOMY,Biology & Biochemistry,BIOCHEMISTRY & MOLECULAR BIOLOGY,Q4
MOLECULAR GENETICS AND GENOMICS,Biology & Biochemistry,BIOCHEMISTRY & MOLECULAR BIOLOGY,Q4
AEROBIOLOGIA,Biology & Biochemistry,BIOLOGY,Q2
ZEITSCHRIFT FUR NATURFORSCHUNG SECTION C-A JOURNAL OF BIOSCIENCES,Biology & Biochemistry,BIOCHEMISTRY & MOLECULAR BIOLOGY,Q4
Redox Experimental Medicine,Biology & Biochemistry,BIOCHEMISTRY & MOLECULAR BIOLOGY,Q4
JOURNAL OF THEORETICAL BIOLOGY,Biology & Biochemistry,BIOLOGY,Q2
TRANSGENIC RESEARCH,Biology & Biochemistry,BIOCHEMISTRY & MOLECULAR BIOLOGY,Q4
JOURNAL OF RADIATION RESEARCH,Biology & Biochemistry,BIOLOGY,Q2
BIOCHEMICAL SYSTEMATICS AND ECOLOGY,Biology & Biochemistry,BIOCHEMISTRY & MOLECULAR BIOLOGY,Q4
FASEB BioAdvances,Biology & Biochemistry,BIOCHEMISTRY & MOLECULAR BIOLOGY,Q4
CURRENT PROTEIN & PEPTIDE SCIENCE,Biology & Biochemistry,BIOCHEMISTRY & MOLECULAR BIOLOGY,Q4
Integrative Organismal Biology,Biology & Biochemistry,BIOLOGY,Q2
JOURNAL OF BIOMOLECULAR NMR,Biology & Biochemistry,BIOCHEMISTRY & MOLECULAR BIOLOGY,Q4
ARCHIVES OF INSECT BIOCHEMISTRY AND PHYSIOLOGY,Biology & Biochemistry,BIOCHEMISTRY & MOLECULAR BIOLOGY,Q4
BIOSYSTEMS,Biology & Biochemistry,BIOLOGY,Q2
BIOLOGICAL BULLETIN,Biology & Biochemistry,BIOLOGY,Q2
International Journal of Genomics,Biology & Biochemistry,BIOCHEMISTRY & MOLECULAR BIOLOGY,Q4
PREPARATIVE BIOCHEMISTRY & BIOTECHNOLOGY,Biology & Biochemistry,BIOCHEMISTRY & MOLECULAR BIOLOGY,Q4
JOURNAL OF BIOSCIENCES,Biology & Biochemistry,BIOLOGY,Q2
Biointerphases,Biology & Biochemistry,BIOPHYSICS,Q3
BIOCATALYSIS AND BIOTRANSFORMATION,Biology & Biochemistry,BIOCHEMISTRY & MOLECULAR BIOLOGY,Q4
COMPARATIVE BIOCHEMISTRY AND PHYSIOLOGY B-BIOCHEMISTRY & MOLECULAR BIOLOGY,Biology & Biochemistry,BIOCHEMISTRY & MOLECULAR BIOLOGY,Q4
MATHEMATICAL BIOSCIENCES,Biology & Biochemistry,BIOLOGY,Q2
JOURNAL OF CHEMICAL ECOLOGY,Biology & Biochemistry,BIOCHEMISTRY & MOLECULAR BIOLOGY,Q4
JOURNAL OF MOLECULAR EVOLUTION,Biology & Biochemistry,BIOCHEMISTRY & MOLECULAR BIOLOGY,Q4
JOURNAL OF PEPTIDE SCIENCE,Biology & Biochemistry,BIOCHEMISTRY & MOLECULAR BIOLOGY,Q4
JOURNAL OF INTERFERON AND CYTOKINE RESEARCH,Biology & Biochemistry,BIOCHEMISTRY & MOLECULAR BIOLOGY,Q4
Journal of Nucleic Acids,Biology & Biochemistry,BIOCHEMISTRY & MOLECULAR BIOLOGY,Q4
CURRENT DRUG METABOLISM,Biology & Biochemistry,BIOCHEMISTRY & MOLECULAR BIOLOGY,Q4
AMERICAN JOURNAL OF HUMAN BIOLOGY,Biology & Biochemistry,BIOLOGY,Q2
CHRONOBIOLOGY INTERNATIONAL,Biology & Biochemistry,BIOLOGY,Q2
BIOMETRICS,Biology & Biochemistry,BIOLOGY,Q2
Biology Open,Biology & Biochemistry,BIOLOGY,Q2
JOURNAL OF BIOMECHANICAL ENGINEERING-TRANSACTIONS OF THE ASME,Biology & Biochemistry,BIOPHYSICS,Q3
BIOMEDICAL CHROMATOGRAPHY,Biology & Biochemistry,BIOCHEMISTRY & MOLECULAR BIOLOGY,Q4
Open Life Sciences,Biology & Biochemistry,BIOLOGY,Q2
Genes & Genomics,Biology & Biochemistry,BIOCHEMISTRY & MOLECULAR BIOLOGY,Q4
ACTA BIOCHIMICA POLONICA,Biology & Biochemistry,BIOCHEMISTRY & MOLECULAR BIOLOGY,Q4
Journal of Biochemistry,Biology & Biochemistry,BIOCHEMISTRY & MOLECULAR BIOLOGY,Q4
Peptide Science,Biology & Biochemistry,BIOCHEMISTRY & MOLECULAR BIOLOGY,Q4
Peptide Science,Biology & Biochemistry,BIOPHYSICS,Q3
RUSSIAN JOURNAL OF BIOORGANIC CHEMISTRY,Biology & Biochemistry,BIOCHEMISTRY & MOLECULAR BIOLOGY,Q4
MicroRNA,Biology & Biochemistry,BIOCHEMISTRY & MOLECULAR BIOLOGY,Q4
BIOLOGIA,Biology & Biochemistry,BIOLOGY,Q3
BIOCHEMICAL GENETICS,Biology & Biochemistry,BIOCHEMISTRY & MOLECULAR BIOLOGY,Q4
PHYSICAL BIOLOGY,Biology & Biochemistry,BIOCHEMISTRY & MOLECULAR BIOLOGY,Q4
PHYSICAL BIOLOGY,Biology & Biochemistry,BIOPHYSICS,Q4
Biophysics and Physicobiology,Biology & Biochemistry,BIOPHYSICS,Q4
LIPIDS,Biology & Biochemistry,BIOCHEMISTRY & MOLECULAR BIOLOGY,Q4
Prion,Biology & Biochemistry,BIOCHEMISTRY & MOLECULAR BIOLOGY,Q4
Indian Journal of Clinical Biochemistry,Biology & Biochemistry,BIOCHEMISTRY & MOLECULAR BIOLOGY,Q4
ELECTROMAGNETIC BIOLOGY AND MEDICINE,Biology & Biochemistry,BIOLOGY,Q3
ELECTROMAGNETIC BIOLOGY AND MEDICINE,Biology & Biochemistry,BIOPHYSICS,Q4
Multisensory Research,Biology & Biochemistry,BIOPHYSICS,Q4
BRAZILIAN JOURNAL OF MEDICAL AND BIOLOGICAL RESEARCH,Biology & Biochemistry,BIOLOGY,Q3
JOURNAL OF BIOLOGICAL SYSTEMS,Biology & Biochemistry,BIOLOGY,Q3
Biologia Futura,Biology & Biochemistry,BIOLOGY,Q3
MOLECULAR AND BIOCHEMICAL PARASITOLOGY,Biology & Biochemistry,BIOCHEMISTRY & MOLECULAR BIOLOGY,Q4
Journal of Medical Biochemistry,Biology & Biochemistry,BIOCHEMISTRY & MOLECULAR BIOLOGY,Q4
JOURNAL OF PLANT BIOCHEMISTRY AND BIOTECHNOLOGY,Biology & Biochemistry,BIOCHEMISTRY & MOLECULAR BIOLOGY,Q4
MATHEMATICAL MEDICINE AND BIOLOGY-A JOURNAL OF THE IMA,Biology & Biochemistry,BIOLOGY,Q3
MOLECULAR VISION,Biology & Biochemistry,BIOCHEMISTRY & MOLECULAR BIOLOGY,Q4
HIGH ALTITUDE MEDICINE & BIOLOGY,Biology & Biochemistry,BIOPHYSICS,Q4
JOURNAL OF BIOLOGICAL EDUCATION,Biology & Biochemistry,BIOLOGY,Q3
BIOMECHANICS,Biology & Biochemistry,BIOPHYSICS,Q4
THEORY IN BIOSCIENCES,Biology & Biochemistry,BIOLOGY,Q3
Biophysica,Biology & Biochemistry,BIOPHYSICS,Q4
PROTEIN JOURNAL,Biology & Biochemistry,BIOCHEMISTRY & MOLECULAR BIOLOGY,Q4
CURRENT GENOMICS,Biology & Biochemistry,BIOCHEMISTRY & MOLECULAR BIOLOGY,Q4
Journal of Applied Glycoscience,Biology & Biochemistry,BIOCHEMISTRY & MOLECULAR BIOLOGY,Q4
JOURNAL OF ETHNOBIOLOGY,Biology & Biochemistry,BIOLOGY,Q3
ANNALS OF HUMAN BIOLOGY,Biology & Biochemistry,BIOLOGY,Q3
GENERAL PHYSIOLOGY AND BIOPHYSICS,Biology & Biochemistry,BIOCHEMISTRY & MOLECULAR BIOLOGY,Q4
GENERAL PHYSIOLOGY AND BIOPHYSICS,Biology & Biochemistry,BIOPHYSICS,Q4
CHEMOECOLOGY,Biology & Biochemistry,BIOCHEMISTRY & MOLECULAR BIOLOGY,Q4
GENETICS AND MOLECULAR BIOLOGY,Biology & Biochemistry,BIOCHEMISTRY & MOLECULAR BIOLOGY,Q4
BIOSCIENCE BIOTECHNOLOGY AND BIOCHEMISTRY,Biology & Biochemistry,BIOCHEMISTRY & MOLECULAR BIOLOGY,Q4
NUCLEOSIDES NUCLEOTIDES & NUCLEIC ACIDS,Biology & Biochemistry,BIOCHEMISTRY & MOLECULAR BIOLOGY,Q4
Hormone Molecular Biology and Clinical Investigation,Biology & Biochemistry,BIOCHEMISTRY & MOLECULAR BIOLOGY,Q4
ORIGINS OF LIFE AND EVOLUTION OF BIOSPHERES,Biology & Biochemistry,BIOLOGY,Q3
BIOELECTROMAGNETICS,Biology & Biochemistry,BIOLOGY,Q3
BIOELECTROMAGNETICS,Biology & Biochemistry,BIOPHYSICS,Q4
PROTEIN EXPRESSION AND PURIFICATION,Biology & Biochemistry,BIOCHEMISTRY & MOLECULAR BIOLOGY,Q4
EUROPEAN CYTOKINE NETWORK,Biology & Biochemistry,BIOCHEMISTRY & MOLECULAR BIOLOGY,Q4
GENES & GENETIC SYSTEMS,Biology & Biochemistry,BIOCHEMISTRY & MOLECULAR BIOLOGY,Q4
Reports of Biochemistry and Molecular Biology,Biology & Biochemistry,BIOCHEMISTRY & MOLECULAR BIOLOGY,Q4
Theoretical Biology Forum,Biology & Biochemistry,BIOLOGY,Q3
MOLECULAR BIOLOGY,Biology & Biochemistry,BIOCHEMISTRY & MOLECULAR BIOLOGY,Q4
JOURNAL OF AGRICULTURAL BIOLOGICAL AND ENVIRONMENTAL STATISTICS,Biology & Biochemistry,BIOLOGY,Q3
Acta Crystallographica Section F-Structural Biology Communications,Biology & Biochemistry,BIOCHEMISTRY & MOLECULAR BIOLOGY,Q4
Acta Crystallographica Section F-Structural Biology Communications,Biology & Biochemistry,BIOPHYSICS,Q4
Journal of Basic and Applied Zoology,Biology & Biochemistry,BIOLOGY,Q3
Bio-protocol,Biology & Biochemistry,BIOLOGY,Q3
BRAZILIAN ARCHIVES OF BIOLOGY AND TECHNOLOGY,Biology & Biochemistry,BIOLOGY,Q3
Bioelectricity,Biology & Biochemistry,BIOCHEMISTRY & MOLECULAR BIOLOGY,Q4
PROTEIN AND PEPTIDE LETTERS,Biology & Biochemistry,BIOCHEMISTRY & MOLECULAR BIOLOGY,Q4
AIMS Molecular Science,Biology & Biochemistry,BIOCHEMISTRY & MOLECULAR BIOLOGY,Q4
BIOCELL,Biology & Biochemistry,BIOLOGY,Q3
AIMS Biophysics,Biology & Biochemistry,BIOPHYSICS,Q4
International Journal of Astrobiology,Biology & Biochemistry,BIOLOGY,Q3
MAGNESIUM RESEARCH,Biology & Biochemistry,BIOCHEMISTRY & MOLECULAR BIOLOGY,Q4
Molecular Biology Research Communications,Biology & Biochemistry,BIOCHEMISTRY & MOLECULAR BIOLOGY,Q4
HEMOGLOBIN,Biology & Biochemistry,BIOCHEMISTRY & MOLECULAR BIOLOGY,Q4
TRACE ELEMENTS AND ELECTROLYTES,Biology & Biochemistry,BIOCHEMISTRY & MOLECULAR BIOLOGY,Q4
BIOCHEMISTRY AND MOLECULAR BIOLOGY EDUCATION,Biology & Biochemistry,BIOCHEMISTRY & MOLECULAR BIOLOGY,Q4
CRYOLETTERS,Biology & Biochemistry,BIOLOGY,Q3
TURKISH JOURNAL OF BIOLOGY,Biology & Biochemistry,BIOLOGY,Q3
BIOLOGICAL RHYTHM RESEARCH,Biology & Biochemistry,BIOLOGY,Q3
Tropical Life Sciences Research,Biology & Biochemistry,BIOLOGY,Q3
Aerospace Medicine and Human Performance,Biology & Biochemistry,BIOPHYSICS,Q4
PTERIDINES,Biology & Biochemistry,BIOCHEMISTRY & MOLECULAR BIOLOGY,Q4
PTERIDINES,Biology & Biochemistry,BIOPHYSICS,Q4
BIORHEOLOGY,Biology & Biochemistry,BIOPHYSICS,Q4
Advancements in Life Sciences,Biology & Biochemistry,BIOLOGY,Q3
Acta of Bioengineering and Biomechanics,Biology & Biochemistry,BIOPHYSICS,Q4
FOLIA BIOLOGICA-KRAKOW,Biology & Biochemistry,BIOLOGY,Q3
Archives of Biological Sciences,Biology & Biochemistry,BIOLOGY,Q3
Chem-Bio Informatics Journal,Biology & Biochemistry,BIOCHEMISTRY & MOLECULAR BIOLOGY,Q4
Doklady Biochemistry and Biophysics,Biology & Biochemistry,BIOCHEMISTRY & MOLECULAR BIOLOGY,Q4
Doklady Biochemistry and Biophysics,Biology & Biochemistry,BIOPHYSICS,Q4
Nusantara Bioscience,Biology & Biochemistry,BIOLOGY,Q4
Turkish Journal of Biochemistry-Turk Biyokimya Dergisi,Biology & Biochemistry,BIOCHEMISTRY & MOLECULAR BIOLOGY,Q4
International Journal of Biology and Chemistry,Biology & Biochemistry,BIOLOGY,Q4
Journal of Biological Research-Thessaloniki,Biology & Biochemistry,BIOLOGY,Q4
JOURNAL OF THE HISTORY OF BIOLOGY,Biology & Biochemistry,BIOLOGY,Q4
Biomolecular NMR Assignments,Biology & Biochemistry,BIOPHYSICS,Q4
REVISTA DE BIOLOGIA TROPICAL,Biology & Biochemistry,BIOLOGY,Q4
Journal of Mechanics in Medicine and Biology,Biology & Biochemistry,BIOPHYSICS,Q4
COMPTES RENDUS BIOLOGIES,Biology & Biochemistry,BIOLOGY,Q4
FOLIA BIOLOGICA,Biology & Biochemistry,BIOLOGY,Q4
Bioscience Journal,Biology & Biochemistry,BIOLOGY,Q4
INDIAN JOURNAL OF EXPERIMENTAL BIOLOGY,Biology & Biochemistry,BIOLOGY,Q4
Current Proteomics,Biology & Biochemistry,BIOCHEMISTRY & MOLECULAR BIOLOGY,Q4
JOURNAL OF EVOLUTIONARY BIOCHEMISTRY AND PHYSIOLOGY,Biology & Biochemistry,BIOCHEMISTRY & MOLECULAR BIOLOGY,Q4
BIOLOGY BULLETIN,Biology & Biochemistry,BIOLOGY,Q4
Regulatory Mechanisms in Biosystems,Biology & Biochemistry,BIOLOGY,Q4
Journal of Biological Research-Bollettino della Societa Italiana di Biologia Sperimentale,Biology & Biochemistry,BIOLOGY,Q4
NACC-Nova Acta Cientifica Compostelana Bioloxia,Biology & Biochemistry,BIOLOGY,Q4
Statistical Applications in Genetics and Molecular Biology,Biology & Biochemistry,BIOCHEMISTRY & MOLECULAR BIOLOGY,Q4
Biochemistry Moscow-Supplement Series B-Biomedical Chemistry,Biology & Biochemistry,BIOCHEMISTRY & MOLECULAR BIOLOGY,Q4
AMERICAN BIOLOGY TEACHER,Biology & Biochemistry,BIOLOGY,Q4
PERIODICUM BIOLOGORUM,Biology & Biochemistry,BIOLOGY,Q4
REVISTA PERUANA DE BIOLOGIA,Biology & Biochemistry,BIOLOGY,Q4
Advances in Human Biology,Biology & Biochemistry,BIOLOGY,Q4
Vestnik Tomskogo Gosudarstvennogo Universiteta-Biologiya,Biology & Biochemistry,BIOLOGY,Q4
ZHURNAL OBSHCHEI BIOLOGII,Biology & Biochemistry,BIOLOGY,Q4
Molecular Genetics Microbiology and Virology,Biology & Biochemistry,BIOCHEMISTRY & MOLECULAR BIOLOGY,Q4
Palawan Scientist,Biology & Biochemistry,BIOLOGY,Q4
Revista Comunicacion,Biology & Biochemistry,BIOLOGY,Q4
Revista Bio Ciencias,Biology & Biochemistry,BIOLOGY,Q4
PROGRESS IN BIOCHEMISTRY AND BIOPHYSICS,Biology & Biochemistry,BIOCHEMISTRY & MOLECULAR BIOLOGY,Q4
PROGRESS IN BIOCHEMISTRY AND BIOPHYSICS,Biology & Biochemistry,BIOPHYSICS,Q4
University of Toronto Journal of Undergraduate Life Sciences,Biology & Biochemistry,BIOLOGY,Q4
Bulletin de la Societe Linneenne de Lyon,Biology & Biochemistry,BIOLOGY,Q4
Ciencia Amazonica,Biology & Biochemistry,BIOLOGY,Q4
TRENDS IN GLYCOSCIENCE AND GLYCOTECHNOLOGY,Biology & Biochemistry,BIOCHEMISTRY & MOLECULAR BIOLOGY,Q4
INDIAN JOURNAL OF BIOCHEMISTRY & BIOPHYSICS,Biology & Biochemistry,BIOCHEMISTRY & MOLECULAR BIOLOGY,N/A
INDIAN JOURNAL OF BIOCHEMISTRY & BIOPHYSICS,Biology & Biochemistry,BIOPHYSICS,N/A
eLife,Biology & Biochemistry,BIOLOGY,N/A
NATURE REVIEWS DRUG DISCOVERY,Biology & Biochemistry,BIOTECHNOLOGY & APPLIED MICROBIOLOGY,Q1
NATURE REVIEWS MOLECULAR CELL BIOLOGY,Biology & Biochemistry,CELL BIOLOGY,Q1
Signal Transduction and Targeted Therapy,Biology & Biochemistry,CELL BIOLOGY,Q1
NATURE MEDICINE,Biology & Biochemistry,CELL BIOLOGY,Q1
CANCER CELL,Biology & Biochemistry,CELL BIOLOGY,Q1
CELL,Biology & Biochemistry,CELL BIOLOGY,Q1
NATURE BIOTECHNOLOGY,Biology & Biochemistry,BIOTECHNOLOGY & APPLIED MICROBIOLOGY,Q1
Cell Metabolism,Biology & Biochemistry,CELL BIOLOGY,Q1
CELL RESEARCH,Biology & Biochemistry,CELL BIOLOGY,Q1
Cell Stem Cell,Biology & Biochemistry,CELL & TISSUE ENGINEERING,Q1
Cell Stem Cell,Biology & Biochemistry,CELL BIOLOGY,Q1
Nature Aging,Biology & Biochemistry,CELL BIOLOGY,Q1
NATURE CELL BIOLOGY,Biology & Biochemistry,CELL BIOLOGY,Q1
TRENDS IN CELL BIOLOGY,Biology & Biochemistry,CELL BIOLOGY,Q1
Annual Review of Entomology,Biology & Biochemistry,ENTOMOLOGY,Q1
Molecular Cell,Biology & Biochemistry,CELL BIOLOGY,Q1
CELL DEATH AND DIFFERENTIATION,Biology & Biochemistry,CELL BIOLOGY,Q1
Bone Research,Biology & Biochemistry,CELL & TISSUE ENGINEERING,Q1
TRENDS IN BIOTECHNOLOGY,Biology & Biochemistry,BIOTECHNOLOGY & APPLIED MICROBIOLOGY,Q1
Science Translational Medicine,Biology & Biochemistry,CELL BIOLOGY,Q1
Journal of Extracellular Vesicles,Biology & Biochemistry,CELL BIOLOGY,Q1
Autophagy,Biology & Biochemistry,CELL BIOLOGY,Q1
TRENDS IN MOLECULAR MEDICINE,Biology & Biochemistry,CELL BIOLOGY,Q1
Protein & Cell,Biology & Biochemistry,CELL BIOLOGY,Q1
JOURNAL OF NANOBIOTECHNOLOGY,Biology & Biochemistry,BIOTECHNOLOGY & APPLIED MICROBIOLOGY,Q1
Cell Discovery,Biology & Biochemistry,CELL BIOLOGY,Q1
BIOTECHNOLOGY ADVANCES,Biology & Biochemistry,BIOTECHNOLOGY & APPLIED MICROBIOLOGY,Q1
AGEING RESEARCH REVIEWS,Biology & Biochemistry,CELL BIOLOGY,Q1
JOURNAL OF BIOMEDICAL SCIENCE,Biology & Biochemistry,CELL BIOLOGY,Q1
MOLECULAR THERAPY,Biology & Biochemistry,BIOTECHNOLOGY & APPLIED MICROBIOLOGY,Q1
CYTOKINE & GROWTH FACTOR REVIEWS,Biology & Biochemistry,CELL BIOLOGY,Q1
PLANT CELL,Biology & Biochemistry,CELL BIOLOGY,Q1
MEDICINAL RESEARCH REVIEWS,Biology & Biochemistry,"CHEMISTRY, MEDICINAL",Q1
Annual Review of Cell and Developmental Biology,Biology & Biochemistry,CELL BIOLOGY,Q1
Annual Review of Cell and Developmental Biology,Biology & Biochemistry,DEVELOPMENTAL BIOLOGY,Q1
Cell Reports Medicine,Biology & Biochemistry,CELL BIOLOGY,Q1
NATURAL PRODUCT REPORTS,Biology & Biochemistry,"CHEMISTRY, MEDICINAL",Q1
REVIEWS IN ENVIRONMENTAL SCIENCE AND BIO-TECHNOLOGY,Biology & Biochemistry,BIOTECHNOLOGY & APPLIED MICROBIOLOGY,Q1
BIOSENSORS & BIOELECTRONICS,Biology & Biochemistry,BIOTECHNOLOGY & APPLIED MICROBIOLOGY,Q1
PLANT BIOTECHNOLOGY JOURNAL,Biology & Biochemistry,BIOTECHNOLOGY & APPLIED MICROBIOLOGY,Q1
CELLULAR & MOLECULAR BIOLOGY LETTERS,Biology & Biochemistry,CELL BIOLOGY,Q1
NATURE STRUCTURAL & MOLECULAR BIOLOGY,Biology & Biochemistry,CELL BIOLOGY,Q1
Molecular Biomedicine,Biology & Biochemistry,CELL BIOLOGY,Q1
Cell Death & Disease,Biology & Biochemistry,CELL BIOLOGY,Q1
GENOME BIOLOGY,Biology & Biochemistry,BIOTECHNOLOGY & APPLIED MICROBIOLOGY,Q1
npj Biofilms and Microbiomes,Biology & Biochemistry,BIOTECHNOLOGY & APPLIED MICROBIOLOGY,Q1
Cell Genomics,Biology & Biochemistry,CELL BIOLOGY,Q1
BIORESOURCE TECHNOLOGY,Biology & Biochemistry,BIOTECHNOLOGY & APPLIED MICROBIOLOGY,Q1
Chinese Herbal Medicines,Biology & Biochemistry,"CHEMISTRY, MEDICINAL",Q1
Cell Communication and Signaling,Biology & Biochemistry,CELL BIOLOGY,Q1
Annual Review of Animal Biosciences,Biology & Biochemistry,BIOTECHNOLOGY & APPLIED MICROBIOLOGY,Q1
DEVELOPMENTAL CELL,Biology & Biochemistry,CELL BIOLOGY,Q1
DEVELOPMENTAL CELL,Biology & Biochemistry,DEVELOPMENTAL BIOLOGY,Q1
Cold Spring Harbor Perspectives in Biology,Biology & Biochemistry,CELL BIOLOGY,Q1
PHYTOMEDICINE,Biology & Biochemistry,"CHEMISTRY, MEDICINAL",Q1
EMBO JOURNAL,Biology & Biochemistry,CELL BIOLOGY,Q1
APOPTOSIS,Biology & Biochemistry,CELL BIOLOGY,Q1
GENES & DEVELOPMENT,Biology & Biochemistry,CELL BIOLOGY,Q1
GENES & DEVELOPMENT,Biology & Biochemistry,DEVELOPMENTAL BIOLOGY,Q1
Cell Systems,Biology & Biochemistry,CELL BIOLOGY,Q1
CRITICAL REVIEWS IN BIOTECHNOLOGY,Biology & Biochemistry,BIOTECHNOLOGY & APPLIED MICROBIOLOGY,Q1
Sensors and Actuators Reports,Biology & Biochemistry,BIOTECHNOLOGY & APPLIED MICROBIOLOGY,Q1
CURRENT BIOLOGY,Biology & Biochemistry,CELL BIOLOGY,Q1
ARCHIVES OF PHARMACAL RESEARCH,Biology & Biochemistry,"CHEMISTRY, MEDICINAL",Q1
ONCOGENE,Biology & Biochemistry,CELL BIOLOGY,Q1
Stem Cell Research & Therapy,Biology & Biochemistry,CELL & TISSUE ENGINEERING,Q1
Stem Cell Research & Therapy,Biology & Biochemistry,CELL BIOLOGY,Q1
AGING CELL,Biology & Biochemistry,CELL BIOLOGY,Q1
Environmental Technology & Innovation,Biology & Biochemistry,BIOTECHNOLOGY & APPLIED MICROBIOLOGY,Q1
Journal of Tissue Engineering,Biology & Biochemistry,CELL & TISSUE ENGINEERING,Q1
CURRENT OPINION IN STRUCTURAL BIOLOGY,Biology & Biochemistry,CELL BIOLOGY,Q1
Cell Death Discovery,Biology & Biochemistry,CELL BIOLOGY,Q1
CURRENT OPINION IN BIOTECHNOLOGY,Biology & Biochemistry,BIOTECHNOLOGY & APPLIED MICROBIOLOGY,Q1
Cell Reports,Biology & Biochemistry,CELL BIOLOGY,Q1
Chemical Biology Letters,Biology & Biochemistry,"CHEMISTRY, MEDICINAL",Q1
JOURNAL OF MEDICINAL CHEMISTRY,Biology & Biochemistry,"CHEMISTRY, MEDICINAL",Q1
METABOLIC ENGINEERING,Biology & Biochemistry,BIOTECHNOLOGY & APPLIED MICROBIOLOGY,Q1
Current Opinion in Chemical Engineering,Biology & Biochemistry,BIOTECHNOLOGY & APPLIED MICROBIOLOGY,Q1
Science Signaling,Biology & Biochemistry,CELL BIOLOGY,Q1
Neural Regeneration Research,Biology & Biochemistry,CELL BIOLOGY,Q1
Antioxidants,Biology & Biochemistry,"CHEMISTRY, MEDICINAL",Q1
npj Regenerative Medicine,Biology & Biochemistry,CELL & TISSUE ENGINEERING,Q1
Journal of Biological Engineering,Biology & Biochemistry,BIOTECHNOLOGY & APPLIED MICROBIOLOGY,Q1
MOLECULES AND CELLS,Biology & Biochemistry,CELL BIOLOGY,Q1
MOLECULAR MEDICINE,Biology & Biochemistry,CELL BIOLOGY,Q1
JOURNAL OF CELL BIOLOGY,Biology & Biochemistry,CELL BIOLOGY,Q1
PHYTOTHERAPY RESEARCH,Biology & Biochemistry,"CHEMISTRY, MEDICINAL",Q1
EMBO REPORTS,Biology & Biochemistry,CELL BIOLOGY,Q1
CELLULAR AND MOLECULAR LIFE SCIENCES,Biology & Biochemistry,CELL BIOLOGY,Q1
SEMINARS IN CELL & DEVELOPMENTAL BIOLOGY,Biology & Biochemistry,CELL BIOLOGY,Q2
SEMINARS IN CELL & DEVELOPMENTAL BIOLOGY,Biology & Biochemistry,DEVELOPMENTAL BIOLOGY,Q1
EUROPEAN JOURNAL OF MEDICINAL CHEMISTRY,Biology & Biochemistry,"CHEMISTRY, MEDICINAL",Q1
CELL BIOLOGY AND TOXICOLOGY,Biology & Biochemistry,CELL BIOLOGY,Q2
Journal of Molecular Cell Biology,Biology & Biochemistry,CELL BIOLOGY,Q2
BIOMASS & BIOENERGY,Biology & Biochemistry,BIOTECHNOLOGY & APPLIED MICROBIOLOGY,Q1
Journal of Ginseng Research,Biology & Biochemistry,"CHEMISTRY, MEDICINAL",Q1
CELL PROLIFERATION,Biology & Biochemistry,CELL BIOLOGY,Q2
GENOME RESEARCH,Biology & Biochemistry,BIOTECHNOLOGY & APPLIED MICROBIOLOGY,Q1
BIOINFORMATICS,Biology & Biochemistry,BIOTECHNOLOGY & APPLIED MICROBIOLOGY,Q1
JOURNAL OF ETHNOPHARMACOLOGY,Biology & Biochemistry,"CHEMISTRY, MEDICINAL",Q1
JOURNAL OF ENZYME INHIBITION AND MEDICINAL CHEMISTRY,Biology & Biochemistry,"CHEMISTRY, MEDICINAL",Q1
Marine Drugs,Biology & Biochemistry,"CHEMISTRY, MEDICINAL",Q1
INFLAMMATION RESEARCH,Biology & Biochemistry,CELL BIOLOGY,Q2
Journal of Chemical Information and Modeling,Biology & Biochemistry,"CHEMISTRY, MEDICINAL",Q1
AMERICAN JOURNAL OF RESPIRATORY CELL AND MOLECULAR BIOLOGY,Biology & Biochemistry,CELL BIOLOGY,Q2
Cancer & Metabolism,Biology & Biochemistry,CELL BIOLOGY,Q2
Microbial Biotechnology,Biology & Biochemistry,BIOTECHNOLOGY & APPLIED MICROBIOLOGY,Q1
Cells,Biology & Biochemistry,CELL BIOLOGY,Q2
Bone & Joint Research,Biology & Biochemistry,CELL & TISSUE ENGINEERING,Q1
MECHANISMS OF AGEING AND DEVELOPMENT,Biology & Biochemistry,CELL BIOLOGY,Q2
Drug Design Development and Therapy,Biology & Biochemistry,"CHEMISTRY, MEDICINAL",Q1
Stem Cell Reports,Biology & Biochemistry,CELL & TISSUE ENGINEERING,Q1
Stem Cell Reports,Biology & Biochemistry,CELL BIOLOGY,Q2
Bioresources and Bioprocessing,Biology & Biochemistry,BIOTECHNOLOGY & APPLIED MICROBIOLOGY,Q1
Journal of Structural Biology-X,Biology & Biochemistry,CELL BIOLOGY,Q2
aBIOTECH,Biology & Biochemistry,BIOTECHNOLOGY & APPLIED MICROBIOLOGY,Q1
CANCER GENE THERAPY,Biology & Biochemistry,BIOTECHNOLOGY & APPLIED MICROBIOLOGY,Q1
INFLAMMATION,Biology & Biochemistry,CELL BIOLOGY,Q2
Cellular and Molecular Bioengineering,Biology & Biochemistry,CELL & TISSUE ENGINEERING,Q1
Cellular and Molecular Bioengineering,Biology & Biochemistry,CELL BIOLOGY,Q2
SYSTEMATIC ENTOMOLOGY,Biology & Biochemistry,ENTOMOLOGY,Q1
New Biotechnology,Biology & Biochemistry,BIOTECHNOLOGY & APPLIED MICROBIOLOGY,Q1
Stem Cells Translational Medicine,Biology & Biochemistry,CELL & TISSUE ENGINEERING,Q2
Microbial Cell Factories,Biology & Biochemistry,BIOTECHNOLOGY & APPLIED MICROBIOLOGY,Q1
Natural Products and Bioprospecting,Biology & Biochemistry,"CHEMISTRY, MEDICINAL",Q1
Journal of Zhejiang University-SCIENCE B,Biology & Biochemistry,BIOTECHNOLOGY & APPLIED MICROBIOLOGY,Q1
HLA,Biology & Biochemistry,CELL BIOLOGY,Q2
Current Opinion in Insect Science,Biology & Biochemistry,ENTOMOLOGY,Q1
CELLULAR ONCOLOGY,Biology & Biochemistry,CELL BIOLOGY,Q2
AMERICAN JOURNAL OF PHYSIOLOGY-CELL PHYSIOLOGY,Biology & Biochemistry,CELL BIOLOGY,Q2
Pharmaceuticals,Biology & Biochemistry,"CHEMISTRY, MEDICINAL",Q1
MATRIX BIOLOGY,Biology & Biochemistry,CELL BIOLOGY,Q2
Frontiers in Bioengineering and Biotechnology,Biology & Biochemistry,BIOTECHNOLOGY & APPLIED MICROBIOLOGY,Q1
CELLULAR AND MOLECULAR NEUROBIOLOGY,Biology & Biochemistry,CELL BIOLOGY,Q2
Wiley Interdisciplinary Reviews-RNA,Biology & Biochemistry,CELL BIOLOGY,Q2
Extracellular Vesicles and Circulating Nucleic Acids,Biology & Biochemistry,CELL BIOLOGY,Q2
GM Crops & Food-Biotechnology in Agriculture and the Food Chain,Biology & Biochemistry,BIOTECHNOLOGY & APPLIED MICROBIOLOGY,Q1
JOURNAL OF MOLECULAR AND CELLULAR CARDIOLOGY,Biology & Biochemistry,CELL BIOLOGY,Q2
Nucleic Acid Therapeutics,Biology & Biochemistry,"CHEMISTRY, MEDICINAL",Q2
MOLECULAR CANCER RESEARCH,Biology & Biochemistry,CELL BIOLOGY,Q2
BioDesign Research,Biology & Biochemistry,BIOTECHNOLOGY & APPLIED MICROBIOLOGY,Q1
Cell Regeneration,Biology & Biochemistry,CELL & TISSUE ENGINEERING,Q2
Cell Regeneration,Biology & Biochemistry,CELL BIOLOGY,Q2
BIOSCIENCE REPORTS,Biology & Biochemistry,CELL BIOLOGY,Q2
ENTOMOLOGIA GENERALIS,Biology & Biochemistry,ENTOMOLOGY,Q1
FOOD MICROBIOLOGY,Biology & Biochemistry,BIOTECHNOLOGY & APPLIED MICROBIOLOGY,Q1
Biotechnology for Biofuels and Bioproducts,Biology & Biochemistry,BIOTECHNOLOGY & APPLIED MICROBIOLOGY,Q1
EXPERT OPINION ON THERAPEUTIC PATENTS,Biology & Biochemistry,"CHEMISTRY, MEDICINAL",Q2
Tissue Engineering Part B-Reviews,Biology & Biochemistry,CELL & TISSUE ENGINEERING,Q2
Tissue Engineering Part B-Reviews,Biology & Biochemistry,CELL BIOLOGY,Q2
GENE THERAPY,Biology & Biochemistry,BIOTECHNOLOGY & APPLIED MICROBIOLOGY,Q1
Algal Research-Biomass Biofuels and Bioproducts,Biology & Biochemistry,BIOTECHNOLOGY & APPLIED MICROBIOLOGY,Q1
Cell Reports Methods,Biology & Biochemistry,CELL BIOLOGY,Q2
Artificial Cells Nanomedicine and Biotechnology,Biology & Biochemistry,BIOTECHNOLOGY & APPLIED MICROBIOLOGY,Q1
MITOCHONDRION,Biology & Biochemistry,CELL BIOLOGY,Q2
Nucleus,Biology & Biochemistry,CELL BIOLOGY,Q2
Probiotics and Antimicrobial Proteins,Biology & Biochemistry,BIOTECHNOLOGY & APPLIED MICROBIOLOGY,Q1
Synthetic and Systems Biotechnology,Biology & Biochemistry,BIOTECHNOLOGY & APPLIED MICROBIOLOGY,Q1
Frontiers in Genome Editing,Biology & Biochemistry,BIOTECHNOLOGY & APPLIED MICROBIOLOGY,Q1
Skeletal Muscle,Biology & Biochemistry,CELL BIOLOGY,Q2
STRUCTURE,Biology & Biochemistry,CELL BIOLOGY,Q2
ACS Bio & Med Chem Au,Biology & Biochemistry,"CHEMISTRY, MEDICINAL",Q2
ADMET and DMPK,Biology & Biochemistry,"CHEMISTRY, MEDICINAL",Q2
Bioresource Technology Reports,Biology & Biochemistry,BIOTECHNOLOGY & APPLIED MICROBIOLOGY,Q1
JOURNAL OF GENERAL VIROLOGY,Biology & Biochemistry,BIOTECHNOLOGY & APPLIED MICROBIOLOGY,Q1
APPLIED MICROBIOLOGY AND BIOTECHNOLOGY,Biology & Biochemistry,BIOTECHNOLOGY & APPLIED MICROBIOLOGY,Q1
Frontiers in Cell and Developmental Biology,Biology & Biochemistry,CELL BIOLOGY,Q2
Frontiers in Cell and Developmental Biology,Biology & Biochemistry,DEVELOPMENTAL BIOLOGY,Q1
CURRENT OPINION IN CELL BIOLOGY,Biology & Biochemistry,CELL BIOLOGY,Q2
EUROPEAN JOURNAL OF CELL BIOLOGY,Biology & Biochemistry,CELL BIOLOGY,Q2
DRUG DEVELOPMENT RESEARCH,Biology & Biochemistry,"CHEMISTRY, MEDICINAL",Q2
MUTATION RESEARCH-REVIEWS IN MUTATION RESEARCH,Biology & Biochemistry,BIOTECHNOLOGY & APPLIED MICROBIOLOGY,Q2
Stem Cell Reviews and Reports,Biology & Biochemistry,CELL & TISSUE ENGINEERING,Q2
Stem Cell Reviews and Reports,Biology & Biochemistry,CELL BIOLOGY,Q2
SYSTEMATIC AND APPLIED MICROBIOLOGY,Biology & Biochemistry,BIOTECHNOLOGY & APPLIED MICROBIOLOGY,Q2
FASEB JOURNAL,Biology & Biochemistry,CELL BIOLOGY,Q2
JOURNAL OF CELLULAR AND MOLECULAR MEDICINE,Biology & Biochemistry,CELL BIOLOGY,Q2
WORLD JOURNAL OF MICROBIOLOGY & BIOTECHNOLOGY,Biology & Biochemistry,BIOTECHNOLOGY & APPLIED MICROBIOLOGY,Q2
MEDIATORS OF INFLAMMATION,Biology & Biochemistry,CELL BIOLOGY,Q2
JOURNAL OF PEST SCIENCE,Biology & Biochemistry,ENTOMOLOGY,Q1
Metabolic Engineering Communications,Biology & Biochemistry,BIOTECHNOLOGY & APPLIED MICROBIOLOGY,Q2
HISTOPATHOLOGY,Biology & Biochemistry,CELL BIOLOGY,Q2
European Journal of Medicinal Chemistry Reports,Biology & Biochemistry,"CHEMISTRY, MEDICINAL",Q2
INTERNATIONAL BIODETERIORATION & BIODEGRADATION,Biology & Biochemistry,BIOTECHNOLOGY & APPLIED MICROBIOLOGY,Q2
Tissue Engineering and Regenerative Medicine,Biology & Biochemistry,CELL & TISSUE ENGINEERING,Q2
Pesticide Biochemistry and Physiology,Biology & Biochemistry,ENTOMOLOGY,Q1
CELL CALCIUM,Biology & Biochemistry,CELL BIOLOGY,Q2
Current Research in Biotechnology,Biology & Biochemistry,BIOTECHNOLOGY & APPLIED MICROBIOLOGY,Q2
ACS Medicinal Chemistry Letters,Biology & Biochemistry,"CHEMISTRY, MEDICINAL",Q2
JOURNAL OF CELLULAR PHYSIOLOGY,Biology & Biochemistry,CELL BIOLOGY,Q2
HUMAN GENE THERAPY,Biology & Biochemistry,BIOTECHNOLOGY & APPLIED MICROBIOLOGY,Q2
PLANT AND CELL PHYSIOLOGY,Biology & Biochemistry,CELL BIOLOGY,Q2
PROCESS BIOCHEMISTRY,Biology & Biochemistry,BIOTECHNOLOGY & APPLIED MICROBIOLOGY,Q2
EXPERT OPINION ON BIOLOGICAL THERAPY,Biology & Biochemistry,BIOTECHNOLOGY & APPLIED MICROBIOLOGY,Q2
ACS Chemical Neuroscience,Biology & Biochemistry,"CHEMISTRY, MEDICINAL",Q2
JOURNAL OF BIOTECHNOLOGY,Biology & Biochemistry,BIOTECHNOLOGY & APPLIED MICROBIOLOGY,Q2
Microbial Cell,Biology & Biochemistry,CELL BIOLOGY,Q2
Nanomedicine,Biology & Biochemistry,BIOTECHNOLOGY & APPLIED MICROBIOLOGY,Q2
Journal of Cell Communication and Signaling,Biology & Biochemistry,CELL BIOLOGY,Q2
PEST MANAGEMENT SCIENCE,Biology & Biochemistry,ENTOMOLOGY,Q1
ACS Infectious Diseases,Biology & Biochemistry,"CHEMISTRY, MEDICINAL",Q2
Function,Biology & Biochemistry,CELL BIOLOGY,Q2
JOURNAL OF PHARMACEUTICAL SCIENCES,Biology & Biochemistry,"CHEMISTRY, MEDICINAL",Q2
Biocatalysis and Agricultural Biotechnology,Biology & Biochemistry,BIOTECHNOLOGY & APPLIED MICROBIOLOGY,Q2
CHEMICAL RESEARCH IN TOXICOLOGY,Biology & Biochemistry,"CHEMISTRY, MEDICINAL",Q2
Biochemical Engineering Journal,Biology & Biochemistry,BIOTECHNOLOGY & APPLIED MICROBIOLOGY,Q2
MOLECULAR DIVERSITY,Biology & Biochemistry,"CHEMISTRY, MEDICINAL",Q2
ACS Pharmacology & Translational Science,Biology & Biochemistry,"CHEMISTRY, MEDICINAL",Q2
INSECT BIOCHEMISTRY AND MOLECULAR BIOLOGY,Biology & Biochemistry,ENTOMOLOGY,Q1
REPRODUCTION,Biology & Biochemistry,DEVELOPMENTAL BIOLOGY,Q1
BMC GENOMICS,Biology & Biochemistry,BIOTECHNOLOGY & APPLIED MICROBIOLOGY,Q2
APPLIED AND ENVIRONMENTAL MICROBIOLOGY,Biology & Biochemistry,BIOTECHNOLOGY & APPLIED MICROBIOLOGY,Q2
AMB Express,Biology & Biochemistry,BIOTECHNOLOGY & APPLIED MICROBIOLOGY,Q2
ENZYME AND MICROBIAL TECHNOLOGY,Biology & Biochemistry,BIOTECHNOLOGY & APPLIED MICROBIOLOGY,Q2
CYTOKINE,Biology & Biochemistry,CELL BIOLOGY,Q2
BIOCHIMICA ET BIOPHYSICA ACTA-MOLECULAR CELL RESEARCH,Biology & Biochemistry,CELL BIOLOGY,Q2
CELLULAR SIGNALLING,Biology & Biochemistry,CELL BIOLOGY,Q2
MOLECULAR AND CELLULAR BIOCHEMISTRY,Biology & Biochemistry,CELL BIOLOGY,Q2
DEVELOPMENT,Biology & Biochemistry,DEVELOPMENTAL BIOLOGY,Q1
JOURNAL OF NATURAL PRODUCTS,Biology & Biochemistry,"CHEMISTRY, MEDICINAL",Q2
EvoDevo,Biology & Biochemistry,DEVELOPMENTAL BIOLOGY,Q1
ARCHIV DER PHARMAZIE,Biology & Biochemistry,"CHEMISTRY, MEDICINAL",Q2
STEM CELLS,Biology & Biochemistry,BIOTECHNOLOGY & APPLIED MICROBIOLOGY,Q2
STEM CELLS,Biology & Biochemistry,CELL & TISSUE ENGINEERING,Q2
STEM CELLS,Biology & Biochemistry,CELL BIOLOGY,Q2
BIOTECHNOLOGY AND BIOENGINEERING,Biology & Biochemistry,BIOTECHNOLOGY & APPLIED MICROBIOLOGY,Q2
MOLECULAR AND CELLULAR ENDOCRINOLOGY,Biology & Biochemistry,CELL BIOLOGY,Q2
CURRENT OPINION IN GENETICS & DEVELOPMENT,Biology & Biochemistry,CELL BIOLOGY,Q2
RSC Medicinal Chemistry,Biology & Biochemistry,"CHEMISTRY, MEDICINAL",Q2
BIOPROCESS AND BIOSYSTEMS ENGINEERING,Biology & Biochemistry,BIOTECHNOLOGY & APPLIED MICROBIOLOGY,Q2
JOURNAL OF CELL SCIENCE,Biology & Biochemistry,CELL BIOLOGY,Q2
World Journal of Stem Cells,Biology & Biochemistry,CELL & TISSUE ENGINEERING,Q2
World Journal of Stem Cells,Biology & Biochemistry,CELL BIOLOGY,Q2
MOLECULAR HUMAN REPRODUCTION,Biology & Biochemistry,DEVELOPMENTAL BIOLOGY,Q1
Journal of Insects as Food and Feed,Biology & Biochemistry,ENTOMOLOGY,Q1
MOLECULAR PLANT-MICROBE INTERACTIONS,Biology & Biochemistry,BIOTECHNOLOGY & APPLIED MICROBIOLOGY,Q2
Human Vaccines & Immunotherapeutics,Biology & Biochemistry,BIOTECHNOLOGY & APPLIED MICROBIOLOGY,Q2
Regenerative Therapy,Biology & Biochemistry,CELL & TISSUE ENGINEERING,Q2
EXPERIMENTAL CELL RESEARCH,Biology & Biochemistry,CELL BIOLOGY,Q3
CURRENT MEDICINAL CHEMISTRY,Biology & Biochemistry,"CHEMISTRY, MEDICINAL",Q2
Cell Adhesion & Migration,Biology & Biochemistry,CELL BIOLOGY,Q3
BIOLOGICAL CONTROL,Biology & Biochemistry,BIOTECHNOLOGY & APPLIED MICROBIOLOGY,Q2
BIOLOGICAL CONTROL,Biology & Biochemistry,ENTOMOLOGY,Q1
WOUND REPAIR AND REGENERATION,Biology & Biochemistry,CELL BIOLOGY,Q3
BMC BIOTECHNOLOGY,Biology & Biochemistry,BIOTECHNOLOGY & APPLIED MICROBIOLOGY,Q2
ChemMedChem,Biology & Biochemistry,"CHEMISTRY, MEDICINAL",Q2
FOOD AND BIOPRODUCTS PROCESSING,Biology & Biochemistry,BIOTECHNOLOGY & APPLIED MICROBIOLOGY,Q2
ANNALS OF MICROBIOLOGY,Biology & Biochemistry,BIOTECHNOLOGY & APPLIED MICROBIOLOGY,Q2
Future Medicinal Chemistry,Biology & Biochemistry,"CHEMISTRY, MEDICINAL",Q2
CELL CYCLE,Biology & Biochemistry,CELL BIOLOGY,Q3
PROTEIN ENGINEERING DESIGN & SELECTION,Biology & Biochemistry,BIOTECHNOLOGY & APPLIED MICROBIOLOGY,Q2
EJNMMI Radiopharmacy and Chemistry,Biology & Biochemistry,"CHEMISTRY, MEDICINAL",Q3
Disease Models & Mechanisms,Biology & Biochemistry,CELL BIOLOGY,Q3
BMC BIOINFORMATICS,Biology & Biochemistry,BIOTECHNOLOGY & APPLIED MICROBIOLOGY,Q2
Stem Cells International,Biology & Biochemistry,CELL & TISSUE ENGINEERING,Q3
Fermentation-Basel,Biology & Biochemistry,BIOTECHNOLOGY & APPLIED MICROBIOLOGY,Q2
BIOCHIMICA ET BIOPHYSICA ACTA-MOLECULAR AND CELL BIOLOGY OF LIPIDS,Biology & Biochemistry,CELL BIOLOGY,Q3
APPLIED BIOCHEMISTRY AND BIOTECHNOLOGY,Biology & Biochemistry,BIOTECHNOLOGY & APPLIED MICROBIOLOGY,Q2
Chemical Biology & Drug Design,Biology & Biochemistry,"CHEMISTRY, MEDICINAL",Q3
CURRENT TOPICS IN MEDICINAL CHEMISTRY,Biology & Biochemistry,"CHEMISTRY, MEDICINAL",Q3
MINI-REVIEWS IN MEDICINAL CHEMISTRY,Biology & Biochemistry,"CHEMISTRY, MEDICINAL",Q3
Insect Conservation and Diversity,Biology & Biochemistry,ENTOMOLOGY,Q1
Animal Cells and Systems,Biology & Biochemistry,CELL BIOLOGY,Q3
CELL TRANSPLANTATION,Biology & Biochemistry,CELL & TISSUE ENGINEERING,Q3
CYTOTHERAPY,Biology & Biochemistry,BIOTECHNOLOGY & APPLIED MICROBIOLOGY,Q2
CYTOTHERAPY,Biology & Biochemistry,CELL & TISSUE ENGINEERING,Q3
CYTOTHERAPY,Biology & Biochemistry,CELL BIOLOGY,Q3
BIODEGRADATION,Biology & Biochemistry,BIOTECHNOLOGY & APPLIED MICROBIOLOGY,Q2
JOURNAL OF APPLIED MICROBIOLOGY,Biology & Biochemistry,BIOTECHNOLOGY & APPLIED MICROBIOLOGY,Q2
NITRIC OXIDE-BIOLOGY AND CHEMISTRY,Biology & Biochemistry,CELL BIOLOGY,Q3
PROSTAGLANDINS LEUKOTRIENES AND ESSENTIAL FATTY ACIDS,Biology & Biochemistry,CELL BIOLOGY,Q3
IUBMB LIFE,Biology & Biochemistry,CELL BIOLOGY,Q3
JOURNAL OF INDUSTRIAL MICROBIOLOGY & BIOTECHNOLOGY,Biology & Biochemistry,BIOTECHNOLOGY & APPLIED MICROBIOLOGY,Q2
CELL STRESS & CHAPERONES,Biology & Biochemistry,CELL BIOLOGY,Q3
Insect Systematics and Diversity,Biology & Biochemistry,ENTOMOLOGY,Q1
EUROPEAN CELLS & MATERIALS,Biology & Biochemistry,CELL & TISSUE ENGINEERING,Q3
Molecular Informatics,Biology & Biochemistry,"CHEMISTRY, MEDICINAL",Q3
Biotechnology Journal,Biology & Biochemistry,BIOTECHNOLOGY & APPLIED MICROBIOLOGY,Q2
JOURNAL OF LEUKOCYTE BIOLOGY,Biology & Biochemistry,CELL BIOLOGY,Q3
BioTech,Biology & Biochemistry,BIOTECHNOLOGY & APPLIED MICROBIOLOGY,Q2
JOURNAL OF MICROBIOLOGY AND BIOTECHNOLOGY,Biology & Biochemistry,BIOTECHNOLOGY & APPLIED MICROBIOLOGY,Q2
MEDICINAL CHEMISTRY RESEARCH,Biology & Biochemistry,"CHEMISTRY, MEDICINAL",Q3
FOLIA MICROBIOLOGICA,Biology & Biochemistry,BIOTECHNOLOGY & APPLIED MICROBIOLOGY,Q2
CELL BIOLOGY INTERNATIONAL,Biology & Biochemistry,CELL BIOLOGY,Q3
Human Cell,Biology & Biochemistry,CELL BIOLOGY,Q3
Frontiers in Bioscience-Landmark,Biology & Biochemistry,CELL BIOLOGY,Q3
Insect Science,Biology & Biochemistry,ENTOMOLOGY,Q1
Frontiers in Insect Science,Biology & Biochemistry,ENTOMOLOGY,Q1
GENOMICS,Biology & Biochemistry,BIOTECHNOLOGY & APPLIED MICROBIOLOGY,Q2
JOURNAL OF APPLIED PHYCOLOGY,Biology & Biochemistry,BIOTECHNOLOGY & APPLIED MICROBIOLOGY,Q2
BIOORGANIC & MEDICINAL CHEMISTRY,Biology & Biochemistry,"CHEMISTRY, MEDICINAL",Q3
ENGINEERING IN LIFE SCIENCES,Biology & Biochemistry,BIOTECHNOLOGY & APPLIED MICROBIOLOGY,Q2
CHIRALITY,Biology & Biochemistry,"CHEMISTRY, MEDICINAL",Q3
JOURNAL OF BIOENERGETICS AND BIOMEMBRANES,Biology & Biochemistry,CELL BIOLOGY,Q3
MOLECULAR AND CELLULAR PROBES,Biology & Biochemistry,BIOTECHNOLOGY & APPLIED MICROBIOLOGY,Q2
MOLECULAR AND CELLULAR PROBES,Biology & Biochemistry,CELL BIOLOGY,Q3
BIOTECHNOLOGY AND BIOPROCESS ENGINEERING,Biology & Biochemistry,BIOTECHNOLOGY & APPLIED MICROBIOLOGY,Q2
Anti-Cancer Agents in Medicinal Chemistry,Biology & Biochemistry,"CHEMISTRY, MEDICINAL",Q3
FEBS LETTERS,Biology & Biochemistry,CELL BIOLOGY,Q3
MOLECULAR REPRODUCTION AND DEVELOPMENT,Biology & Biochemistry,CELL BIOLOGY,Q3
MOLECULAR REPRODUCTION AND DEVELOPMENT,Biology & Biochemistry,DEVELOPMENTAL BIOLOGY,Q2
IMMUNOLOGY AND CELL BIOLOGY,Biology & Biochemistry,CELL BIOLOGY,Q3
Cell Stress,Biology & Biochemistry,CELL BIOLOGY,Q3
Insects,Biology & Biochemistry,ENTOMOLOGY,Q1
CELLULAR IMMUNOLOGY,Biology & Biochemistry,CELL BIOLOGY,Q3
JOURNAL OF BIOSCIENCE AND BIOENGINEERING,Biology & Biochemistry,BIOTECHNOLOGY & APPLIED MICROBIOLOGY,Q2
3 Biotech,Biology & Biochemistry,BIOTECHNOLOGY & APPLIED MICROBIOLOGY,Q2
JOURNAL OF MEMBRANE BIOLOGY,Biology & Biochemistry,CELL BIOLOGY,Q3
Tissue Engineering Part A,Biology & Biochemistry,CELL & TISSUE ENGINEERING,Q3
Tissue Engineering Part A,Biology & Biochemistry,CELL BIOLOGY,Q3
Systems Microbiology and Biomanufacturing,Biology & Biochemistry,BIOTECHNOLOGY & APPLIED MICROBIOLOGY,Q2
Biofuels Bioproducts & Biorefining-Biofpr,Biology & Biochemistry,BIOTECHNOLOGY & APPLIED MICROBIOLOGY,Q2
CELL AND TISSUE RESEARCH,Biology & Biochemistry,CELL BIOLOGY,Q3
JOURNAL OF STORED PRODUCTS RESEARCH,Biology & Biochemistry,ENTOMOLOGY,Q1
MARINE BIOTECHNOLOGY,Biology & Biochemistry,BIOTECHNOLOGY & APPLIED MICROBIOLOGY,Q3
Journal of Genetic Engineering and Biotechnology,Biology & Biochemistry,BIOTECHNOLOGY & APPLIED MICROBIOLOGY,Q3
INTERNATIONAL JOURNAL OF BIOCHEMISTRY & CELL BIOLOGY,Biology & Biochemistry,CELL BIOLOGY,Q3
CHEMBIOCHEM,Biology & Biochemistry,"CHEMISTRY, MEDICINAL",Q3
OncoTargets and Therapy,Biology & Biochemistry,BIOTECHNOLOGY & APPLIED MICROBIOLOGY,Q3
JOURNAL OF FOOD PROTECTION,Biology & Biochemistry,BIOTECHNOLOGY & APPLIED MICROBIOLOGY,Q3
JOURNAL OF CELLULAR BIOCHEMISTRY,Biology & Biochemistry,CELL BIOLOGY,Q3
Organogenesis,Biology & Biochemistry,DEVELOPMENTAL BIOLOGY,Q2
MOLECULAR BIOLOGY OF THE CELL,Biology & Biochemistry,CELL BIOLOGY,Q3
Journal of Integrated Pest Management,Biology & Biochemistry,ENTOMOLOGY,Q1
Current Research in Insect Science,Biology & Biochemistry,ENTOMOLOGY,Q1
BIOCONTROL,Biology & Biochemistry,ENTOMOLOGY,Q1
SLAS Discovery,Biology & Biochemistry,BIOTECHNOLOGY & APPLIED MICROBIOLOGY,Q3
Analytical Cellular Pathology,Biology & Biochemistry,CELL BIOLOGY,Q3
JOURNAL OF STRUCTURAL BIOLOGY,Biology & Biochemistry,CELL BIOLOGY,Q3
MAMMALIAN GENOME,Biology & Biochemistry,BIOTECHNOLOGY & APPLIED MICROBIOLOGY,Q3
JOURNAL OF ANTIBIOTICS,Biology & Biochemistry,BIOTECHNOLOGY & APPLIED MICROBIOLOGY,Q3
BIOTECHNOLOGY AND APPLIED BIOCHEMISTRY,Biology & Biochemistry,BIOTECHNOLOGY & APPLIED MICROBIOLOGY,Q3
MOLECULAR AND CELLULAR BIOLOGY,Biology & Biochemistry,CELL BIOLOGY,Q3
FEMS YEAST RESEARCH,Biology & Biochemistry,BIOTECHNOLOGY & APPLIED MICROBIOLOGY,Q3
CELL BIOCHEMISTRY AND FUNCTION,Biology & Biochemistry,CELL BIOLOGY,Q3
BMC Molecular and Cell Biology,Biology & Biochemistry,CELL BIOLOGY,Q3
Pigment Cell & Melanoma Research,Biology & Biochemistry,CELL BIOLOGY,Q3
Fitoterapia,Biology & Biochemistry,"CHEMISTRY, MEDICINAL",Q3
DIFFERENTIATION,Biology & Biochemistry,CELL BIOLOGY,Q3
DIFFERENTIATION,Biology & Biochemistry,DEVELOPMENTAL BIOLOGY,Q2
YEAST,Biology & Biochemistry,BIOTECHNOLOGY & APPLIED MICROBIOLOGY,Q3
Journal of Tissue Engineering and Regenerative Medicine,Biology & Biochemistry,BIOTECHNOLOGY & APPLIED MICROBIOLOGY,Q3
Journal of Tissue Engineering and Regenerative Medicine,Biology & Biochemistry,CELL & TISSUE ENGINEERING,Q3
Journal of Tissue Engineering and Regenerative Medicine,Biology & Biochemistry,CELL BIOLOGY,Q3
Medicinal Chemistry,Biology & Biochemistry,"CHEMISTRY, MEDICINAL",Q3
PLATELETS,Biology & Biochemistry,CELL BIOLOGY,Q3
DNA AND CELL BIOLOGY,Biology & Biochemistry,CELL BIOLOGY,Q3
Tissue Engineering Part C-Methods,Biology & Biochemistry,CELL & TISSUE ENGINEERING,Q3
Tissue Engineering Part C-Methods,Biology & Biochemistry,CELL BIOLOGY,Q3
Regenerative Medicine,Biology & Biochemistry,CELL & TISSUE ENGINEERING,Q3
Frontiers in Chemical Engineering,Biology & Biochemistry,BIOTECHNOLOGY & APPLIED MICROBIOLOGY,Q3
NUCLEUS-INDIA,Biology & Biochemistry,CELL BIOLOGY,Q3
Stem Cells and Cloning-Advances and Applications,Biology & Biochemistry,CELL BIOLOGY,Q3
PLACENTA,Biology & Biochemistry,DEVELOPMENTAL BIOLOGY,Q2
TISSUE & CELL,Biology & Biochemistry,CELL BIOLOGY,Q3
Neural Development,Biology & Biochemistry,DEVELOPMENTAL BIOLOGY,Q2
Journal of Natural Medicines,Biology & Biochemistry,"CHEMISTRY, MEDICINAL",Q3
Physiological Genomics,Biology & Biochemistry,CELL BIOLOGY,Q3
MUTATION RESEARCH-GENETIC TOXICOLOGY AND ENVIRONMENTAL MUTAGENESIS,Biology & Biochemistry,BIOTECHNOLOGY & APPLIED MICROBIOLOGY,Q3
Journal of Developmental Biology,Biology & Biochemistry,DEVELOPMENTAL BIOLOGY,Q2
Current Research in Structural Biology,Biology & Biochemistry,CELL BIOLOGY,Q3
ELECTRONIC JOURNAL OF BIOTECHNOLOGY,Biology & Biochemistry,BIOTECHNOLOGY & APPLIED MICROBIOLOGY,Q3
Briefings in Functional Genomics,Biology & Biochemistry,BIOTECHNOLOGY & APPLIED MICROBIOLOGY,Q3
BIOTECHNOLOGY PROGRESS,Biology & Biochemistry,BIOTECHNOLOGY & APPLIED MICROBIOLOGY,Q3
Synthetic Biology,Biology & Biochemistry,BIOTECHNOLOGY & APPLIED MICROBIOLOGY,Q3
FOOD TECHNOLOGY AND BIOTECHNOLOGY,Biology & Biochemistry,BIOTECHNOLOGY & APPLIED MICROBIOLOGY,Q3
PROTOPLASMA,Biology & Biochemistry,CELL BIOLOGY,Q3
MOLECULAR BIOTECHNOLOGY,Biology & Biochemistry,BIOTECHNOLOGY & APPLIED MICROBIOLOGY,Q3
PROSTAGLANDINS & OTHER LIPID MEDIATORS,Biology & Biochemistry,CELL BIOLOGY,Q3
CELL BIOCHEMISTRY AND BIOPHYSICS,Biology & Biochemistry,CELL BIOLOGY,Q3
TRAFFIC,Biology & Biochemistry,CELL BIOLOGY,Q3
GENESIS,Biology & Biochemistry,DEVELOPMENTAL BIOLOGY,Q2
Myrmecological News,Biology & Biochemistry,ENTOMOLOGY,Q1
JOURNAL OF ECONOMIC ENTOMOLOGY,Biology & Biochemistry,ENTOMOLOGY,Q1
PLANT CELL TISSUE AND ORGAN CULTURE,Biology & Biochemistry,BIOTECHNOLOGY & APPLIED MICROBIOLOGY,Q3
Sexual Development,Biology & Biochemistry,DEVELOPMENTAL BIOLOGY,Q2
International Journal of Stem Cells,Biology & Biochemistry,CELL & TISSUE ENGINEERING,Q4
International Journal of Stem Cells,Biology & Biochemistry,CELL BIOLOGY,Q4
JOURNAL OF CHEMICAL TECHNOLOGY AND BIOTECHNOLOGY,Biology & Biochemistry,BIOTECHNOLOGY & APPLIED MICROBIOLOGY,Q3
ACTA HISTOCHEMICA,Biology & Biochemistry,CELL BIOLOGY,Q4
In vitro models,Biology & Biochemistry,CELL & TISSUE ENGINEERING,Q4
BIOLOGY OF THE CELL,Biology & Biochemistry,CELL BIOLOGY,Q4
JOURNAL OF INSECT PHYSIOLOGY,Biology & Biochemistry,ENTOMOLOGY,Q1
INSECT MOLECULAR BIOLOGY,Biology & Biochemistry,ENTOMOLOGY,Q1
Biomed Research International,Biology & Biochemistry,BIOTECHNOLOGY & APPLIED MICROBIOLOGY,Q3
Developmental Neurobiology,Biology & Biochemistry,DEVELOPMENTAL BIOLOGY,Q2
INTERNATIONAL MICROBIOLOGY,Biology & Biochemistry,BIOTECHNOLOGY & APPLIED MICROBIOLOGY,Q3
Current Stem Cell Reports,Biology & Biochemistry,CELL & TISSUE ENGINEERING,Q4
GEN Biotechnology,Biology & Biochemistry,BIOTECHNOLOGY & APPLIED MICROBIOLOGY,Q3
Biochemistry and Cell Biology,Biology & Biochemistry,CELL BIOLOGY,Q4
JOURNAL OF RECEPTORS AND SIGNAL TRANSDUCTION,Biology & Biochemistry,CELL BIOLOGY,Q4
APIDOLOGIE,Biology & Biochemistry,ENTOMOLOGY,Q1
DEVELOPMENTAL PSYCHOBIOLOGY,Biology & Biochemistry,DEVELOPMENTAL BIOLOGY,Q2
JOURNAL OF GENE MEDICINE,Biology & Biochemistry,BIOTECHNOLOGY & APPLIED MICROBIOLOGY,Q3
BIOORGANIC & MEDICINAL CHEMISTRY LETTERS,Biology & Biochemistry,"CHEMISTRY, MEDICINAL",Q3
DRUG DEVELOPMENT AND INDUSTRIAL PHARMACY,Biology & Biochemistry,"CHEMISTRY, MEDICINAL",Q3
Avicenna Journal of Phytomedicine,Biology & Biochemistry,"CHEMISTRY, MEDICINAL",Q3
JOURNAL OF BIOACTIVE AND COMPATIBLE POLYMERS,Biology & Biochemistry,BIOTECHNOLOGY & APPLIED MICROBIOLOGY,Q3
JOURNAL OF MOLECULAR HISTOLOGY,Biology & Biochemistry,CELL BIOLOGY,Q4
CELL STRUCTURE AND FUNCTION,Biology & Biochemistry,CELL BIOLOGY,Q4
Current Stem Cell Research & Therapy,Biology & Biochemistry,CELL & TISSUE ENGINEERING,Q4
Current Stem Cell Research & Therapy,Biology & Biochemistry,CELL BIOLOGY,Q4
FOLIA HISTOCHEMICA ET CYTOBIOLOGICA,Biology & Biochemistry,CELL BIOLOGY,Q4
Cell Division,Biology & Biochemistry,CELL BIOLOGY,Q4
Egyptian Journal of Biological Pest Control,Biology & Biochemistry,ENTOMOLOGY,Q1
DEVELOPMENTAL BIOLOGY,Biology & Biochemistry,DEVELOPMENTAL BIOLOGY,Q3
HISTOCHEMISTRY AND CELL BIOLOGY,Biology & Biochemistry,CELL BIOLOGY,Q4
CONNECTIVE TISSUE RESEARCH,Biology & Biochemistry,CELL BIOLOGY,Q4
REPRODUCTION FERTILITY AND DEVELOPMENT,Biology & Biochemistry,DEVELOPMENTAL BIOLOGY,Q3
Research in Pharmaceutical Sciences,Biology & Biochemistry,"CHEMISTRY, MEDICINAL",Q3
CYTOMETRY PART A,Biology & Biochemistry,CELL BIOLOGY,Q4
LETTERS IN APPLIED MICROBIOLOGY,Biology & Biochemistry,BIOTECHNOLOGY & APPLIED MICROBIOLOGY,Q3
BIOTECHNOLOGY LETTERS,Biology & Biochemistry,BIOTECHNOLOGY & APPLIED MICROBIOLOGY,Q3
EUROPEAN JOURNAL OF HISTOCHEMISTRY,Biology & Biochemistry,CELL BIOLOGY,Q4
JOURNAL OF MEDICAL ENTOMOLOGY,Biology & Biochemistry,ENTOMOLOGY,Q1
JOURNAL OF INSECT SCIENCE,Biology & Biochemistry,ENTOMOLOGY,Q1
JOURNAL OF APPLIED ENTOMOLOGY,Biology & Biochemistry,ENTOMOLOGY,Q1
PATHOBIOLOGY,Biology & Biochemistry,CELL BIOLOGY,Q4
EVOLUTION & DEVELOPMENT,Biology & Biochemistry,DEVELOPMENTAL BIOLOGY,Q3
STEM CELLS AND DEVELOPMENT,Biology & Biochemistry,CELL & TISSUE ENGINEERING,Q4
BIOFOULING,Biology & Biochemistry,BIOTECHNOLOGY & APPLIED MICROBIOLOGY,Q3
Cells & Development,Biology & Biochemistry,DEVELOPMENTAL BIOLOGY,Q3
DEVELOPMENTAL NEUROSCIENCE,Biology & Biochemistry,DEVELOPMENTAL BIOLOGY,Q3
HISTOLOGY AND HISTOPATHOLOGY,Biology & Biochemistry,CELL BIOLOGY,Q4
TRANSGENIC RESEARCH,Biology & Biochemistry,BIOTECHNOLOGY & APPLIED MICROBIOLOGY,Q3
CELLULAR PHYSIOLOGY AND BIOCHEMISTRY,Biology & Biochemistry,CELL BIOLOGY,Q4
PLANTA MEDICA,Biology & Biochemistry,"CHEMISTRY, MEDICINAL",Q4
MICROBES AND ENVIRONMENTS,Biology & Biochemistry,BIOTECHNOLOGY & APPLIED MICROBIOLOGY,Q3
INTERNATIONAL JOURNAL OF BIOLOGICAL MARKERS,Biology & Biochemistry,BIOTECHNOLOGY & APPLIED MICROBIOLOGY,Q3
JOURNAL OF MEDICINAL FOOD,Biology & Biochemistry,"CHEMISTRY, MEDICINAL",Q4
FASEB BioAdvances,Biology & Biochemistry,CELL BIOLOGY,Q4
CELL AND TISSUE BANKING,Biology & Biochemistry,CELL BIOLOGY,Q4
Acta Naturae,Biology & Biochemistry,CELL BIOLOGY,Q4
Palaeoentomology,Biology & Biochemistry,ENTOMOLOGY,Q2
MEDICAL AND VETERINARY ENTOMOLOGY,Biology & Biochemistry,ENTOMOLOGY,Q2
CELLS TISSUES ORGANS,Biology & Biochemistry,CELL BIOLOGY,Q4
CELLS TISSUES ORGANS,Biology & Biochemistry,DEVELOPMENTAL BIOLOGY,Q3
JOURNAL OF INSECT CONSERVATION,Biology & Biochemistry,ENTOMOLOGY,Q2
ARCHIVES OF INSECT BIOCHEMISTRY AND PHYSIOLOGY,Biology & Biochemistry,ENTOMOLOGY,Q2
IN VITRO CELLULAR & DEVELOPMENTAL BIOLOGY-PLANT,Biology & Biochemistry,CELL BIOLOGY,Q4
IN VITRO CELLULAR & DEVELOPMENTAL BIOLOGY-PLANT,Biology & Biochemistry,DEVELOPMENTAL BIOLOGY,Q3
International Journal of Genomics,Biology & Biochemistry,BIOTECHNOLOGY & APPLIED MICROBIOLOGY,Q3
PREPARATIVE BIOCHEMISTRY & BIOTECHNOLOGY,Biology & Biochemistry,BIOTECHNOLOGY & APPLIED MICROBIOLOGY,Q3
BIOMARKERS,Biology & Biochemistry,BIOTECHNOLOGY & APPLIED MICROBIOLOGY,Q3
MUTATION RESEARCH-FUNDAMENTAL AND MOLECULAR MECHANISMS OF MUTAGENESIS,Biology & Biochemistry,BIOTECHNOLOGY & APPLIED MICROBIOLOGY,Q3
JOURNAL OF APPLIED GENETICS,Biology & Biochemistry,BIOTECHNOLOGY & APPLIED MICROBIOLOGY,Q3
IET Systems Biology,Biology & Biochemistry,CELL BIOLOGY,Q4
Biotechnology and Genetic Engineering Reviews,Biology & Biochemistry,BIOTECHNOLOGY & APPLIED MICROBIOLOGY,Q3
BIOCATALYSIS AND BIOTRANSFORMATION,Biology & Biochemistry,BIOTECHNOLOGY & APPLIED MICROBIOLOGY,Q3
American Journal of Stem Cells,Biology & Biochemistry,CELL BIOLOGY,Q4
Arthropod Systematics & Phylogeny,Biology & Biochemistry,ENTOMOLOGY,Q2
AGRICULTURAL AND FOREST ENTOMOLOGY,Biology & Biochemistry,ENTOMOLOGY,Q2
ANNALS OF THE ENTOMOLOGICAL SOCIETY OF AMERICA,Biology & Biochemistry,ENTOMOLOGY,Q2
JOURNAL OF APICULTURAL RESEARCH,Biology & Biochemistry,ENTOMOLOGY,Q2
ANIMAL BIOTECHNOLOGY,Biology & Biochemistry,BIOTECHNOLOGY & APPLIED MICROBIOLOGY,Q3
JOURNAL OF PESTICIDE SCIENCE,Biology & Biochemistry,ENTOMOLOGY,Q2
GENOME,Biology & Biochemistry,BIOTECHNOLOGY & APPLIED MICROBIOLOGY,Q3
AMERICAN JOURNAL OF ENOLOGY AND VITICULTURE,Biology & Biochemistry,BIOTECHNOLOGY & APPLIED MICROBIOLOGY,Q3
JOURNAL OF FOOD SAFETY,Biology & Biochemistry,BIOTECHNOLOGY & APPLIED MICROBIOLOGY,Q3
CANADIAN JOURNAL OF MICROBIOLOGY,Biology & Biochemistry,BIOTECHNOLOGY & APPLIED MICROBIOLOGY,Q3
PLANT BREEDING,Biology & Biochemistry,BIOTECHNOLOGY & APPLIED MICROBIOLOGY,Q3
JOURNAL OF INTERFERON AND CYTOKINE RESEARCH,Biology & Biochemistry,CELL BIOLOGY,Q4
JOURNAL OF THE AMERICAN SOCIETY OF BREWING CHEMISTS,Biology & Biochemistry,BIOTECHNOLOGY & APPLIED MICROBIOLOGY,Q3
ACTA HISTOCHEMICA ET CYTOCHEMICA,Biology & Biochemistry,CELL BIOLOGY,Q4
JOURNAL OF HISTOTECHNOLOGY,Biology & Biochemistry,CELL BIOLOGY,Q4
EXPERIMENTAL AND APPLIED ACAROLOGY,Biology & Biochemistry,ENTOMOLOGY,Q2
ENTOMOLOGIA EXPERIMENTALIS ET APPLICATA,Biology & Biochemistry,ENTOMOLOGY,Q2
NEOTROPICAL ENTOMOLOGY,Biology & Biochemistry,ENTOMOLOGY,Q2
JOURNAL OF EXPERIMENTAL ZOOLOGY PART B-MOLECULAR AND DEVELOPMENTAL EVOLUTION,Biology & Biochemistry,DEVELOPMENTAL BIOLOGY,Q3
Pharmacogenetics and Genomics,Biology & Biochemistry,BIOTECHNOLOGY & APPLIED MICROBIOLOGY,Q4
Genes & Genomics,Biology & Biochemistry,BIOTECHNOLOGY & APPLIED MICROBIOLOGY,Q4
IN VITRO CELLULAR & DEVELOPMENTAL BIOLOGY-ANIMAL,Biology & Biochemistry,CELL BIOLOGY,Q4
IN VITRO CELLULAR & DEVELOPMENTAL BIOLOGY-ANIMAL,Biology & Biochemistry,DEVELOPMENTAL BIOLOGY,Q3
Algorithms for Molecular Biology,Biology & Biochemistry,BIOTECHNOLOGY & APPLIED MICROBIOLOGY,Q4
CYTOTECHNOLOGY,Biology & Biochemistry,BIOTECHNOLOGY & APPLIED MICROBIOLOGY,Q4
CYTOTECHNOLOGY,Biology & Biochemistry,CELL BIOLOGY,Q4
Cellular Reprogramming,Biology & Biochemistry,BIOTECHNOLOGY & APPLIED MICROBIOLOGY,Q4
Cellular Reprogramming,Biology & Biochemistry,CELL & TISSUE ENGINEERING,Q4
GROWTH FACTORS,Biology & Biochemistry,CELL BIOLOGY,Q4
Cell Journal,Biology & Biochemistry,CELL BIOLOGY,Q4
JOURNAL OF MUSCLE RESEARCH AND CELL MOTILITY,Biology & Biochemistry,CELL BIOLOGY,Q4
ECOLOGICAL ENTOMOLOGY,Biology & Biochemistry,ENTOMOLOGY,Q2
BULLETIN OF ENTOMOLOGICAL RESEARCH,Biology & Biochemistry,ENTOMOLOGY,Q2
JOURNAL OF VIROLOGICAL METHODS,Biology & Biochemistry,BIOTECHNOLOGY & APPLIED MICROBIOLOGY,Q4
ENTOMOLOGICAL RESEARCH,Biology & Biochemistry,ENTOMOLOGY,Q2
CELLULAR MICROBIOLOGY,Biology & Biochemistry,CELL BIOLOGY,Q4
JOURNAL OF COMPUTATIONAL BIOLOGY,Biology & Biochemistry,BIOTECHNOLOGY & APPLIED MICROBIOLOGY,Q4
OMICS-A JOURNAL OF INTEGRATIVE BIOLOGY,Biology & Biochemistry,BIOTECHNOLOGY & APPLIED MICROBIOLOGY,Q4
Birth Defects Research,Biology & Biochemistry,DEVELOPMENTAL BIOLOGY,Q3
INTERNATIONAL JOURNAL OF DEVELOPMENTAL NEUROSCIENCE,Biology & Biochemistry,DEVELOPMENTAL BIOLOGY,Q3
CRITICAL REVIEWS IN EUKARYOTIC GENE EXPRESSION,Biology & Biochemistry,BIOTECHNOLOGY & APPLIED MICROBIOLOGY,Q4
INDIAN JOURNAL OF MICROBIOLOGY,Biology & Biochemistry,BIOTECHNOLOGY & APPLIED MICROBIOLOGY,Q4
Plant Biotechnology Reports,Biology & Biochemistry,BIOTECHNOLOGY & APPLIED MICROBIOLOGY,Q4
Current Computer-Aided Drug Design,Biology & Biochemistry,"CHEMISTRY, MEDICINAL",Q4
NATURAL PRODUCT RESEARCH,Biology & Biochemistry,"CHEMISTRY, MEDICINAL",Q4
Records of Natural Products,Biology & Biochemistry,"CHEMISTRY, MEDICINAL",Q4
Journal of Stem Cells & Regenerative Medicine,Biology & Biochemistry,CELL & TISSUE ENGINEERING,Q4
Letters in Drug Design & Discovery,Biology & Biochemistry,"CHEMISTRY, MEDICINAL",Q4
Revista Brasileira de Farmacognosia-Brazilian Journal of Pharmacognosy,Biology & Biochemistry,"CHEMISTRY, MEDICINAL",Q4
FOOD BIOTECHNOLOGY,Biology & Biochemistry,BIOTECHNOLOGY & APPLIED MICROBIOLOGY,Q4
GROWTH HORMONE & IGF RESEARCH,Biology & Biochemistry,CELL BIOLOGY,Q4
Cytoskeleton,Biology & Biochemistry,CELL BIOLOGY,Q4
ENVIRONMENTAL ENTOMOLOGY,Biology & Biochemistry,ENTOMOLOGY,Q2
DEVELOPMENTAL DYNAMICS,Biology & Biochemistry,DEVELOPMENTAL BIOLOGY,Q4
JOURNAL OF HYMENOPTERA RESEARCH,Biology & Biochemistry,ENTOMOLOGY,Q2
PHYSIOLOGICAL ENTOMOLOGY,Biology & Biochemistry,ENTOMOLOGY,Q2
NEW GENETICS AND SOCIETY,Biology & Biochemistry,BIOTECHNOLOGY & APPLIED MICROBIOLOGY,Q4
INSECTES SOCIAUX,Biology & Biochemistry,ENTOMOLOGY,Q2
PHYTOPARASITICA,Biology & Biochemistry,ENTOMOLOGY,Q2
BIOLOGICALS,Biology & Biochemistry,BIOTECHNOLOGY & APPLIED MICROBIOLOGY,Q4
Iranian Journal of Biotechnology,Biology & Biochemistry,BIOTECHNOLOGY & APPLIED MICROBIOLOGY,Q4
Romanian Journal of Morphology and Embryology,Biology & Biochemistry,DEVELOPMENTAL BIOLOGY,Q4
JOURNAL OF HISTOCHEMISTRY & CYTOCHEMISTRY,Biology & Biochemistry,CELL BIOLOGY,Q4
Current Nanoscience,Biology & Biochemistry,BIOTECHNOLOGY & APPLIED MICROBIOLOGY,Q4
INSECT SYSTEMATICS & EVOLUTION,Biology & Biochemistry,ENTOMOLOGY,Q2
Phytochemistry Letters,Biology & Biochemistry,"CHEMISTRY, MEDICINAL",Q4
ZYGOTE,Biology & Biochemistry,CELL BIOLOGY,Q4
ZYGOTE,Biology & Biochemistry,DEVELOPMENTAL BIOLOGY,Q4
BIOTECHNOLOGY & BIOTECHNOLOGICAL EQUIPMENT,Biology & Biochemistry,BIOTECHNOLOGY & APPLIED MICROBIOLOGY,Q4
Biopreservation and Biobanking,Biology & Biochemistry,CELL BIOLOGY,Q4
Natural Product Communications,Biology & Biochemistry,"CHEMISTRY, MEDICINAL",Q4
BIOTECHNIC & HISTOCHEMISTRY,Biology & Biochemistry,BIOTECHNOLOGY & APPLIED MICROBIOLOGY,Q4
BIOTECHNIC & HISTOCHEMISTRY,Biology & Biochemistry,CELL BIOLOGY,Q4
Integrative Biology,Biology & Biochemistry,CELL BIOLOGY,Q4
Biochemistry Moscow Supplement Series A-Membrane and Cell Biology,Biology & Biochemistry,CELL BIOLOGY,Q4
ARTHROPOD STRUCTURE & DEVELOPMENT,Biology & Biochemistry,ENTOMOLOGY,Q2
JOURNAL OF ASIA-PACIFIC ENTOMOLOGY,Biology & Biochemistry,ENTOMOLOGY,Q2
JOURNAL OF VECTOR ECOLOGY,Biology & Biochemistry,ENTOMOLOGY,Q2
European Journal of Taxonomy,Biology & Biochemistry,ENTOMOLOGY,Q2
Arthropod-Plant Interactions,Biology & Biochemistry,ENTOMOLOGY,Q2
REVISTA BRASILEIRA DE ENTOMOLOGIA,Biology & Biochemistry,ENTOMOLOGY,Q2
INTERNATIONAL JOURNAL OF DEVELOPMENTAL BIOLOGY,Biology & Biochemistry,DEVELOPMENTAL BIOLOGY,Q4
JOURNAL OF ASIAN NATURAL PRODUCTS RESEARCH,Biology & Biochemistry,"CHEMISTRY, MEDICINAL",Q4
CHEMICAL & PHARMACEUTICAL BULLETIN,Biology & Biochemistry,"CHEMISTRY, MEDICINAL",Q4
GENES TO CELLS,Biology & Biochemistry,CELL BIOLOGY,Q4
BIOSCIENCE BIOTECHNOLOGY AND BIOCHEMISTRY,Biology & Biochemistry,BIOTECHNOLOGY & APPLIED MICROBIOLOGY,Q4
CYTOGENETIC AND GENOME RESEARCH,Biology & Biochemistry,CELL BIOLOGY,Q4
SYSTEMATIC AND APPLIED ACAROLOGY,Biology & Biochemistry,ENTOMOLOGY,Q3
Zebrafish,Biology & Biochemistry,DEVELOPMENTAL BIOLOGY,Q4
EUROPEAN JOURNAL OF ENTOMOLOGY,Biology & Biochemistry,ENTOMOLOGY,Q3
APPLIED ENTOMOLOGY AND ZOOLOGY,Biology & Biochemistry,ENTOMOLOGY,Q3
INTERNATIONAL JOURNAL OF TROPICAL INSECT SCIENCE,Biology & Biochemistry,ENTOMOLOGY,Q3
JOURNAL OF ORTHOPTERA RESEARCH,Biology & Biochemistry,ENTOMOLOGY,Q3
Microbial Physiology,Biology & Biochemistry,BIOTECHNOLOGY & APPLIED MICROBIOLOGY,Q4
Asian Myrmecology,Biology & Biochemistry,ENTOMOLOGY,Q3
BIOCONTROL SCIENCE AND TECHNOLOGY,Biology & Biochemistry,BIOTECHNOLOGY & APPLIED MICROBIOLOGY,Q4
BIOCONTROL SCIENCE AND TECHNOLOGY,Biology & Biochemistry,ENTOMOLOGY,Q3
FLORIDA ENTOMOLOGIST,Biology & Biochemistry,ENTOMOLOGY,Q3
PROTEIN EXPRESSION AND PURIFICATION,Biology & Biochemistry,BIOTECHNOLOGY & APPLIED MICROBIOLOGY,Q4
EUROPEAN CYTOKINE NETWORK,Biology & Biochemistry,CELL BIOLOGY,Q4
Natural Products Journal,Biology & Biochemistry,"CHEMISTRY, MEDICINAL",Q4
ACAROLOGIA,Biology & Biochemistry,ENTOMOLOGY,Q3
Austral Entomology,Biology & Biochemistry,ENTOMOLOGY,Q3
CANADIAN ENTOMOLOGIST,Biology & Biochemistry,ENTOMOLOGY,Q3
INTERNATIONAL JOURNAL OF PEST MANAGEMENT,Biology & Biochemistry,ENTOMOLOGY,Q3
AFRICAN INVERTEBRATES,Biology & Biochemistry,ENTOMOLOGY,Q3
Plant Biotechnology,Biology & Biochemistry,BIOTECHNOLOGY & APPLIED MICROBIOLOGY,Q4
GENE EXPRESSION PATTERNS,Biology & Biochemistry,DEVELOPMENTAL BIOLOGY,Q4
CYTOPATHOLOGY,Biology & Biochemistry,CELL BIOLOGY,Q4
Crop Breeding and Applied Biotechnology,Biology & Biochemistry,BIOTECHNOLOGY & APPLIED MICROBIOLOGY,Q4
BIOCONTROL SCIENCE,Biology & Biochemistry,BIOTECHNOLOGY & APPLIED MICROBIOLOGY,Q4
APPLIED BIOCHEMISTRY AND MICROBIOLOGY,Biology & Biochemistry,BIOTECHNOLOGY & APPLIED MICROBIOLOGY,Q4
Biomedical and Biotechnology Research Journal,Biology & Biochemistry,BIOTECHNOLOGY & APPLIED MICROBIOLOGY,Q4
Industrial Biotechnology,Biology & Biochemistry,BIOTECHNOLOGY & APPLIED MICROBIOLOGY,Q4
INTERNATIONAL JOURNAL OF ODONATOLOGY,Biology & Biochemistry,ENTOMOLOGY,Q3
INTERNATIONAL JOURNAL OF ACAROLOGY,Biology & Biochemistry,ENTOMOLOGY,Q3
JOURNAL OF THE AMERICAN MOSQUITO CONTROL ASSOCIATION,Biology & Biochemistry,ENTOMOLOGY,Q3
DEVELOPMENT GROWTH & DIFFERENTIATION,Biology & Biochemistry,CELL BIOLOGY,Q4
DEVELOPMENT GROWTH & DIFFERENTIATION,Biology & Biochemistry,DEVELOPMENTAL BIOLOGY,Q4
PHARMAZIE,Biology & Biochemistry,"CHEMISTRY, MEDICINAL",Q4
Journal of Biologically Active Products from Nature,Biology & Biochemistry,"CHEMISTRY, MEDICINAL",Q4
PHARMACEUTICAL CHEMISTRY JOURNAL,Biology & Biochemistry,"CHEMISTRY, MEDICINAL",Q4
BULLETIN OF INSECTOLOGY,Biology & Biochemistry,ENTOMOLOGY,Q3
Psyche-A Journal of Entomology,Biology & Biochemistry,ENTOMOLOGY,Q3
ANNALES ZOOLOGICI,Biology & Biochemistry,ENTOMOLOGY,Q3
DEUTSCHE ENTOMOLOGISCHE ZEITSCHRIFT,Biology & Biochemistry,ENTOMOLOGY,Q3
JOURNAL OF INSECT BEHAVIOR,Biology & Biochemistry,ENTOMOLOGY,Q3
JOURNAL OF ARACHNOLOGY,Biology & Biochemistry,ENTOMOLOGY,Q3
ENTOMOLOGICAL SCIENCE,Biology & Biochemistry,ENTOMOLOGY,Q3
CHEMISTRY OF NATURAL COMPOUNDS,Biology & Biochemistry,"CHEMISTRY, MEDICINAL",Q4
DEVELOPMENT GENES AND EVOLUTION,Biology & Biochemistry,CELL BIOLOGY,Q4
DEVELOPMENT GENES AND EVOLUTION,Biology & Biochemistry,DEVELOPMENTAL BIOLOGY,Q4
JOURNAL OF LABELLED COMPOUNDS & RADIOPHARMACEUTICALS,Biology & Biochemistry,"CHEMISTRY, MEDICINAL",Q4
CHEMICAL AND BIOCHEMICAL ENGINEERING QUARTERLY,Biology & Biochemistry,BIOTECHNOLOGY & APPLIED MICROBIOLOGY,Q4
Pharmacognosy Magazine,Biology & Biochemistry,"CHEMISTRY, MEDICINAL",Q4
Persian Journal of Acarology,Biology & Biochemistry,ENTOMOLOGY,Q3
ACTA ENTOMOLOGICA MUSEI NATIONALIS PRAGAE,Biology & Biochemistry,ENTOMOLOGY,Q3
TURKIYE ENTOMOLOJI DERGISI-TURKISH JOURNAL OF ENTOMOLOGY,Biology & Biochemistry,ENTOMOLOGY,Q3
Alpine Entomology,Biology & Biochemistry,ENTOMOLOGY,Q3
JOURNAL OF APICULTURAL SCIENCE,Biology & Biochemistry,ENTOMOLOGY,Q3
COLEOPTERISTS BULLETIN,Biology & Biochemistry,ENTOMOLOGY,Q3
JOURNAL OF GENERAL AND APPLIED MICROBIOLOGY,Biology & Biochemistry,BIOTECHNOLOGY & APPLIED MICROBIOLOGY,Q4
ANNALES DE LA SOCIETE ENTOMOLOGIQUE DE FRANCE,Biology & Biochemistry,ENTOMOLOGY,Q4
JOURNAL OF ENTOMOLOGICAL SCIENCE,Biology & Biochemistry,ENTOMOLOGY,Q4
NOTA LEPIDOPTEROLOGICA,Biology & Biochemistry,ENTOMOLOGY,Q4
Stem Cell Research,Biology & Biochemistry,BIOTECHNOLOGY & APPLIED MICROBIOLOGY,Q4
Stem Cell Research,Biology & Biochemistry,CELL & TISSUE ENGINEERING,Q4
Stem Cell Research,Biology & Biochemistry,CELL BIOLOGY,Q4
AFRICAN ENTOMOLOGY,Biology & Biochemistry,ENTOMOLOGY,Q4
AQUATIC INSECTS,Biology & Biochemistry,ENTOMOLOGY,Q4
ARTHROPODA SELECTA,Biology & Biochemistry,ENTOMOLOGY,Q4
Journal of Insect Biodiversity,Biology & Biochemistry,ENTOMOLOGY,Q4
SOCIOBIOLOGY,Biology & Biochemistry,ENTOMOLOGY,Q4
ORIENTAL INSECTS,Biology & Biochemistry,ENTOMOLOGY,Q4
PAN-PACIFIC ENTOMOLOGIST,Biology & Biochemistry,ENTOMOLOGY,Q4
Biotecnia,Biology & Biochemistry,BIOTECHNOLOGY & APPLIED MICROBIOLOGY,Q4
FRAGMENTA ENTOMOLOGICA,Biology & Biochemistry,ENTOMOLOGY,Q4
JOURNAL OF THE ENTOMOLOGICAL RESEARCH SOCIETY,Biology & Biochemistry,ENTOMOLOGY,Q4
REVISTA DE LA SOCIEDAD ENTOMOLOGICA ARGENTINA,Biology & Biochemistry,ENTOMOLOGY,Q4
SHILAP-REVISTA DE LEPIDOPTEROLOGIA,Biology & Biochemistry,ENTOMOLOGY,Q4
Entomologica Americana,Biology & Biochemistry,ENTOMOLOGY,Q4
MALAYSIAN APPLIED BIOLOGY,Biology & Biochemistry,BIOTECHNOLOGY & APPLIED MICROBIOLOGY,Q4
Minerva Biotechnology and Biomolecular Research,Biology & Biochemistry,BIOTECHNOLOGY & APPLIED MICROBIOLOGY,Q4
ODONATOLOGICA,Biology & Biochemistry,ENTOMOLOGY,Q4
NEW ZEALAND ENTOMOLOGIST,Biology & Biochemistry,ENTOMOLOGY,Q4
Journal of Microorganism Control,Biology & Biochemistry,BIOTECHNOLOGY & APPLIED MICROBIOLOGY,Q4
PROCEEDINGS OF THE ENTOMOLOGICAL SOCIETY OF WASHINGTON,Biology & Biochemistry,ENTOMOLOGY,Q4
SOUTHWESTERN ENTOMOLOGIST,Biology & Biochemistry,ENTOMOLOGY,Q4
Russian Journal of Developmental Biology,Biology & Biochemistry,DEVELOPMENTAL BIOLOGY,Q4
CYTOLOGIA,Biology & Biochemistry,CELL BIOLOGY,Q4
JAPANESE JOURNAL OF APPLIED ENTOMOLOGY AND ZOOLOGY,Biology & Biochemistry,ENTOMOLOGY,Q4
REVISTA CHILENA DE ENTOMOLOGIA,Biology & Biochemistry,ENTOMOLOGY,Q4
REVISTA COLOMBIANA DE ENTOMOLOGIA,Biology & Biochemistry,ENTOMOLOGY,Q4
ENTOMOLOGICAL NEWS,Biology & Biochemistry,ENTOMOLOGY,Q4
TRANSACTIONS OF THE AMERICAN ENTOMOLOGICAL SOCIETY,Biology & Biochemistry,ENTOMOLOGY,Q4
JOURNAL OF THE LEPIDOPTERISTS SOCIETY,Biology & Biochemistry,ENTOMOLOGY,Q4
JOURNAL OF THE KANSAS ENTOMOLOGICAL SOCIETY,Biology & Biochemistry,ENTOMOLOGY,Q4
BIOTECHNOLOGY LAW REPORT,Biology & Biochemistry,BIOTECHNOLOGY & APPLIED MICROBIOLOGY,Q4
Applied Biological Research,Biology & Biochemistry,BIOTECHNOLOGY & APPLIED MICROBIOLOGY,Q4
Research Journal of Biotechnology,Biology & Biochemistry,BIOTECHNOLOGY & APPLIED MICROBIOLOGY,Q4
BIOPHARM INTERNATIONAL,Biology & Biochemistry,BIOTECHNOLOGY & APPLIED MICROBIOLOGY,Q4
Asian Biotechnology and Development Review,Biology & Biochemistry,BIOTECHNOLOGY & APPLIED MICROBIOLOGY,Q4
BIOLOGICHESKIE MEMBRANY,Biology & Biochemistry,CELL BIOLOGY,Q4
POSTEPY BIOLOGII KOMORKI,Biology & Biochemistry,CELL BIOLOGY,Q4
Nature Reviews Earth & Environment,Biology & Biochemistry,ENVIRONMENTAL SCIENCES,Q1
Energy & Environmental Science,Biology & Biochemistry,ENVIRONMENTAL SCIENCES,Q1
Nature Climate Change,Biology & Biochemistry,ENVIRONMENTAL SCIENCES,Q1
Nature Sustainability,Biology & Biochemistry,ENVIRONMENTAL SCIENCES,Q1
Nature Water,Biology & Biochemistry,ENVIRONMENTAL SCIENCES,Q1
Lancet Planetary Health,Biology & Biochemistry,ENVIRONMENTAL SCIENCES,Q1
Environmental Chemistry Letters,Biology & Biochemistry,ENVIRONMENTAL SCIENCES,Q1
Eco-Environment & Health,Biology & Biochemistry,ENVIRONMENTAL SCIENCES,Q1
TRENDS IN ECOLOGY & EVOLUTION,Biology & Biochemistry,EVOLUTIONARY BIOLOGY,Q1
Annual Review of Environment and Resources,Biology & Biochemistry,ENVIRONMENTAL SCIENCES,Q1
One Earth,Biology & Biochemistry,ENVIRONMENTAL SCIENCES,Q1
Nature Ecology & Evolution,Biology & Biochemistry,EVOLUTIONARY BIOLOGY,Q1
Environmental Science and Ecotechnology,Biology & Biochemistry,ENVIRONMENTAL SCIENCES,Q1
Biochar,Biology & Biochemistry,ENVIRONMENTAL SCIENCES,Q1
Trends in Environmental Analytical Chemistry,Biology & Biochemistry,ENVIRONMENTAL SCIENCES,Q1
CRITICAL REVIEWS IN ENVIRONMENTAL SCIENCE AND TECHNOLOGY,Biology & Biochemistry,ENVIRONMENTAL SCIENCES,Q1
WATER RESEARCH,Biology & Biochemistry,ENVIRONMENTAL SCIENCES,Q1
GLOBAL CHANGE BIOLOGY,Biology & Biochemistry,ENVIRONMENTAL SCIENCES,Q1
REMOTE SENSING OF ENVIRONMENT,Biology & Biochemistry,ENVIRONMENTAL SCIENCES,Q1
npj Clean Water,Biology & Biochemistry,ENVIRONMENTAL SCIENCES,Q1
Annual Review of Ecology Evolution and Systematics,Biology & Biochemistry,EVOLUTIONARY BIOLOGY,Q1
JOURNAL OF HAZARDOUS MATERIALS,Biology & Biochemistry,ENVIRONMENTAL SCIENCES,Q1
ENVIRONMENTAL SCIENCE & TECHNOLOGY,Biology & Biochemistry,ENVIRONMENTAL SCIENCES,Q1
Reviews in Aquaculture,Biology & Biochemistry,FISHERIES,Q1
RESOURCES CONSERVATION AND RECYCLING,Biology & Biochemistry,ENVIRONMENTAL SCIENCES,Q1
REVIEWS IN ENVIRONMENTAL SCIENCE AND BIO-TECHNOLOGY,Biology & Biochemistry,ENVIRONMENTAL SCIENCES,Q1
Journal of Cleaner Production,Biology & Biochemistry,ENVIRONMENTAL SCIENCES,Q1
ENVIRONMENTAL HEALTH PERSPECTIVES,Biology & Biochemistry,ENVIRONMENTAL SCIENCES,Q1
ENVIRONMENT INTERNATIONAL,Biology & Biochemistry,ENVIRONMENTAL SCIENCES,Q1
Energy Nexus,Biology & Biochemistry,ENVIRONMENTAL SCIENCES,Q1
Energy Policy,Biology & Biochemistry,ENVIRONMENTAL SCIENCES,Q1
GLOBAL ENVIRONMENTAL CHANGE-HUMAN AND POLICY DIMENSIONS,Biology & Biochemistry,ENVIRONMENTAL SCIENCES,Q1
Communications Earth & Environment,Biology & Biochemistry,ENVIRONMENTAL SCIENCES,Q1
Environmental Science & Technology Letters,Biology & Biochemistry,ENVIRONMENTAL SCIENCES,Q1
Journal of Environmental Management,Biology & Biochemistry,ENVIRONMENTAL SCIENCES,Q1
Integrated Environmental Assessment and Management,Biology & Biochemistry,ENVIRONMENTAL SCIENCES,Q1
Environmental Chemistry and Ecotoxicology,Biology & Biochemistry,ENVIRONMENTAL SCIENCES,Q1
Earths Future,Biology & Biochemistry,ENVIRONMENTAL SCIENCES,Q1
Water Research X,Biology & Biochemistry,ENVIRONMENTAL SCIENCES,Q1
Current Pollution Reports,Biology & Biochemistry,ENVIRONMENTAL SCIENCES,Q1
JOURNAL OF TOXICOLOGY AND ENVIRONMENTAL HEALTH-PART B-CRITICAL REVIEWS,Biology & Biochemistry,ENVIRONMENTAL SCIENCES,Q1
Journal of Hazardous Materials Letters,Biology & Biochemistry,ENVIRONMENTAL SCIENCES,Q1
Science of The Total Environment,Biology & Biochemistry,ENVIRONMENTAL SCIENCES,Q1
Resources Environment and Sustainability,Biology & Biochemistry,ENVIRONMENTAL SCIENCES,Q1
ENVIRONMENTAL RESEARCH,Biology & Biochemistry,ENVIRONMENTAL SCIENCES,Q1
Sustainable Horizons,Biology & Biochemistry,ENVIRONMENTAL SCIENCES,Q1
Journal of Hazardous Materials Advances,Biology & Biochemistry,ENVIRONMENTAL SCIENCES,Q1
ACS Environmental Au,Biology & Biochemistry,ENVIRONMENTAL SCIENCES,Q1
FRONTIERS IN ECOLOGY AND THE ENVIRONMENT,Biology & Biochemistry,ENVIRONMENTAL SCIENCES,Q1
Ecological Indicators,Biology & Biochemistry,ENVIRONMENTAL SCIENCES,Q1
International Soil and Water Conservation Research,Biology & Biochemistry,ENVIRONMENTAL SCIENCES,Q1
ENVIRONMENTAL POLLUTION,Biology & Biochemistry,ENVIRONMENTAL SCIENCES,Q1
Environmental Technology & Innovation,Biology & Biochemistry,ENVIRONMENTAL SCIENCES,Q1
Waste Management,Biology & Biochemistry,ENVIRONMENTAL SCIENCES,Q1
Emerging Contaminants,Biology & Biochemistry,ENVIRONMENTAL SCIENCES,Q1
Urban Climate,Biology & Biochemistry,ENVIRONMENTAL SCIENCES,Q1
Journal of Geovisualization and Spatial Analysis,Biology & Biochemistry,ENVIRONMENTAL SCIENCES,Q1
Journal of Remote Sensing,Biology & Biochemistry,ENVIRONMENTAL SCIENCES,Q1
Current Opinion in Environmental Science & Health,Biology & Biochemistry,ENVIRONMENTAL SCIENCES,Q1
Ecosystem Services,Biology & Biochemistry,ENVIRONMENTAL SCIENCES,Q1
Reviews of Environmental Contamination and Toxicology,Biology & Biochemistry,ENVIRONMENTAL SCIENCES,Q1
Cleaner Engineering and Technology,Biology & Biochemistry,ENVIRONMENTAL SCIENCES,Q1
AGRICULTURE ECOSYSTEMS & ENVIRONMENT,Biology & Biochemistry,ENVIRONMENTAL SCIENCES,Q1
Resources Conservation & Recycling Advances,Biology & Biochemistry,ENVIRONMENTAL SCIENCES,Q1
Frontiers of Environmental Science & Engineering,Biology & Biochemistry,ENVIRONMENTAL SCIENCES,Q1
ECOLOGICAL ECONOMICS,Biology & Biochemistry,ENVIRONMENTAL SCIENCES,Q1
Environment & Health,Biology & Biochemistry,ENVIRONMENTAL SCIENCES,Q1
Journal of Environmental Sciences,Biology & Biochemistry,ENVIRONMENTAL SCIENCES,Q1
Current Opinion in Environmental Sustainability,Biology & Biochemistry,ENVIRONMENTAL SCIENCES,Q1
CLADISTICS,Biology & Biochemistry,EVOLUTIONARY BIOLOGY,Q1
FISH AND FISHERIES,Biology & Biochemistry,FISHERIES,Q1
ECOTOXICOLOGY AND ENVIRONMENTAL SAFETY,Biology & Biochemistry,ENVIRONMENTAL SCIENCES,Q1
Environmental Innovation and Societal Transitions,Biology & Biochemistry,ENVIRONMENTAL SCIENCES,Q1
Environmental Sciences Europe,Biology & Biochemistry,ENVIRONMENTAL SCIENCES,Q1
Environmental Health,Biology & Biochemistry,ENVIRONMENTAL SCIENCES,Q1
Wiley Interdisciplinary Reviews-Water,Biology & Biochemistry,ENVIRONMENTAL SCIENCES,Q1
Sustainable Chemistry and Pharmacy,Biology & Biochemistry,ENVIRONMENTAL SCIENCES,Q1
Carbon Balance and Management,Biology & Biochemistry,ENVIRONMENTAL SCIENCES,Q1
Global Sustainability,Biology & Biochemistry,ENVIRONMENTAL SCIENCES,Q1
Systematic Biology,Biology & Biochemistry,EVOLUTIONARY BIOLOGY,Q1
Journal of Environmental Informatics,Biology & Biochemistry,ENVIRONMENTAL SCIENCES,Q1
Environmental Research Letters,Biology & Biochemistry,ENVIRONMENTAL SCIENCES,Q1
Environmental and Sustainability Indicators,Biology & Biochemistry,ENVIRONMENTAL SCIENCES,Q1
Groundwater for Sustainable Development,Biology & Biochemistry,ENVIRONMENTAL SCIENCES,Q1
Molecular Ecology Resources,Biology & Biochemistry,EVOLUTIONARY BIOLOGY,Q1
CONSERVATION BIOLOGY,Biology & Biochemistry,ENVIRONMENTAL SCIENCES,Q1
GLOBAL BIOGEOCHEMICAL CYCLES,Biology & Biochemistry,ENVIRONMENTAL SCIENCES,Q1
NanoImpact,Biology & Biochemistry,ENVIRONMENTAL SCIENCES,Q1
JOURNAL OF INDUSTRIAL ECOLOGY,Biology & Biochemistry,ENVIRONMENTAL SCIENCES,Q1
Environmental Research-Climate,Biology & Biochemistry,ENVIRONMENTAL SCIENCES,Q1
INTERNATIONAL JOURNAL OF LIFE CYCLE ASSESSMENT,Biology & Biochemistry,ENVIRONMENTAL SCIENCES,Q1
MOLECULAR BIOLOGY AND EVOLUTION,Biology & Biochemistry,EVOLUTIONARY BIOLOGY,Q1
Environmental Development,Biology & Biochemistry,ENVIRONMENTAL SCIENCES,Q1
Reviews in Fisheries Science & Aquaculture,Biology & Biochemistry,FISHERIES,Q1
Cleaner and Responsible Consumption,Biology & Biochemistry,ENVIRONMENTAL SCIENCES,Q1
Sustainability Science,Biology & Biochemistry,ENVIRONMENTAL SCIENCES,Q1
Advances in Climate Change Research,Biology & Biochemistry,ENVIRONMENTAL SCIENCES,Q1
Science of Remote Sensing,Biology & Biochemistry,ENVIRONMENTAL SCIENCES,Q1
ENVIRONMENTAL SCIENCE & POLICY,Biology & Biochemistry,ENVIRONMENTAL SCIENCES,Q1
Environmental Evidence,Biology & Biochemistry,ENVIRONMENTAL SCIENCES,Q1
ENVIRONMENTAL REVIEWS,Biology & Biochemistry,ENVIRONMENTAL SCIENCES,Q1
ATMOSPHERIC CHEMISTRY AND PHYSICS,Biology & Biochemistry,ENVIRONMENTAL SCIENCES,Q1
Environmental Science-Nano,Biology & Biochemistry,ENVIRONMENTAL SCIENCES,Q1
AMBIO,Biology & Biochemistry,ENVIRONMENTAL SCIENCES,Q1
Microplastics,Biology & Biochemistry,ENVIRONMENTAL SCIENCES,Q1
PLOS Climate,Biology & Biochemistry,ENVIRONMENTAL SCIENCES,Q1
WATER RESOURCES RESEARCH,Biology & Biochemistry,ENVIRONMENTAL SCIENCES,Q2
Climate Risk Management,Biology & Biochemistry,ENVIRONMENTAL SCIENCES,Q2
SYSTEMATIC ENTOMOLOGY,Biology & Biochemistry,EVOLUTIONARY BIOLOGY,Q1
Marine Pollution Bulletin,Biology & Biochemistry,ENVIRONMENTAL SCIENCES,Q2
Cleaner Environmental Systems,Biology & Biochemistry,ENVIRONMENTAL SCIENCES,Q2
Sustainable Futures,Biology & Biochemistry,ENVIRONMENTAL SCIENCES,Q2
CLIMATIC CHANGE,Biology & Biochemistry,ENVIRONMENTAL SCIENCES,Q2
APPLIED CATALYSIS A-GENERAL,Biology & Biochemistry,ENVIRONMENTAL SCIENCES,Q2
Sustainable Environment Research,Biology & Biochemistry,ENVIRONMENTAL SCIENCES,Q2
Earth Systems and Environment,Biology & Biochemistry,ENVIRONMENTAL SCIENCES,Q2
Journal of Exposure Science and Environmental Epidemiology,Biology & Biochemistry,ENVIRONMENTAL SCIENCES,Q2
ENVIRONMENTAL AND EXPERIMENTAL BOTANY,Biology & Biochemistry,ENVIRONMENTAL SCIENCES,Q2
Clean Technologies,Biology & Biochemistry,ENVIRONMENTAL SCIENCES,Q2
REVIEWS IN FISH BIOLOGY AND FISHERIES,Biology & Biochemistry,FISHERIES,Q1
Regional Sustainability,Biology & Biochemistry,ENVIRONMENTAL SCIENCES,Q2
ENVIRONMENTAL MODELLING & SOFTWARE,Biology & Biochemistry,ENVIRONMENTAL SCIENCES,Q2
PLOS Sustainability and Transformation,Biology & Biochemistry,ENVIRONMENTAL SCIENCES,Q2
Climate Services,Biology & Biochemistry,ENVIRONMENTAL SCIENCES,Q2
Elementa-Science of the Anthropocene,Biology & Biochemistry,ENVIRONMENTAL SCIENCES,Q2
Remote Sensing Applications-Society and Environment,Biology & Biochemistry,ENVIRONMENTAL SCIENCES,Q2
Waste Disposal & Sustainable Energy,Biology & Biochemistry,ENVIRONMENTAL SCIENCES,Q2
REVIEWS ON ENVIRONMENTAL HEALTH,Biology & Biochemistry,ENVIRONMENTAL SCIENCES,Q2
BIOLOGICAL CONSERVATION,Biology & Biochemistry,ENVIRONMENTAL SCIENCES,Q2
Water Biology and Security,Biology & Biochemistry,ENVIRONMENTAL SCIENCES,Q2
Water Biology and Security,Biology & Biochemistry,FISHERIES,Q1
Utilities Policy,Biology & Biochemistry,ENVIRONMENTAL SCIENCES,Q2
JOURNAL OF CONTAMINANT HYDROLOGY,Biology & Biochemistry,ENVIRONMENTAL SCIENCES,Q2
Environmental Science-Advances,Biology & Biochemistry,ENVIRONMENTAL SCIENCES,Q2
ECOLOGICAL APPLICATIONS,Biology & Biochemistry,ENVIRONMENTAL SCIENCES,Q2
AQUACULTURAL ENGINEERING,Biology & Biochemistry,FISHERIES,Q1
ACS ES&T Water,Biology & Biochemistry,ENVIRONMENTAL SCIENCES,Q2
Bioresource Technology Reports,Biology & Biochemistry,ENVIRONMENTAL SCIENCES,Q2
WASTE MANAGEMENT & RESEARCH,Biology & Biochemistry,ENVIRONMENTAL SCIENCES,Q2
Environmental Toxicology and Pharmacology,Biology & Biochemistry,ENVIRONMENTAL SCIENCES,Q2
ENVIRONMENT DEVELOPMENT AND SUSTAINABILITY,Biology & Biochemistry,ENVIRONMENTAL SCIENCES,Q2
Remote Sensing,Biology & Biochemistry,ENVIRONMENTAL SCIENCES,Q2
INTERNATIONAL BIODETERIORATION & BIODEGRADATION,Biology & Biochemistry,ENVIRONMENTAL SCIENCES,Q2
Toxics,Biology & Biochemistry,ENVIRONMENTAL SCIENCES,Q2
Egyptian Journal of Remote Sensing and Space Sciences,Biology & Biochemistry,ENVIRONMENTAL SCIENCES,Q2
ECOLOGICAL ENGINEERING,Biology & Biochemistry,ENVIRONMENTAL SCIENCES,Q2
Frontiers in Climate,Biology & Biochemistry,ENVIRONMENTAL SCIENCES,Q2
BIOMEDICAL AND ENVIRONMENTAL SCIENCES,Biology & Biochemistry,ENVIRONMENTAL SCIENCES,Q2
Microbial Risk Analysis,Biology & Biochemistry,ENVIRONMENTAL SCIENCES,Q2
Geoenvironmental Disasters,Biology & Biochemistry,ENVIRONMENTAL SCIENCES,Q2
FISH & SHELLFISH IMMUNOLOGY,Biology & Biochemistry,FISHERIES,Q1
AQUACULTURE,Biology & Biochemistry,FISHERIES,Q1
AQUACULTURE NUTRITION,Biology & Biochemistry,FISHERIES,Q1
MOLECULAR ECOLOGY,Biology & Biochemistry,EVOLUTIONARY BIOLOGY,Q1
Ecological Processes,Biology & Biochemistry,ENVIRONMENTAL SCIENCES,Q2
HEREDITY,Biology & Biochemistry,EVOLUTIONARY BIOLOGY,Q1
Anthropocene,Biology & Biochemistry,ENVIRONMENTAL SCIENCES,Q2
Environmental Science-Processes & Impacts,Biology & Biochemistry,ENVIRONMENTAL SCIENCES,Q2
ENVIRONMENT,Biology & Biochemistry,ENVIRONMENTAL SCIENCES,Q2
Clean Technologies and Environmental Policy,Biology & Biochemistry,ENVIRONMENTAL SCIENCES,Q2
Cleaner Waste Systems,Biology & Biochemistry,ENVIRONMENTAL SCIENCES,Q2
GeoHealth,Biology & Biochemistry,ENVIRONMENTAL SCIENCES,Q2
Environmental Epidemiology,Biology & Biochemistry,ENVIRONMENTAL SCIENCES,Q2
Progress in Disaster Science,Biology & Biochemistry,ENVIRONMENTAL SCIENCES,Q2
City and Environment Interactions,Biology & Biochemistry,ENVIRONMENTAL SCIENCES,Q2
Current Research in Environmental Sustainability,Biology & Biochemistry,ENVIRONMENTAL SCIENCES,Q2
ENVIRONMENTAL GEOCHEMISTRY AND HEALTH,Biology & Biochemistry,ENVIRONMENTAL SCIENCES,Q2
AQUACULTURE ECONOMICS & MANAGEMENT,Biology & Biochemistry,FISHERIES,Q1
Aquaculture Reports,Biology & Biochemistry,FISHERIES,Q1
Evolution Letters,Biology & Biochemistry,EVOLUTIONARY BIOLOGY,Q1
Ecosystems and People,Biology & Biochemistry,ENVIRONMENTAL SCIENCES,Q2
BIOGEOCHEMISTRY,Biology & Biochemistry,ENVIRONMENTAL SCIENCES,Q2
ATMOSPHERIC ENVIRONMENT,Biology & Biochemistry,ENVIRONMENTAL SCIENCES,Q2
International Journal of Sediment Research,Biology & Biochemistry,ENVIRONMENTAL SCIENCES,Q2
NATURAL RESOURCES FORUM,Biology & Biochemistry,ENVIRONMENTAL SCIENCES,Q2
LAND DEGRADATION & DEVELOPMENT,Biology & Biochemistry,ENVIRONMENTAL SCIENCES,Q2
Frontiers in Environmental Science,Biology & Biochemistry,ENVIRONMENTAL SCIENCES,Q2
Environments,Biology & Biochemistry,ENVIRONMENTAL SCIENCES,Q2
MOLECULAR PHYLOGENETICS AND EVOLUTION,Biology & Biochemistry,EVOLUTIONARY BIOLOGY,Q1
STOCHASTIC ENVIRONMENTAL RESEARCH AND RISK ASSESSMENT,Biology & Biochemistry,ENVIRONMENTAL SCIENCES,Q2
EvoDevo,Biology & Biochemistry,EVOLUTIONARY BIOLOGY,Q1
Journal of Climate Change and Health,Biology & Biochemistry,ENVIRONMENTAL SCIENCES,Q2
Regional Environmental Change,Biology & Biochemistry,ENVIRONMENTAL SCIENCES,Q2
Journal of Sustainable Agriculture and Environment,Biology & Biochemistry,ENVIRONMENTAL SCIENCES,Q2
Energy Ecology and Environment,Biology & Biochemistry,ENVIRONMENTAL SCIENCES,Q2
Agricultural & Environmental Letters,Biology & Biochemistry,ENVIRONMENTAL SCIENCES,Q2
PROCEEDINGS OF THE ROYAL SOCIETY B-BIOLOGICAL SCIENCES,Biology & Biochemistry,EVOLUTIONARY BIOLOGY,Q2
Journal of Geophysical Research-Biogeosciences,Biology & Biochemistry,ENVIRONMENTAL SCIENCES,Q2
Atmospheric Pollution Research,Biology & Biochemistry,ENVIRONMENTAL SCIENCES,Q2
Hygiene and Environmental Health Advances,Biology & Biochemistry,ENVIRONMENTAL SCIENCES,Q2
Geocarto International,Biology & Biochemistry,ENVIRONMENTAL SCIENCES,Q2
Environmental Science-Atmospheres,Biology & Biochemistry,ENVIRONMENTAL SCIENCES,Q2
Journal of Flood Risk Management,Biology & Biochemistry,ENVIRONMENTAL SCIENCES,Q2
Anthropocene Review,Biology & Biochemistry,ENVIRONMENTAL SCIENCES,Q2
International Journal of Environmental Research,Biology & Biochemistry,ENVIRONMENTAL SCIENCES,Q2
Journal of Integrative Environmental Sciences,Biology & Biochemistry,ENVIRONMENTAL SCIENCES,Q2
ICES JOURNAL OF MARINE SCIENCE,Biology & Biochemistry,FISHERIES,Q1
Atmospheric Environment-X,Biology & Biochemistry,ENVIRONMENTAL SCIENCES,Q2
Ecosystem Health and Sustainability,Biology & Biochemistry,ENVIRONMENTAL SCIENCES,Q2
Geobiology,Biology & Biochemistry,ENVIRONMENTAL SCIENCES,Q2
Environmental Systems Research,Biology & Biochemistry,ENVIRONMENTAL SCIENCES,Q2
International Journal of Environmental Science and Technology,Biology & Biochemistry,ENVIRONMENTAL SCIENCES,Q2
EARTH,Biology & Biochemistry,ENVIRONMENTAL SCIENCES,Q2
Sustainability,Biology & Biochemistry,ENVIRONMENTAL SCIENCES,Q2
Evolutionary Applications,Biology & Biochemistry,EVOLUTIONARY BIOLOGY,Q2
ENVIRONMENTAL TOXICOLOGY,Biology & Biochemistry,ENVIRONMENTAL SCIENCES,Q2
MARINE ENVIRONMENTAL RESEARCH,Biology & Biochemistry,ENVIRONMENTAL SCIENCES,Q2
JOURNAL OF THE WORLD AQUACULTURE SOCIETY,Biology & Biochemistry,FISHERIES,Q1
Environmental Pollutants and Bioavailability,Biology & Biochemistry,ENVIRONMENTAL SCIENCES,Q2
Arctic Science,Biology & Biochemistry,ENVIRONMENTAL SCIENCES,Q2
Resources-Basel,Biology & Biochemistry,ENVIRONMENTAL SCIENCES,Q2
Environmental Science-Water Research & Technology,Biology & Biochemistry,ENVIRONMENTAL SCIENCES,Q2
Carbon Management,Biology & Biochemistry,ENVIRONMENTAL SCIENCES,Q2
Environmental Research: Infrastructure and Sustainability,Biology & Biochemistry,ENVIRONMENTAL SCIENCES,Q2
JOURNAL OF HUMAN EVOLUTION,Biology & Biochemistry,EVOLUTIONARY BIOLOGY,Q2
Journal of Soil Science and Plant Nutrition,Biology & Biochemistry,ENVIRONMENTAL SCIENCES,Q2
BIODIVERSITY AND CONSERVATION,Biology & Biochemistry,ENVIRONMENTAL SCIENCES,Q2
Chinese Geographical Science,Biology & Biochemistry,ENVIRONMENTAL SCIENCES,Q2
INTERNATIONAL JOURNAL OF PHYTOREMEDIATION,Biology & Biochemistry,ENVIRONMENTAL SCIENCES,Q2
Journal of Arid Land,Biology & Biochemistry,ENVIRONMENTAL SCIENCES,Q2
Biology Letters,Biology & Biochemistry,EVOLUTIONARY BIOLOGY,Q2
JOURNAL OF SOILS AND SEDIMENTS,Biology & Biochemistry,ENVIRONMENTAL SCIENCES,Q3
Water,Biology & Biochemistry,ENVIRONMENTAL SCIENCES,Q3
WATER AIR AND SOIL POLLUTION,Biology & Biochemistry,ENVIRONMENTAL SCIENCES,Q3
ENVIRONMENTAL MONITORING AND ASSESSMENT,Biology & Biochemistry,ENVIRONMENTAL SCIENCES,Q3
ENVIRONMENTAL MANAGEMENT,Biology & Biochemistry,ENVIRONMENTAL SCIENCES,Q3
Journal of Material Cycles and Waste Management,Biology & Biochemistry,ENVIRONMENTAL SCIENCES,Q3
BioEnergy Research,Biology & Biochemistry,ENVIRONMENTAL SCIENCES,Q3
Discover Sustainability,Biology & Biochemistry,ENVIRONMENTAL SCIENCES,Q3
Environmental Engineering Research,Biology & Biochemistry,ENVIRONMENTAL SCIENCES,Q3
JOURNAL OF AEROSOL SCIENCE,Biology & Biochemistry,ENVIRONMENTAL SCIENCES,Q3
Urban Science,Biology & Biochemistry,ENVIRONMENTAL SCIENCES,Q3
GLOBAL JOURNAL OF ENVIRONMENTAL SCIENCE AND MANAGEMENT-GJESM,Biology & Biochemistry,ENVIRONMENTAL SCIENCES,Q3
Modeling Earth Systems and Environment,Biology & Biochemistry,ENVIRONMENTAL SCIENCES,Q3
Air Quality Atmosphere and Health,Biology & Biochemistry,ENVIRONMENTAL SCIENCES,Q3
Environmental Research Communications,Biology & Biochemistry,ENVIRONMENTAL SCIENCES,Q3
Frontiers in Sustainability,Biology & Biochemistry,ENVIRONMENTAL SCIENCES,Q3
JOURNAL OF AGRICULTURAL & ENVIRONMENTAL ETHICS,Biology & Biochemistry,ENVIRONMENTAL SCIENCES,Q3
Genome Biology and Evolution,Biology & Biochemistry,EVOLUTIONARY BIOLOGY,Q2
ENVIRONMENTAL TOXICOLOGY AND CHEMISTRY,Biology & Biochemistry,ENVIRONMENTAL SCIENCES,Q3
Fish and Shellfish Immunology Reports,Biology & Biochemistry,FISHERIES,Q1
Environmental Earth Sciences,Biology & Biochemistry,ENVIRONMENTAL SCIENCES,Q3
JOURNAL OF HEALTH POPULATION AND NUTRITION,Biology & Biochemistry,ENVIRONMENTAL SCIENCES,Q3
VADOSE ZONE JOURNAL,Biology & Biochemistry,ENVIRONMENTAL SCIENCES,Q3
Air Soil and Water Research,Biology & Biochemistry,ENVIRONMENTAL SCIENCES,Q3
Waste and Biomass Valorization,Biology & Biochemistry,ENVIRONMENTAL SCIENCES,Q3
PLOS Water,Biology & Biochemistry,ENVIRONMENTAL SCIENCES,Q3
Journal of Environmental Health Science and Engineering,Biology & Biochemistry,ENVIRONMENTAL SCIENCES,Q3
Greenhouse Gases-Science and Technology,Biology & Biochemistry,ENVIRONMENTAL SCIENCES,Q3
Environmental Sustainability,Biology & Biochemistry,ENVIRONMENTAL SCIENCES,Q3
PALEOBIOLOGY,Biology & Biochemistry,EVOLUTIONARY BIOLOGY,Q2
AMERICAN NATURALIST,Biology & Biochemistry,EVOLUTIONARY BIOLOGY,Q2
FISHERIES OCEANOGRAPHY,Biology & Biochemistry,FISHERIES,Q1
Food and Environmental Virology,Biology & Biochemistry,ENVIRONMENTAL SCIENCES,Q3
HUMAN AND ECOLOGICAL RISK ASSESSMENT,Biology & Biochemistry,ENVIRONMENTAL SCIENCES,Q3
ECOTOXICOLOGY,Biology & Biochemistry,ENVIRONMENTAL SCIENCES,Q3
Environmental Microbiology Reports,Biology & Biochemistry,ENVIRONMENTAL SCIENCES,Q3
Mitigation and Adaptation Strategies for Global Change,Biology & Biochemistry,ENVIRONMENTAL SCIENCES,Q3
EVOLUTION,Biology & Biochemistry,EVOLUTIONARY BIOLOGY,Q2
JOURNAL OF ZOOLOGICAL SYSTEMATICS AND EVOLUTIONARY RESEARCH,Biology & Biochemistry,EVOLUTIONARY BIOLOGY,Q2
BMC Ecology and Evolution,Biology & Biochemistry,EVOLUTIONARY BIOLOGY,Q2
INTERNATIONAL JOURNAL OF BIOMETEOROLOGY,Biology & Biochemistry,ENVIRONMENTAL SCIENCES,Q3
International Journal of Mining Reclamation and Environment,Biology & Biochemistry,ENVIRONMENTAL SCIENCES,Q3
ENVIRONMENTAL MODELING & ASSESSMENT,Biology & Biochemistry,ENVIRONMENTAL SCIENCES,Q3
ENVIRONMENTAL CONSERVATION,Biology & Biochemistry,ENVIRONMENTAL SCIENCES,Q3
WATER SCIENCE AND TECHNOLOGY,Biology & Biochemistry,ENVIRONMENTAL SCIENCES,Q3
Aquaculture Environment Interactions,Biology & Biochemistry,FISHERIES,Q2
FISH PHYSIOLOGY AND BIOCHEMISTRY,Biology & Biochemistry,FISHERIES,Q2
JOURNAL OF HEREDITY,Biology & Biochemistry,EVOLUTIONARY BIOLOGY,Q2
JOURNAL OF GREAT LAKES RESEARCH,Biology & Biochemistry,ENVIRONMENTAL SCIENCES,Q3
Conservation Physiology,Biology & Biochemistry,ENVIRONMENTAL SCIENCES,Q3
Journal of Arid Environments,Biology & Biochemistry,ENVIRONMENTAL SCIENCES,Q3
Anthropocene Coasts,Biology & Biochemistry,ENVIRONMENTAL SCIENCES,Q3
INTERNATIONAL JOURNAL OF ENVIRONMENTAL ANALYTICAL CHEMISTRY,Biology & Biochemistry,ENVIRONMENTAL SCIENCES,Q3
Aerosol and Air Quality Research,Biology & Biochemistry,ENVIRONMENTAL SCIENCES,Q3
Journal of Mountain Science,Biology & Biochemistry,ENVIRONMENTAL SCIENCES,Q3
Sustainable Environment,Biology & Biochemistry,ENVIRONMENTAL SCIENCES,Q3
Process Integration and Optimization for Sustainability,Biology & Biochemistry,ENVIRONMENTAL SCIENCES,Q3
DEVELOPMENTAL AND COMPARATIVE IMMUNOLOGY,Biology & Biochemistry,FISHERIES,Q2
Fishes,Biology & Biochemistry,FISHERIES,Q2
AQUACULTURE INTERNATIONAL,Biology & Biochemistry,FISHERIES,Q2
Rangeland Ecology & Management,Biology & Biochemistry,ENVIRONMENTAL SCIENCES,Q3
WEB ECOLOGY,Biology & Biochemistry,ENVIRONMENTAL SCIENCES,Q3
SAR AND QSAR IN ENVIRONMENTAL RESEARCH,Biology & Biochemistry,ENVIRONMENTAL SCIENCES,Q3
JOURNAL OF WATER AND HEALTH,Biology & Biochemistry,ENVIRONMENTAL SCIENCES,Q3
JOURNAL OF HYDROINFORMATICS,Biology & Biochemistry,ENVIRONMENTAL SCIENCES,Q3
Evolutionary Human Sciences,Biology & Biochemistry,EVOLUTIONARY BIOLOGY,Q2
FISHERIES RESEARCH,Biology & Biochemistry,FISHERIES,Q2
CANADIAN JOURNAL OF FISHERIES AND AQUATIC SCIENCES,Biology & Biochemistry,FISHERIES,Q2
Estuaries and Coasts,Biology & Biochemistry,ENVIRONMENTAL SCIENCES,Q3
Ecology and Evolution,Biology & Biochemistry,EVOLUTIONARY BIOLOGY,Q2
JOURNAL OF EVOLUTIONARY BIOLOGY,Biology & Biochemistry,EVOLUTIONARY BIOLOGY,Q2
Journal of Sustainable Development of Energy Water and Environment Systems-JSDEWES,Biology & Biochemistry,ENVIRONMENTAL SCIENCES,Q3
Atmosphere,Biology & Biochemistry,ENVIRONMENTAL SCIENCES,Q3
Journal of Hydro-environment Research,Biology & Biochemistry,ENVIRONMENTAL SCIENCES,Q3
ENVIRONMENTAL AND MOLECULAR MUTAGENESIS,Biology & Biochemistry,ENVIRONMENTAL SCIENCES,Q3
RADIATION AND ENVIRONMENTAL BIOPHYSICS,Biology & Biochemistry,ENVIRONMENTAL SCIENCES,Q3
JOURNAL OF ENVIRONMENTAL QUALITY,Biology & Biochemistry,ENVIRONMENTAL SCIENCES,Q3
Journal of Environmental Studies and Sciences,Biology & Biochemistry,ENVIRONMENTAL SCIENCES,Q3
Environmental Chemistry,Biology & Biochemistry,ENVIRONMENTAL SCIENCES,Q3
Journal of Environmental Science and Health Part C-Toxicology and Carcinogenesis,Biology & Biochemistry,ENVIRONMENTAL SCIENCES,Q3
Environmental Progress & Sustainable Energy,Biology & Biochemistry,ENVIRONMENTAL SCIENCES,Q3
Nitrogen,Biology & Biochemistry,ENVIRONMENTAL SCIENCES,Q3
JOURNAL OF SYSTEMATIC PALAEONTOLOGY,Biology & Biochemistry,EVOLUTIONARY BIOLOGY,Q3
JOURNAL OF FISH DISEASES,Biology & Biochemistry,FISHERIES,Q2
FISHERIES,Biology & Biochemistry,FISHERIES,Q2
ARCHIVES OF ENVIRONMENTAL CONTAMINATION AND TOXICOLOGY,Biology & Biochemistry,ENVIRONMENTAL SCIENCES,Q3
AQUATIC CONSERVATION-MARINE AND FRESHWATER ECOSYSTEMS,Biology & Biochemistry,ENVIRONMENTAL SCIENCES,Q3
BULLETIN OF ENVIRONMENTAL CONTAMINATION AND TOXICOLOGY,Biology & Biochemistry,ENVIRONMENTAL SCIENCES,Q3
EcoHealth,Biology & Biochemistry,ENVIRONMENTAL SCIENCES,Q3
Journal of the Indian Society of Remote Sensing,Biology & Biochemistry,ENVIRONMENTAL SCIENCES,Q3
JOURNAL OF THE AIR & WASTE MANAGEMENT ASSOCIATION,Biology & Biochemistry,ENVIRONMENTAL SCIENCES,Q3
Evolution Medicine and Public Health,Biology & Biochemistry,EVOLUTIONARY BIOLOGY,Q3
AEROSOL SCIENCE AND TECHNOLOGY,Biology & Biochemistry,ENVIRONMENTAL SCIENCES,Q3
Ecohydrology,Biology & Biochemistry,ENVIRONMENTAL SCIENCES,Q3
ENVIRONMENTAL FLUID MECHANICS,Biology & Biochemistry,ENVIRONMENTAL SCIENCES,Q3
AEROBIOLOGIA,Biology & Biochemistry,ENVIRONMENTAL SCIENCES,Q3
NATURAL RESOURCE MODELING,Biology & Biochemistry,ENVIRONMENTAL SCIENCES,Q3
EVOLUTIONARY ECOLOGY,Biology & Biochemistry,EVOLUTIONARY BIOLOGY,Q3
Frontiers in Sustainable Cities,Biology & Biochemistry,ENVIRONMENTAL SCIENCES,Q3
Blue-Green Systems,Biology & Biochemistry,ENVIRONMENTAL SCIENCES,Q3
JOURNAL OF ENVIRONMENTAL RADIOACTIVITY,Biology & Biochemistry,ENVIRONMENTAL SCIENCES,Q3
Euro-Mediterranean Journal for Environmental Integration,Biology & Biochemistry,ENVIRONMENTAL SCIENCES,Q3
JOURNAL OF ENVIRONMENTAL SCIENCE AND HEALTH PART A-TOXIC/HAZARDOUS SUBSTANCES & ENVIRONMENTAL ENGINEERING,Biology & Biochemistry,ENVIRONMENTAL SCIENCES,Q3
ZOOLOGICA SCRIPTA,Biology & Biochemistry,EVOLUTIONARY BIOLOGY,Q3
American Journal of Biological Anthropology,Biology & Biochemistry,EVOLUTIONARY BIOLOGY,Q3
EVOLUTION & DEVELOPMENT,Biology & Biochemistry,EVOLUTIONARY BIOLOGY,Q3
FISHERIES MANAGEMENT AND ECOLOGY,Biology & Biochemistry,FISHERIES,Q2
JOURNAL OF FISH BIOLOGY,Biology & Biochemistry,FISHERIES,Q2
TAXON,Biology & Biochemistry,EVOLUTIONARY BIOLOGY,Q3
BIOCHEMICAL SYSTEMATICS AND ECOLOGY,Biology & Biochemistry,EVOLUTIONARY BIOLOGY,Q3
WETLANDS,Biology & Biochemistry,ENVIRONMENTAL SCIENCES,Q3
ANTARCTIC SCIENCE,Biology & Biochemistry,ENVIRONMENTAL SCIENCES,Q3
ARCTIC ANTARCTIC AND ALPINE RESEARCH,Biology & Biochemistry,ENVIRONMENTAL SCIENCES,Q3
ENVIRONMENTAL TECHNOLOGY,Biology & Biochemistry,ENVIRONMENTAL SCIENCES,Q3
Aerosol Science and Engineering,Biology & Biochemistry,ENVIRONMENTAL SCIENCES,Q3
INVERTEBRATE SYSTEMATICS,Biology & Biochemistry,EVOLUTIONARY BIOLOGY,Q3
ORGANISMS DIVERSITY & EVOLUTION,Biology & Biochemistry,EVOLUTIONARY BIOLOGY,Q3
Integrative Organismal Biology,Biology & Biochemistry,EVOLUTIONARY BIOLOGY,Q3
AQUACULTURE RESEARCH,Biology & Biochemistry,FISHERIES,Q2
JOURNAL OF TOXICOLOGY AND ENVIRONMENTAL HEALTH-PART A-CURRENT ISSUES,Biology & Biochemistry,ENVIRONMENTAL SCIENCES,Q3
AQUATIC LIVING RESOURCES,Biology & Biochemistry,FISHERIES,Q2
"Aquaculture, Fish and Fisheries",Biology & Biochemistry,FISHERIES,Q2
Water Resources and Economics,Biology & Biochemistry,ENVIRONMENTAL SCIENCES,Q3
INTERNATIONAL JOURNAL OF ENVIRONMENTAL HEALTH RESEARCH,Biology & Biochemistry,ENVIRONMENTAL SCIENCES,Q3
JOURNAL OF COASTAL CONSERVATION,Biology & Biochemistry,ENVIRONMENTAL SCIENCES,Q3
One Ecosystem,Biology & Biochemistry,ENVIRONMENTAL SCIENCES,Q3
Conservation,Biology & Biochemistry,ENVIRONMENTAL SCIENCES,Q3
WATER ENVIRONMENT RESEARCH,Biology & Biochemistry,ENVIRONMENTAL SCIENCES,Q3
GEOMICROBIOLOGY JOURNAL,Biology & Biochemistry,ENVIRONMENTAL SCIENCES,Q3
JOURNAL OF HYDROLOGIC ENGINEERING,Biology & Biochemistry,ENVIRONMENTAL SCIENCES,Q3
RIVER RESEARCH AND APPLICATIONS,Biology & Biochemistry,ENVIRONMENTAL SCIENCES,Q3
AFRICAN JOURNAL OF RANGE & FORAGE SCIENCE,Biology & Biochemistry,ENVIRONMENTAL SCIENCES,Q3
Water Conservation Science and Engineering,Biology & Biochemistry,ENVIRONMENTAL SCIENCES,Q3
GAIA-Ecological Perspectives for Science and Society,Biology & Biochemistry,ENVIRONMENTAL SCIENCES,Q3
COASTAL MANAGEMENT,Biology & Biochemistry,ENVIRONMENTAL SCIENCES,Q3
Frontiers in Environmental Chemistry,Biology & Biochemistry,ENVIRONMENTAL SCIENCES,Q3
ENVIRONMENTAL AND ECOLOGICAL STATISTICS,Biology & Biochemistry,ENVIRONMENTAL SCIENCES,Q4
Journal of Ecohydraulics,Biology & Biochemistry,ENVIRONMENTAL SCIENCES,Q4
Marine and Coastal Fisheries,Biology & Biochemistry,FISHERIES,Q2
AQUATIC SCIENCES,Biology & Biochemistry,ENVIRONMENTAL SCIENCES,Q4
RADIOPROTECTION,Biology & Biochemistry,ENVIRONMENTAL SCIENCES,Q4
JOURNAL OF MOLECULAR EVOLUTION,Biology & Biochemistry,EVOLUTIONARY BIOLOGY,Q3
JOURNAL OF ATMOSPHERIC CHEMISTRY,Biology & Biochemistry,ENVIRONMENTAL SCIENCES,Q4
JOURNAL OF RADIOLOGICAL PROTECTION,Biology & Biochemistry,ENVIRONMENTAL SCIENCES,Q4
Frontiers in Conservation Science,Biology & Biochemistry,ENVIRONMENTAL SCIENCES,Q4
JOURNAL OF ENVIRONMENTAL SCIENCE AND HEALTH PART B-PESTICIDES FOOD CONTAMINANTS AND AGRICULTURAL WASTES,Biology & Biochemistry,ENVIRONMENTAL SCIENCES,Q4
WATER AND ENVIRONMENT JOURNAL,Biology & Biochemistry,ENVIRONMENTAL SCIENCES,Q4
SOIL SCIENCE AND PLANT NUTRITION,Biology & Biochemistry,ENVIRONMENTAL SCIENCES,Q4
MOUNTAIN RESEARCH AND DEVELOPMENT,Biology & Biochemistry,ENVIRONMENTAL SCIENCES,Q4
CHEMISTRY AND ECOLOGY,Biology & Biochemistry,ENVIRONMENTAL SCIENCES,Q4
ENVIRONMENTAL ENGINEERING SCIENCE,Biology & Biochemistry,ENVIRONMENTAL SCIENCES,Q4
JOURNAL OF AQUATIC ANIMAL HEALTH,Biology & Biochemistry,FISHERIES,Q3
JOURNAL OF EXPERIMENTAL ZOOLOGY PART B-MOLECULAR AND DEVELOPMENTAL EVOLUTION,Biology & Biochemistry,EVOLUTIONARY BIOLOGY,Q4
Turkish Journal of Fisheries and Aquatic Sciences,Biology & Biochemistry,FISHERIES,Q3
ENVIRONMETRICS,Biology & Biochemistry,ENVIRONMENTAL SCIENCES,Q4
Knowledge and Management of Aquatic Ecosystems,Biology & Biochemistry,FISHERIES,Q3
Marine Resource Economics,Biology & Biochemistry,FISHERIES,Q3
NEW ZEALAND JOURNAL OF MARINE AND FRESHWATER RESEARCH,Biology & Biochemistry,FISHERIES,Q3
Evolutionary Biology,Biology & Biochemistry,EVOLUTIONARY BIOLOGY,Q4
Environmental Data Science,Biology & Biochemistry,ENVIRONMENTAL SCIENCES,Q4
AUSTRALIAN SYSTEMATIC BOTANY,Biology & Biochemistry,EVOLUTIONARY BIOLOGY,Q4
INDUSTRIAL HEALTH,Biology & Biochemistry,ENVIRONMENTAL SCIENCES,Q4
PLANT SYSTEMATICS AND EVOLUTION,Biology & Biochemistry,EVOLUTIONARY BIOLOGY,Q4
ARID LAND RESEARCH AND MANAGEMENT,Biology & Biochemistry,ENVIRONMENTAL SCIENCES,Q4
POLAR RECORD,Biology & Biochemistry,ENVIRONMENTAL SCIENCES,Q4
WETLANDS ECOLOGY AND MANAGEMENT,Biology & Biochemistry,ENVIRONMENTAL SCIENCES,Q4
CLIMATE RESEARCH,Biology & Biochemistry,ENVIRONMENTAL SCIENCES,Q4
Ecological Chemistry and Engineering S-Chemia I Inzynieria Ekologiczna S,Biology & Biochemistry,ENVIRONMENTAL SCIENCES,Q4
JOURNAL OF ENVIRONMENTAL ENGINEERING,Biology & Biochemistry,ENVIRONMENTAL SCIENCES,Q4
MARINE AND FRESHWATER RESEARCH,Biology & Biochemistry,FISHERIES,Q3
BIOLOGICAL JOURNAL OF THE LINNEAN SOCIETY,Biology & Biochemistry,EVOLUTIONARY BIOLOGY,Q4
Evolutionary Bioinformatics,Biology & Biochemistry,EVOLUTIONARY BIOLOGY,Q4
JOURNAL OF OCCUPATIONAL AND ENVIRONMENTAL HYGIENE,Biology & Biochemistry,ENVIRONMENTAL SCIENCES,Q4
SOIL & SEDIMENT CONTAMINATION,Biology & Biochemistry,ENVIRONMENTAL SCIENCES,Q4
INSECT SYSTEMATICS & EVOLUTION,Biology & Biochemistry,EVOLUTIONARY BIOLOGY,Q4
TRANSACTIONS OF THE AMERICAN FISHERIES SOCIETY,Biology & Biochemistry,FISHERIES,Q3
NORTH AMERICAN JOURNAL OF FISHERIES MANAGEMENT,Biology & Biochemistry,FISHERIES,Q3
FISHERIES SCIENCE,Biology & Biochemistry,FISHERIES,Q3
HEALTH PHYSICS,Biology & Biochemistry,ENVIRONMENTAL SCIENCES,Q4
CLEAN-Soil Air Water,Biology & Biochemistry,ENVIRONMENTAL SCIENCES,Q4
PHYSICAL GEOGRAPHY,Biology & Biochemistry,ENVIRONMENTAL SCIENCES,Q4
Journal of Applied Remote Sensing,Biology & Biochemistry,ENVIRONMENTAL SCIENCES,Q4
ISOTOPES IN ENVIRONMENTAL AND HEALTH STUDIES,Biology & Biochemistry,ENVIRONMENTAL SCIENCES,Q4
Mires and Peat,Biology & Biochemistry,ENVIRONMENTAL SCIENCES,Q4
BIOREMEDIATION JOURNAL,Biology & Biochemistry,ENVIRONMENTAL SCIENCES,Q4
OZONE-SCIENCE & ENGINEERING,Biology & Biochemistry,ENVIRONMENTAL SCIENCES,Q4
Catrina-The International Journal of Environmental Sciences,Biology & Biochemistry,ENVIRONMENTAL SCIENCES,Q4
ECOLOGY OF FRESHWATER FISH,Biology & Biochemistry,FISHERIES,Q3
NORTH AMERICAN JOURNAL OF AQUACULTURE,Biology & Biochemistry,FISHERIES,Q3
JOURNAL OF PALEOLIMNOLOGY,Biology & Biochemistry,ENVIRONMENTAL SCIENCES,Q4
Environmental Economics,Biology & Biochemistry,ENVIRONMENTAL SCIENCES,Q4
THEORETICAL POPULATION BIOLOGY,Biology & Biochemistry,EVOLUTIONARY BIOLOGY,Q4
POLISH JOURNAL OF ENVIRONMENTAL STUDIES,Biology & Biochemistry,ENVIRONMENTAL SCIENCES,Q4
ENVIRONMENTAL QUALITY MANAGEMENT,Biology & Biochemistry,ENVIRONMENTAL SCIENCES,Q4
BOREAL ENVIRONMENT RESEARCH,Biology & Biochemistry,ENVIRONMENTAL SCIENCES,Q4
Archives of Environmental Protection,Biology & Biochemistry,ENVIRONMENTAL SCIENCES,Q4
Grundwasser,Biology & Biochemistry,ENVIRONMENTAL SCIENCES,Q4
Journal of Sedimentary Environments,Biology & Biochemistry,ENVIRONMENTAL SCIENCES,Q4
DISEASES OF AQUATIC ORGANISMS,Biology & Biochemistry,FISHERIES,Q3
HUMAN DIMENSIONS OF WILDLIFE,Biology & Biochemistry,ENVIRONMENTAL SCIENCES,Q4
ANNALS OF AGRICULTURAL AND ENVIRONMENTAL MEDICINE,Biology & Biochemistry,ENVIRONMENTAL SCIENCES,Q4
Environmental Health Engineering and Management Journal,Biology & Biochemistry,ENVIRONMENTAL SCIENCES,Q4
AIMS Environmental Science,Biology & Biochemistry,ENVIRONMENTAL SCIENCES,Q4
ENVIRONMENTAL FORENSICS,Biology & Biochemistry,ENVIRONMENTAL SCIENCES,Q4
Global NEST Journal,Biology & Biochemistry,ENVIRONMENTAL SCIENCES,Q4
Pollution,Biology & Biochemistry,ENVIRONMENTAL SCIENCES,Q4
TOXICOLOGICAL AND ENVIRONMENTAL CHEMISTRY,Biology & Biochemistry,ENVIRONMENTAL SCIENCES,Q4
BULLETIN OF THE EUROPEAN ASSOCIATION OF FISH PATHOLOGISTS,Biology & Biochemistry,FISHERIES,Q3
Journal of Environmental Engineering and Landscape Management,Biology & Biochemistry,ENVIRONMENTAL SCIENCES,Q4
ACTA ICHTHYOLOGICA ET PISCATORIA,Biology & Biochemistry,FISHERIES,Q3
JOURNAL OF SHELLFISH RESEARCH,Biology & Biochemistry,FISHERIES,Q3
ICHTHYOLOGICAL RESEARCH,Biology & Biochemistry,FISHERIES,Q3
Toxicology and Environmental Health Sciences,Biology & Biochemistry,ENVIRONMENTAL SCIENCES,Q4
International Journal of Hydrology Science and Technology,Biology & Biochemistry,ENVIRONMENTAL SCIENCES,Q4
International Journal of Global Warming,Biology & Biochemistry,ENVIRONMENTAL SCIENCES,Q4
European Journal of Environmental Sciences,Biology & Biochemistry,ENVIRONMENTAL SCIENCES,Q4
Journal of Fisheries,Biology & Biochemistry,FISHERIES,Q3
JOURNAL OF ENVIRONMENTAL HEALTH,Biology & Biochemistry,ENVIRONMENTAL SCIENCES,Q4
Archives of Environmental & Occupational Health,Biology & Biochemistry,ENVIRONMENTAL SCIENCES,Q4
DEVELOPMENT GENES AND EVOLUTION,Biology & Biochemistry,EVOLUTIONARY BIOLOGY,Q4
International Journal Of Recycling of Organic Waste in Agriculture,Biology & Biochemistry,ENVIRONMENTAL SCIENCES,Q4
Acta Scientiarum Polonorum-Formatio Circumiectus,Biology & Biochemistry,ENVIRONMENTAL SCIENCES,Q4
Carpathian Journal of Earth and Environmental Sciences,Biology & Biochemistry,ENVIRONMENTAL SCIENCES,Q4
BIOLOGY AND ENVIRONMENT-PROCEEDINGS OF THE ROYAL IRISH ACADEMY,Biology & Biochemistry,ENVIRONMENTAL SCIENCES,Q4
Environmental Engineering and Management Journal,Biology & Biochemistry,ENVIRONMENTAL SCIENCES,Q4
Geology Geophysics and Environment,Biology & Biochemistry,ENVIRONMENTAL SCIENCES,Q4
JOURNAL OF APPLIED AQUACULTURE,Biology & Biochemistry,FISHERIES,Q4
ANTHROPOLOGICAL SCIENCE,Biology & Biochemistry,EVOLUTIONARY BIOLOGY,Q4
Journal of Ichthyology,Biology & Biochemistry,FISHERIES,Q4
FISHERY BULLETIN,Biology & Biochemistry,FISHERIES,Q4
Italian Journal of Agrometeorology-Rivista Italiana di Agrometeorologia,Biology & Biochemistry,ENVIRONMENTAL SCIENCES,Q4
Latin American Journal of Aquatic Research,Biology & Biochemistry,FISHERIES,Q4
SYSTEMATIC BOTANY,Biology & Biochemistry,EVOLUTIONARY BIOLOGY,Q4
Israel Journal of Ecology & Evolution,Biology & Biochemistry,EVOLUTIONARY BIOLOGY,Q4
ARCTIC,Biology & Biochemistry,ENVIRONMENTAL SCIENCES,Q4
AQUATIC ECOSYSTEM HEALTH & MANAGEMENT,Biology & Biochemistry,ENVIRONMENTAL SCIENCES,Q4
JOURNAL OF APPLIED ICHTHYOLOGY,Biology & Biochemistry,FISHERIES,Q4
RADIATION PROTECTION DOSIMETRY,Biology & Biochemistry,ENVIRONMENTAL SCIENCES,Q4
European Journal of Sustainable Development,Biology & Biochemistry,ENVIRONMENTAL SCIENCES,Q4
Journal of Elementology,Biology & Biochemistry,ENVIRONMENTAL SCIENCES,Q4
JOURNAL OF ENVIRONMENTAL BIOLOGY,Biology & Biochemistry,ENVIRONMENTAL SCIENCES,Q4
Rocznik Ochrona Srodowiska,Biology & Biochemistry,ENVIRONMENTAL SCIENCES,Q4
Asian Journal of Water Environment and Pollution,Biology & Biochemistry,ENVIRONMENTAL SCIENCES,Q4
IRANIAN JOURNAL OF FISHERIES SCIENCES,Biology & Biochemistry,FISHERIES,Q4
BOLETIM DO INSTITUTO DE PESCA,Biology & Biochemistry,FISHERIES,Q4
Annali di Botanica,Biology & Biochemistry,ENVIRONMENTAL SCIENCES,Q4
SU URUNLERI DERGISI,Biology & Biochemistry,FISHERIES,Q4
APPLIED ECOLOGY AND ENVIRONMENTAL RESEARCH,Biology & Biochemistry,ENVIRONMENTAL SCIENCES,Q4
BIOTECHNOLOGIE AGRONOMIE SOCIETE ET ENVIRONNEMENT,Biology & Biochemistry,ENVIRONMENTAL SCIENCES,Q4
EQA-International Journal of Environmental Quality,Biology & Biochemistry,ENVIRONMENTAL SCIENCES,Q4
Granja-Revista de Ciencias de la Vida,Biology & Biochemistry,ENVIRONMENTAL SCIENCES,Q4
JOURNAL OF EVOLUTIONARY BIOCHEMISTRY AND PHYSIOLOGY,Biology & Biochemistry,EVOLUTIONARY BIOLOGY,Q4
SAINS TANAH,Biology & Biochemistry,ENVIRONMENTAL SCIENCES,Q4
Revista Brasileira de Ciencias Ambientais,Biology & Biochemistry,ENVIRONMENTAL SCIENCES,Q4
Bulgarian Journal of Agricultural Science,Biology & Biochemistry,ENVIRONMENTAL SCIENCES,Q4
International Journal of Environment and Waste Management,Biology & Biochemistry,ENVIRONMENTAL SCIENCES,Q4
Revista de Gestao Ambiental e Sustentabilidade-GeAS,Biology & Biochemistry,ENVIRONMENTAL SCIENCES,Q4
California Fish and Wildlife Journal,Biology & Biochemistry,FISHERIES,Q4
ISRAELI JOURNAL OF AQUACULTURE-BAMIDGEH,Biology & Biochemistry,FISHERIES,Q4
NIPPON SUISAN GAKKAISHI,Biology & Biochemistry,FISHERIES,Q4
Revista Internacional de Contaminacion Ambiental,Biology & Biochemistry,ENVIRONMENTAL SCIENCES,Q4
INDIAN JOURNAL OF FISHERIES,Biology & Biochemistry,FISHERIES,Q4
Ideas in Ecology and Evolution,Biology & Biochemistry,EVOLUTIONARY BIOLOGY,Q4
INTERNATIONAL JOURNAL OF ENVIRONMENT AND POLLUTION,Biology & Biochemistry,ENVIRONMENTAL SCIENCES,Q4
Journal of Environmental Science and Management,Biology & Biochemistry,ENVIRONMENTAL SCIENCES,Q4
FISH PATHOLOGY,Biology & Biochemistry,FISHERIES,Q4
FISHERY TECHNOLOGY,Biology & Biochemistry,FISHERIES,Q4
Revista de Sociedad Gaditana de Historia Natural,Biology & Biochemistry,ENVIRONMENTAL SCIENCES,Q4
GEFAHRSTOFFE REINHALTUNG DER LUFT,Biology & Biochemistry,ENVIRONMENTAL SCIENCES,Q4
Comparative Immunology Reports,Biology & Biochemistry,FISHERIES,N/A
NATURE REVIEWS GENETICS,Biology & Biochemistry,GENETICS & HEREDITY,Q1
NATURE GENETICS,Biology & Biochemistry,GENETICS & HEREDITY,Q1
Wiley Interdisciplinary Reviews-Computational Molecular Science,Biology & Biochemistry,MATHEMATICAL & COMPUTATIONAL BIOLOGY,Q1
Nature Food,Biology & Biochemistry,FOOD SCIENCE & TECHNOLOGY,Q1
Annual Review of Marine Science,Biology & Biochemistry,MARINE & FRESHWATER BIOLOGY,Q1
TRENDS IN ECOLOGY & EVOLUTION,Biology & Biochemistry,GENETICS & HEREDITY,Q1
TRENDS IN GENETICS,Biology & Biochemistry,GENETICS & HEREDITY,Q1
TRENDS IN FOOD SCIENCE & TECHNOLOGY,Biology & Biochemistry,FOOD SCIENCE & TECHNOLOGY,Q1
COMPREHENSIVE REVIEWS IN FOOD SCIENCE AND FOOD SAFETY,Biology & Biochemistry,FOOD SCIENCE & TECHNOLOGY,Q1
FOOD HYDROCOLLOIDS,Biology & Biochemistry,FOOD SCIENCE & TECHNOLOGY,Q1
Annual Review of Food Science and Technology,Biology & Biochemistry,FOOD SCIENCE & TECHNOLOGY,Q1
MOLECULAR THERAPY,Biology & Biochemistry,GENETICS & HEREDITY,Q1
Genome Medicine,Biology & Biochemistry,GENETICS & HEREDITY,Q1
Food Packaging and Shelf Life,Biology & Biochemistry,FOOD SCIENCE & TECHNOLOGY,Q1
Food Chemistry,Biology & Biochemistry,FOOD SCIENCE & TECHNOLOGY,Q1
Global Food Security-Agriculture Policy Economics and Environment,Biology & Biochemistry,FOOD SCIENCE & TECHNOLOGY,Q1
GENOME BIOLOGY,Biology & Biochemistry,GENETICS & HEREDITY,Q1
Genes & Diseases,Biology & Biochemistry,GENETICS & HEREDITY,Q1
Current Opinion in Food Science,Biology & Biochemistry,FOOD SCIENCE & TECHNOLOGY,Q1
Cell Genomics,Biology & Biochemistry,GENETICS & HEREDITY,Q1
CRITICAL REVIEWS IN FOOD SCIENCE AND NUTRITION,Biology & Biochemistry,FOOD SCIENCE & TECHNOLOGY,Q1
Annual Review of Genetics,Biology & Biochemistry,GENETICS & HEREDITY,Q1
Horticulture Research,Biology & Biochemistry,GENETICS & HEREDITY,Q1
Food Chemistry-X,Biology & Biochemistry,FOOD SCIENCE & TECHNOLOGY,Q1
Future Foods,Biology & Biochemistry,FOOD SCIENCE & TECHNOLOGY,Q1
AMERICAN JOURNAL OF HUMAN GENETICS,Biology & Biochemistry,GENETICS & HEREDITY,Q1
FOOD RESEARCH INTERNATIONAL,Biology & Biochemistry,FOOD SCIENCE & TECHNOLOGY,Q1
GENOMICS PROTEOMICS & BIOINFORMATICS,Biology & Biochemistry,GENETICS & HEREDITY,Q1
Annual Review of Genomics and Human Genetics,Biology & Biochemistry,GENETICS & HEREDITY,Q1
npj Science of Food,Biology & Biochemistry,FOOD SCIENCE & TECHNOLOGY,Q1
BRIEFINGS IN BIOINFORMATICS,Biology & Biochemistry,MATHEMATICAL & COMPUTATIONAL BIOLOGY,Q1
GENES & DEVELOPMENT,Biology & Biochemistry,GENETICS & HEREDITY,Q1
Food Engineering Reviews,Biology & Biochemistry,FOOD SCIENCE & TECHNOLOGY,Q1
Food Science and Human Wellness,Biology & Biochemistry,FOOD SCIENCE & TECHNOLOGY,Q1
ONCOGENE,Biology & Biochemistry,GENETICS & HEREDITY,Q1
Journal of Future Foods,Biology & Biochemistry,FOOD SCIENCE & TECHNOLOGY,Q1
Journal of Genetics and Genomics,Biology & Biochemistry,GENETICS & HEREDITY,Q1
Current Research in Food Science,Biology & Biochemistry,FOOD SCIENCE & TECHNOLOGY,Q1
Food Frontiers,Biology & Biochemistry,FOOD SCIENCE & TECHNOLOGY,Q1
POSTHARVEST BIOLOGY AND TECHNOLOGY,Biology & Biochemistry,FOOD SCIENCE & TECHNOLOGY,Q1
IEEE Journal of Biomedical and Health Informatics,Biology & Biochemistry,MATHEMATICAL & COMPUTATIONAL BIOLOGY,Q1
Innovative Food Science & Emerging Technologies,Biology & Biochemistry,FOOD SCIENCE & TECHNOLOGY,Q1
LWT-FOOD SCIENCE AND TECHNOLOGY,Biology & Biochemistry,FOOD SCIENCE & TECHNOLOGY,Q1
Antioxidants,Biology & Biochemistry,FOOD SCIENCE & TECHNOLOGY,Q1
COMPUTERS IN BIOLOGY AND MEDICINE,Biology & Biochemistry,MATHEMATICAL & COMPUTATIONAL BIOLOGY,Q1
FOOD CONTROL,Biology & Biochemistry,FOOD SCIENCE & TECHNOLOGY,Q1
GENETICS IN MEDICINE,Biology & Biochemistry,GENETICS & HEREDITY,Q1
Journal of Agriculture and Food Research,Biology & Biochemistry,FOOD SCIENCE & TECHNOLOGY,Q1
JOURNAL OF AGRICULTURAL AND FOOD CHEMISTRY,Biology & Biochemistry,FOOD SCIENCE & TECHNOLOGY,Q1
Phenomics,Biology & Biochemistry,GENETICS & HEREDITY,Q1
Applied Food Research,Biology & Biochemistry,FOOD SCIENCE & TECHNOLOGY,Q1
Food Security,Biology & Biochemistry,FOOD SCIENCE & TECHNOLOGY,Q1
BioData Mining,Biology & Biochemistry,MATHEMATICAL & COMPUTATIONAL BIOLOGY,Q1
MEAT SCIENCE,Biology & Biochemistry,FOOD SCIENCE & TECHNOLOGY,Q1
Research Synthesis Methods,Biology & Biochemistry,MATHEMATICAL & COMPUTATIONAL BIOLOGY,Q1
FOOD POLICY,Biology & Biochemistry,FOOD SCIENCE & TECHNOLOGY,Q1
Annual Review of Biomedical Data Science,Biology & Biochemistry,MATHEMATICAL & COMPUTATIONAL BIOLOGY,Q1
FOOD REVIEWS INTERNATIONAL,Biology & Biochemistry,FOOD SCIENCE & TECHNOLOGY,Q1
Food Bioscience,Biology & Biochemistry,FOOD SCIENCE & TECHNOLOGY,Q1
Food Structure-Netherlands,Biology & Biochemistry,FOOD SCIENCE & TECHNOLOGY,Q1
Food and Bioprocess Technology,Biology & Biochemistry,FOOD SCIENCE & TECHNOLOGY,Q1
JOURNAL OF FOOD ENGINEERING,Biology & Biochemistry,FOOD SCIENCE & TECHNOLOGY,Q1
Food Production Processing and Nutrition,Biology & Biochemistry,FOOD SCIENCE & TECHNOLOGY,Q1
eFood,Biology & Biochemistry,FOOD SCIENCE & TECHNOLOGY,Q1
Molecular Autism,Biology & Biochemistry,GENETICS & HEREDITY,Q1
GENOME RESEARCH,Biology & Biochemistry,GENETICS & HEREDITY,Q1
Circulation-Genomic and Precision Medicine,Biology & Biochemistry,GENETICS & HEREDITY,Q1
Environmental Microbiome,Biology & Biochemistry,GENETICS & HEREDITY,Q1
BIOINFORMATICS,Biology & Biochemistry,MATHEMATICAL & COMPUTATIONAL BIOLOGY,Q1
Food & Function,Biology & Biochemistry,FOOD SCIENCE & TECHNOLOGY,Q1
Agriculture & Food Security,Biology & Biochemistry,FOOD SCIENCE & TECHNOLOGY,Q1
MOLECULAR BIOLOGY AND EVOLUTION,Biology & Biochemistry,GENETICS & HEREDITY,Q1
Marine Life Science & Technology,Biology & Biochemistry,MARINE & FRESHWATER BIOLOGY,Q1
Quality Assurance and Safety of Crops & Foods,Biology & Biochemistry,FOOD SCIENCE & TECHNOLOGY,Q1
Sustainable Food Technology,Biology & Biochemistry,FOOD SCIENCE & TECHNOLOGY,Q1
INTERNATIONAL JOURNAL OF FOOD MICROBIOLOGY,Biology & Biochemistry,FOOD SCIENCE & TECHNOLOGY,Q1
Biology of Sex Differences,Biology & Biochemistry,GENETICS & HEREDITY,Q1
GENETICS,Biology & Biochemistry,GENETICS & HEREDITY,Q1
Foods,Biology & Biochemistry,FOOD SCIENCE & TECHNOLOGY,Q1
Food Hydrocolloids for Health,Biology & Biochemistry,FOOD SCIENCE & TECHNOLOGY,Q1
CANCER GENE THERAPY,Biology & Biochemistry,GENETICS & HEREDITY,Q1
Legume Science,Biology & Biochemistry,FOOD SCIENCE & TECHNOLOGY,Q1
Marine Pollution Bulletin,Biology & Biochemistry,MARINE & FRESHWATER BIOLOGY,Q1
Food Quality and Preference,Biology & Biochemistry,FOOD SCIENCE & TECHNOLOGY,Q2
Genes and Nutrition,Biology & Biochemistry,GENETICS & HEREDITY,Q1
npj Genomic Medicine,Biology & Biochemistry,GENETICS & HEREDITY,Q1
Food Chemistry: Molecular Sciences,Biology & Biochemistry,FOOD SCIENCE & TECHNOLOGY,Q2
REVIEWS IN FISH BIOLOGY AND FISHERIES,Biology & Biochemistry,MARINE & FRESHWATER BIOLOGY,Q1
FOOD MICROBIOLOGY,Biology & Biochemistry,FOOD SCIENCE & TECHNOLOGY,Q2
EUROPEAN JOURNAL OF HUMAN GENETICS,Biology & Biochemistry,GENETICS & HEREDITY,Q1
JOURNAL OF FOOD COMPOSITION AND ANALYSIS,Biology & Biochemistry,FOOD SCIENCE & TECHNOLOGY,Q2
HARMFUL ALGAE,Biology & Biochemistry,MARINE & FRESHWATER BIOLOGY,Q1
GENE THERAPY,Biology & Biochemistry,GENETICS & HEREDITY,Q1
Food and Energy Security,Biology & Biochemistry,FOOD SCIENCE & TECHNOLOGY,Q2
GENES AND IMMUNITY,Biology & Biochemistry,GENETICS & HEREDITY,Q1
MITOCHONDRION,Biology & Biochemistry,GENETICS & HEREDITY,Q1
JOURNAL OF DAIRY SCIENCE,Biology & Biochemistry,FOOD SCIENCE & TECHNOLOGY,Q2
Clinical Epigenetics,Biology & Biochemistry,GENETICS & HEREDITY,Q1
Water Biology and Security,Biology & Biochemistry,MARINE & FRESHWATER BIOLOGY,Q1
Molecular Diagnosis & Therapy,Biology & Biochemistry,GENETICS & HEREDITY,Q1
Frontiers in Genome Editing,Biology & Biochemistry,GENETICS & HEREDITY,Q1
Food Quality and Safety,Biology & Biochemistry,FOOD SCIENCE & TECHNOLOGY,Q2
AMERICAN JOURNAL OF MEDICAL GENETICS PART C-SEMINARS IN MEDICAL GENETICS,Biology & Biochemistry,GENETICS & HEREDITY,Q1
AQUATIC TOXICOLOGY,Biology & Biochemistry,MARINE & FRESHWATER BIOLOGY,Q1
Human Genomics,Biology & Biochemistry,GENETICS & HEREDITY,Q1
Neurology-Genetics,Biology & Biochemistry,GENETICS & HEREDITY,Q1
MUTAGENESIS,Biology & Biochemistry,GENETICS & HEREDITY,Q1
THEORETICAL AND APPLIED GENETICS,Biology & Biochemistry,GENETICS & HEREDITY,Q1
British Food Journal,Biology & Biochemistry,FOOD SCIENCE & TECHNOLOGY,Q2
MUTATION RESEARCH-REVIEWS IN MUTATION RESEARCH,Biology & Biochemistry,GENETICS & HEREDITY,Q1
JOURNAL OF MOLECULAR MEDICINE-JMM,Biology & Biochemistry,GENETICS & HEREDITY,Q1
MOLECULAR NUTRITION & FOOD RESEARCH,Biology & Biochemistry,FOOD SCIENCE & TECHNOLOGY,Q2
JOURNAL OF FOOD BIOCHEMISTRY,Biology & Biochemistry,FOOD SCIENCE & TECHNOLOGY,Q2
International Journal of Neonatal Screening,Biology & Biochemistry,GENETICS & HEREDITY,Q1
Microbial Genomics,Biology & Biochemistry,GENETICS & HEREDITY,Q1
CRISPR Journal,Biology & Biochemistry,GENETICS & HEREDITY,Q1
MICROBIAL ECOLOGY,Biology & Biochemistry,MARINE & FRESHWATER BIOLOGY,Q1
HUMAN GENE THERAPY,Biology & Biochemistry,GENETICS & HEREDITY,Q1
Microbial Risk Analysis,Biology & Biochemistry,FOOD SCIENCE & TECHNOLOGY,Q2
Journal of Functional Foods,Biology & Biochemistry,FOOD SCIENCE & TECHNOLOGY,Q2
Toxins,Biology & Biochemistry,FOOD SCIENCE & TECHNOLOGY,Q2
FISH & SHELLFISH IMMUNOLOGY,Biology & Biochemistry,MARINE & FRESHWATER BIOLOGY,Q1
AQUACULTURE,Biology & Biochemistry,MARINE & FRESHWATER BIOLOGY,Q1
Interdisciplinary Sciences-Computational Life Sciences,Biology & Biochemistry,MATHEMATICAL & COMPUTATIONAL BIOLOGY,Q1
HEREDITY,Biology & Biochemistry,GENETICS & HEREDITY,Q1
Frontiers in Bioinformatics,Biology & Biochemistry,MATHEMATICAL & COMPUTATIONAL BIOLOGY,Q1
INTERNATIONAL JOURNAL OF FOOD PROPERTIES,Biology & Biochemistry,FOOD SCIENCE & TECHNOLOGY,Q2
Plant Genome,Biology & Biochemistry,GENETICS & HEREDITY,Q2
JOURNAL OF INHERITED METABOLIC DISEASE,Biology & Biochemistry,GENETICS & HEREDITY,Q2
GENETIC EPIDEMIOLOGY,Biology & Biochemistry,GENETICS & HEREDITY,Q2
GENETIC EPIDEMIOLOGY,Biology & Biochemistry,MATHEMATICAL & COMPUTATIONAL BIOLOGY,Q1
Food Science & Nutrition,Biology & Biochemistry,FOOD SCIENCE & TECHNOLOGY,Q2
PLoS Genetics,Biology & Biochemistry,GENETICS & HEREDITY,Q2
JOURNAL OF MEDICAL GENETICS,Biology & Biochemistry,GENETICS & HEREDITY,Q2
BMC GENOMICS,Biology & Biochemistry,GENETICS & HEREDITY,Q2
HUMAN MUTATION,Biology & Biochemistry,GENETICS & HEREDITY,Q2
Journal of Cereal Science,Biology & Biochemistry,FOOD SCIENCE & TECHNOLOGY,Q2
Food Science of Animal Resources,Biology & Biochemistry,FOOD SCIENCE & TECHNOLOGY,Q2
PACKAGING TECHNOLOGY AND SCIENCE,Biology & Biochemistry,FOOD SCIENCE & TECHNOLOGY,Q2
Discover Food,Biology & Biochemistry,FOOD SCIENCE & TECHNOLOGY,Q2
Human Genetics and Genomics Advances,Biology & Biochemistry,GENETICS & HEREDITY,Q2
PLoS Computational Biology,Biology & Biochemistry,MATHEMATICAL & COMPUTATIONAL BIOLOGY,Q1
MOLECULAR PHYLOGENETICS AND EVOLUTION,Biology & Biochemistry,GENETICS & HEREDITY,Q2
HUMAN GENETICS,Biology & Biochemistry,GENETICS & HEREDITY,Q2
Database-The Journal of Biological Databases and Curation,Biology & Biochemistry,MATHEMATICAL & COMPUTATIONAL BIOLOGY,Q1
Measurement: Food,Biology & Biochemistry,FOOD SCIENCE & TECHNOLOGY,Q2
CURRENT OPINION IN GENETICS & DEVELOPMENT,Biology & Biochemistry,GENETICS & HEREDITY,Q2
Bioactive Carbohydrates and Dietary Fibre,Biology & Biochemistry,FOOD SCIENCE & TECHNOLOGY,Q2
International Journal of Gastronomy and Food Science,Biology & Biochemistry,FOOD SCIENCE & TECHNOLOGY,Q2
PLANT FOODS FOR HUMAN NUTRITION,Biology & Biochemistry,FOOD SCIENCE & TECHNOLOGY,Q2
Epigenetics Insights,Biology & Biochemistry,GENETICS & HEREDITY,Q2
Journal of Insects as Food and Feed,Biology & Biochemistry,FOOD SCIENCE & TECHNOLOGY,Q2
npj Systems Biology and Applications,Biology & Biochemistry,MATHEMATICAL & COMPUTATIONAL BIOLOGY,Q1
Epigenetics & Chromatin,Biology & Biochemistry,GENETICS & HEREDITY,Q2
FOOD AND CHEMICAL TOXICOLOGY,Biology & Biochemistry,FOOD SCIENCE & TECHNOLOGY,Q2
Orphanet Journal of Rare Diseases,Biology & Biochemistry,GENETICS & HEREDITY,Q2
Meat and Muscle Biology,Biology & Biochemistry,FOOD SCIENCE & TECHNOLOGY,Q2
MOLECULAR GENETICS AND METABOLISM,Biology & Biochemistry,GENETICS & HEREDITY,Q2
JOURNAL OF THE SCIENCE OF FOOD AND AGRICULTURE,Biology & Biochemistry,FOOD SCIENCE & TECHNOLOGY,Q2
Epigenomes,Biology & Biochemistry,GENETICS & HEREDITY,Q2
ICES JOURNAL OF MARINE SCIENCE,Biology & Biochemistry,MARINE & FRESHWATER BIOLOGY,Q1
JOURNAL OF PHYCOLOGY,Biology & Biochemistry,MARINE & FRESHWATER BIOLOGY,Q1
FOOD AND BIOPRODUCTS PROCESSING,Biology & Biochemistry,FOOD SCIENCE & TECHNOLOGY,Q2
JOURNAL OF FOOD SCIENCE,Biology & Biochemistry,FOOD SCIENCE & TECHNOLOGY,Q2
INTERNATIONAL DAIRY JOURNAL,Biology & Biochemistry,FOOD SCIENCE & TECHNOLOGY,Q2
Food & Nutrition Research,Biology & Biochemistry,FOOD SCIENCE & TECHNOLOGY,Q2
BMC BIOINFORMATICS,Biology & Biochemistry,MATHEMATICAL & COMPUTATIONAL BIOLOGY,Q1
NFS Journal,Biology & Biochemistry,FOOD SCIENCE & TECHNOLOGY,Q2
CURRENT GENE THERAPY,Biology & Biochemistry,GENETICS & HEREDITY,Q2
ITALIAN JOURNAL OF FOOD SCIENCE,Biology & Biochemistry,FOOD SCIENCE & TECHNOLOGY,Q2
Journal of Food Measurement and Characterization,Biology & Biochemistry,FOOD SCIENCE & TECHNOLOGY,Q2
EFSA Journal,Biology & Biochemistry,FOOD SCIENCE & TECHNOLOGY,Q2
INTERNATIONAL JOURNAL OF FOOD SCIENCES AND NUTRITION,Biology & Biochemistry,FOOD SCIENCE & TECHNOLOGY,Q2
JOURNAL OF FOOD SCIENCE AND TECHNOLOGY-MYSORE,Biology & Biochemistry,FOOD SCIENCE & TECHNOLOGY,Q2
Environmental Epigenetics,Biology & Biochemistry,GENETICS & HEREDITY,Q2
MARINE ENVIRONMENTAL RESEARCH,Biology & Biochemistry,MARINE & FRESHWATER BIOLOGY,Q1
Epigenetics,Biology & Biochemistry,GENETICS & HEREDITY,Q2
HUMAN MOLECULAR GENETICS,Biology & Biochemistry,GENETICS & HEREDITY,Q2
EUROPEAN FOOD RESEARCH AND TECHNOLOGY,Biology & Biochemistry,FOOD SCIENCE & TECHNOLOGY,Q2
Food Biophysics,Biology & Biochemistry,FOOD SCIENCE & TECHNOLOGY,Q2
Forensic Science International-Genetics,Biology & Biochemistry,GENETICS & HEREDITY,Q2
GENETICS SELECTION EVOLUTION,Biology & Biochemistry,GENETICS & HEREDITY,Q2
Mobile DNA,Biology & Biochemistry,GENETICS & HEREDITY,Q2
FUNCTIONAL & INTEGRATIVE GENOMICS,Biology & Biochemistry,GENETICS & HEREDITY,Q2
Molecular Informatics,Biology & Biochemistry,MATHEMATICAL & COMPUTATIONAL BIOLOGY,Q1
Frontiers in Sustainable Food Systems,Biology & Biochemistry,FOOD SCIENCE & TECHNOLOGY,Q2
INTERNATIONAL JOURNAL OF FOOD SCIENCE AND TECHNOLOGY,Biology & Biochemistry,FOOD SCIENCE & TECHNOLOGY,Q2
International Journal of Food Science,Biology & Biochemistry,FOOD SCIENCE & TECHNOLOGY,Q2
FOOD SCIENCE AND BIOTECHNOLOGY,Biology & Biochemistry,FOOD SCIENCE & TECHNOLOGY,Q2
JOURNAL OF MOLECULAR GRAPHICS & MODELLING,Biology & Biochemistry,MATHEMATICAL & COMPUTATIONAL BIOLOGY,Q2
GENOMICS,Biology & Biochemistry,GENETICS & HEREDITY,Q2
JOURNAL OF APPLIED PHYCOLOGY,Biology & Biochemistry,MARINE & FRESHWATER BIOLOGY,Q1
MOLECULAR BREEDING,Biology & Biochemistry,GENETICS & HEREDITY,Q2
Frontiers in Marine Science,Biology & Biochemistry,MARINE & FRESHWATER BIOLOGY,Q1
JOURNAL OF FOOD AND DRUG ANALYSIS,Biology & Biochemistry,FOOD SCIENCE & TECHNOLOGY,Q2
Non-Coding RNA,Biology & Biochemistry,GENETICS & HEREDITY,Q2
Food Analytical Methods,Biology & Biochemistry,FOOD SCIENCE & TECHNOLOGY,Q2
CORAL REEFS,Biology & Biochemistry,MARINE & FRESHWATER BIOLOGY,Q1
DNA RESEARCH,Biology & Biochemistry,GENETICS & HEREDITY,Q2
Phycology,Biology & Biochemistry,MARINE & FRESHWATER BIOLOGY,Q1
JOURNAL OF SEA RESEARCH,Biology & Biochemistry,MARINE & FRESHWATER BIOLOGY,Q1
Current Bioinformatics,Biology & Biochemistry,MATHEMATICAL & COMPUTATIONAL BIOLOGY,Q2
PHARMACOGENOMICS JOURNAL,Biology & Biochemistry,GENETICS & HEREDITY,Q2
IMMUNOGENETICS,Biology & Biochemistry,GENETICS & HEREDITY,Q2
JOURNAL OF BIOSCIENCE AND BIOENGINEERING,Biology & Biochemistry,FOOD SCIENCE & TECHNOLOGY,Q2
JOURNAL OF FOOD QUALITY,Biology & Biochemistry,FOOD SCIENCE & TECHNOLOGY,Q2
JOURNAL OF FOOD PROCESS ENGINEERING,Biology & Biochemistry,FOOD SCIENCE & TECHNOLOGY,Q2
NAR Genomics and Bioinformatics,Biology & Biochemistry,GENETICS & HEREDITY,Q2
NAR Genomics and Bioinformatics,Biology & Biochemistry,MATHEMATICAL & COMPUTATIONAL BIOLOGY,Q2
BIOMETRIKA,Biology & Biochemistry,MATHEMATICAL & COMPUTATIONAL BIOLOGY,Q2
Genome Biology and Evolution,Biology & Biochemistry,GENETICS & HEREDITY,Q2
MARINE BIOTECHNOLOGY,Biology & Biochemistry,MARINE & FRESHWATER BIOLOGY,Q1
Frontiers in Genetics,Biology & Biochemistry,GENETICS & HEREDITY,Q2
Genes,Biology & Biochemistry,GENETICS & HEREDITY,Q2
Fish and Shellfish Immunology Reports,Biology & Biochemistry,MARINE & FRESHWATER BIOLOGY,Q1
GENES CHROMOSOMES & CANCER,Biology & Biochemistry,GENETICS & HEREDITY,Q2
Bioinformatics Advances,Biology & Biochemistry,MATHEMATICAL & COMPUTATIONAL BIOLOGY,Q2
Application of Clinical Genetics,Biology & Biochemistry,GENETICS & HEREDITY,Q2
CHROMOSOME RESEARCH,Biology & Biochemistry,GENETICS & HEREDITY,Q2
ACS Food Science & Technology,Biology & Biochemistry,FOOD SCIENCE & TECHNOLOGY,Q3
JOURNAL OF FOOD PROTECTION,Biology & Biochemistry,FOOD SCIENCE & TECHNOLOGY,Q3
INTERNATIONAL JOURNAL OF DAIRY TECHNOLOGY,Biology & Biochemistry,FOOD SCIENCE & TECHNOLOGY,Q3
JOURNAL OF ASSISTED REPRODUCTION AND GENETICS,Biology & Biochemistry,GENETICS & HEREDITY,Q2
FRESHWATER BIOLOGY,Biology & Biochemistry,MARINE & FRESHWATER BIOLOGY,Q1
DNA REPAIR,Biology & Biochemistry,GENETICS & HEREDITY,Q2
PRENATAL DIAGNOSIS,Biology & Biochemistry,GENETICS & HEREDITY,Q2
Analytical Methods,Biology & Biochemistry,FOOD SCIENCE & TECHNOLOGY,Q3
Food and Environmental Virology,Biology & Biochemistry,FOOD SCIENCE & TECHNOLOGY,Q3
MAMMALIAN GENOME,Biology & Biochemistry,GENETICS & HEREDITY,Q2
Applied Biological Chemistry,Biology & Biochemistry,FOOD SCIENCE & TECHNOLOGY,Q3
Beverages,Biology & Biochemistry,FOOD SCIENCE & TECHNOLOGY,Q3
STARCH-STARKE,Biology & Biochemistry,FOOD SCIENCE & TECHNOLOGY,Q3
ESTUARINE COASTAL AND SHELF SCIENCE,Biology & Biochemistry,MARINE & FRESHWATER BIOLOGY,Q1
EVOLUTION,Biology & Biochemistry,GENETICS & HEREDITY,Q2
AQUATIC BOTANY,Biology & Biochemistry,MARINE & FRESHWATER BIOLOGY,Q1
BMC Ecology and Evolution,Biology & Biochemistry,GENETICS & HEREDITY,Q2
Cancer Genomics & Proteomics,Biology & Biochemistry,GENETICS & HEREDITY,Q2
MEDICAL & BIOLOGICAL ENGINEERING & COMPUTING,Biology & Biochemistry,MATHEMATICAL & COMPUTATIONAL BIOLOGY,Q2
Epigenomics,Biology & Biochemistry,GENETICS & HEREDITY,Q2
DNA AND CELL BIOLOGY,Biology & Biochemistry,GENETICS & HEREDITY,Q2
Infectious Disease Modelling,Biology & Biochemistry,MATHEMATICAL & COMPUTATIONAL BIOLOGY,Q2
Aquaculture Environment Interactions,Biology & Biochemistry,MARINE & FRESHWATER BIOLOGY,Q1
JOURNAL OF HEREDITY,Biology & Biochemistry,GENETICS & HEREDITY,Q2
JOURNAL OF MARINE SYSTEMS,Biology & Biochemistry,MARINE & FRESHWATER BIOLOGY,Q1
Animal Biotelemetry,Biology & Biochemistry,MARINE & FRESHWATER BIOLOGY,Q1
HYDROBIOLOGIA,Biology & Biochemistry,MARINE & FRESHWATER BIOLOGY,Q1
JOURNAL OF GREAT LAKES RESEARCH,Biology & Biochemistry,MARINE & FRESHWATER BIOLOGY,Q1
Frontiers in Neuroinformatics,Biology & Biochemistry,MATHEMATICAL & COMPUTATIONAL BIOLOGY,Q2
Physiological Genomics,Biology & Biochemistry,GENETICS & HEREDITY,Q2
BMC Genomic Data,Biology & Biochemistry,GENETICS & HEREDITY,Q2
HEREDITAS,Biology & Biochemistry,GENETICS & HEREDITY,Q2
JOURNAL OF HUMAN GENETICS,Biology & Biochemistry,GENETICS & HEREDITY,Q2
Cancer Informatics,Biology & Biochemistry,MATHEMATICAL & COMPUTATIONAL BIOLOGY,Q2
MUTATION RESEARCH-GENETIC TOXICOLOGY AND ENVIRONMENTAL MUTAGENESIS,Biology & Biochemistry,GENETICS & HEREDITY,Q2
Food Additives & Contaminants Part B-Surveillance,Biology & Biochemistry,FOOD SCIENCE & TECHNOLOGY,Q3
Briefings in Functional Genomics,Biology & Biochemistry,GENETICS & HEREDITY,Q2
BIOTECHNOLOGY PROGRESS,Biology & Biochemistry,FOOD SCIENCE & TECHNOLOGY,Q3
FOOD TECHNOLOGY AND BIOTECHNOLOGY,Biology & Biochemistry,FOOD SCIENCE & TECHNOLOGY,Q3
JOURNAL OF TEXTURE STUDIES,Biology & Biochemistry,FOOD SCIENCE & TECHNOLOGY,Q3
JOURNAL OF FOOD PROCESSING AND PRESERVATION,Biology & Biochemistry,FOOD SCIENCE & TECHNOLOGY,Q3
GENESIS,Biology & Biochemistry,GENETICS & HEREDITY,Q2
Preventive Nutrition and Food Science,Biology & Biochemistry,FOOD SCIENCE & TECHNOLOGY,Q3
CEREAL CHEMISTRY,Biology & Biochemistry,FOOD SCIENCE & TECHNOLOGY,Q3
Fishes,Biology & Biochemistry,MARINE & FRESHWATER BIOLOGY,Q1
Regional Studies in Marine Science,Biology & Biochemistry,MARINE & FRESHWATER BIOLOGY,Q1
ALGAE,Biology & Biochemistry,MARINE & FRESHWATER BIOLOGY,Q1
in silico Plants,Biology & Biochemistry,MATHEMATICAL & COMPUTATIONAL BIOLOGY,Q2
GENE,Biology & Biochemistry,GENETICS & HEREDITY,Q3
Comparative Biochemistry and Physiology D-Genomics & Proteomics,Biology & Biochemistry,GENETICS & HEREDITY,Q3
International Journal for Numerical Methods in Biomedical Engineering,Biology & Biochemistry,MATHEMATICAL & COMPUTATIONAL BIOLOGY,Q2
SAR AND QSAR IN ENVIRONMENTAL RESEARCH,Biology & Biochemistry,MATHEMATICAL & COMPUTATIONAL BIOLOGY,Q2
JOURNAL OF THE AMERICAN OIL CHEMISTS SOCIETY,Biology & Biochemistry,FOOD SCIENCE & TECHNOLOGY,Q3
Inland Waters,Biology & Biochemistry,MARINE & FRESHWATER BIOLOGY,Q2
CANADIAN JOURNAL OF FISHERIES AND AQUATIC SCIENCES,Biology & Biochemistry,MARINE & FRESHWATER BIOLOGY,Q2
Egyptian Journal of Aquatic Research,Biology & Biochemistry,MARINE & FRESHWATER BIOLOGY,Q2
FUNGAL GENETICS AND BIOLOGY,Biology & Biochemistry,GENETICS & HEREDITY,Q3
MEDITERRANEAN MARINE SCIENCE,Biology & Biochemistry,MARINE & FRESHWATER BIOLOGY,Q2
Aquatic Invasions,Biology & Biochemistry,MARINE & FRESHWATER BIOLOGY,Q2
JOURNAL OF MATHEMATICAL BIOLOGY,Biology & Biochemistry,MATHEMATICAL & COMPUTATIONAL BIOLOGY,Q2
Estuaries and Coasts,Biology & Biochemistry,MARINE & FRESHWATER BIOLOGY,Q2
CLINICAL GENETICS,Biology & Biochemistry,GENETICS & HEREDITY,Q3
INTERNATIONAL REVIEW OF HYDROBIOLOGY,Biology & Biochemistry,MARINE & FRESHWATER BIOLOGY,Q2
Frontiers in Computational Neuroscience,Biology & Biochemistry,MATHEMATICAL & COMPUTATIONAL BIOLOGY,Q2
JOURNAL OF EVOLUTIONARY BIOLOGY,Biology & Biochemistry,GENETICS & HEREDITY,Q3
Bio-Algorithms and Med-Systems,Biology & Biochemistry,MATHEMATICAL & COMPUTATIONAL BIOLOGY,Q2
CHROMOSOMA,Biology & Biochemistry,GENETICS & HEREDITY,Q3
ENVIRONMENTAL AND MOLECULAR MUTAGENESIS,Biology & Biochemistry,GENETICS & HEREDITY,Q3
POLISH JOURNAL OF FOOD AND NUTRITION SCIENCES,Biology & Biochemistry,FOOD SCIENCE & TECHNOLOGY,Q3
Frontiers in Systems Biology,Biology & Biochemistry,MATHEMATICAL & COMPUTATIONAL BIOLOGY,Q2
Food Bioengineering,Biology & Biochemistry,FOOD SCIENCE & TECHNOLOGY,Q3
JOURNAL OF FISH DISEASES,Biology & Biochemistry,MARINE & FRESHWATER BIOLOGY,Q2
Current Opinion in Systems Biology,Biology & Biochemistry,MATHEMATICAL & COMPUTATIONAL BIOLOGY,Q2
BEHAVIOR GENETICS,Biology & Biochemistry,GENETICS & HEREDITY,Q3
JOURNAL OF GENE MEDICINE,Biology & Biochemistry,GENETICS & HEREDITY,Q3
Journal of Biological Dynamics,Biology & Biochemistry,MATHEMATICAL & COMPUTATIONAL BIOLOGY,Q2
BULLETIN OF MATHEMATICAL BIOLOGY,Biology & Biochemistry,MATHEMATICAL & COMPUTATIONAL BIOLOGY,Q2
AUSTRALIAN JOURNAL OF GRAPE AND WINE RESEARCH,Biology & Biochemistry,FOOD SCIENCE & TECHNOLOGY,Q3
AQUATIC CONSERVATION-MARINE AND FRESHWATER ECOSYSTEMS,Biology & Biochemistry,MARINE & FRESHWATER BIOLOGY,Q2
G3-Genes Genomes Genetics,Biology & Biochemistry,GENETICS & HEREDITY,Q3
OENO One,Biology & Biochemistry,FOOD SCIENCE & TECHNOLOGY,Q3
PLASMID,Biology & Biochemistry,GENETICS & HEREDITY,Q3
Food Additives and Contaminants Part A-Chemistry Analysis Control Exposure & Risk Assessment,Biology & Biochemistry,FOOD SCIENCE & TECHNOLOGY,Q3
World Mycotoxin Journal,Biology & Biochemistry,FOOD SCIENCE & TECHNOLOGY,Q3
Mathematical Modelling of Natural Phenomena,Biology & Biochemistry,MATHEMATICAL & COMPUTATIONAL BIOLOGY,Q3
MARINE BIOLOGY,Biology & Biochemistry,MARINE & FRESHWATER BIOLOGY,Q2
MARINE ECOLOGY PROGRESS SERIES,Biology & Biochemistry,MARINE & FRESHWATER BIOLOGY,Q2
ANIMAL GENETICS,Biology & Biochemistry,GENETICS & HEREDITY,Q3
MOLECULAR GENETICS AND GENOMICS,Biology & Biochemistry,GENETICS & HEREDITY,Q3
EVOLUTIONARY ECOLOGY,Biology & Biochemistry,GENETICS & HEREDITY,Q3
Genetics Research,Biology & Biochemistry,GENETICS & HEREDITY,Q3
Cancer Genetics,Biology & Biochemistry,GENETICS & HEREDITY,Q3
FOOD AND AGRICULTURAL IMMUNOLOGY,Biology & Biochemistry,FOOD SCIENCE & TECHNOLOGY,Q3
JOURNAL OF ESSENTIAL OIL RESEARCH,Biology & Biochemistry,FOOD SCIENCE & TECHNOLOGY,Q3
BIOSTATISTICS,Biology & Biochemistry,MATHEMATICAL & COMPUTATIONAL BIOLOGY,Q3
JOURNAL OF PLANKTON RESEARCH,Biology & Biochemistry,MARINE & FRESHWATER BIOLOGY,Q2
EVOLUTION & DEVELOPMENT,Biology & Biochemistry,GENETICS & HEREDITY,Q3
International Journal of Biomathematics,Biology & Biochemistry,MATHEMATICAL & COMPUTATIONAL BIOLOGY,Q3
BIOFOULING,Biology & Biochemistry,MARINE & FRESHWATER BIOLOGY,Q2
Agribusiness,Biology & Biochemistry,FOOD SCIENCE & TECHNOLOGY,Q3
JOURNAL OF FISH BIOLOGY,Biology & Biochemistry,MARINE & FRESHWATER BIOLOGY,Q2
BMC Medical Genomics,Biology & Biochemistry,GENETICS & HEREDITY,Q3
JOURNAL OF THEORETICAL BIOLOGY,Biology & Biochemistry,MATHEMATICAL & COMPUTATIONAL BIOLOGY,Q3
Network Modeling and Analysis in Health Informatics and Bioinformatics,Biology & Biochemistry,MATHEMATICAL & COMPUTATIONAL BIOLOGY,Q3
Journal of Biomedical Semantics,Biology & Biochemistry,MATHEMATICAL & COMPUTATIONAL BIOLOGY,Q3
JOURNAL OF NEUROGENETICS,Biology & Biochemistry,GENETICS & HEREDITY,Q3
Familial Cancer,Biology & Biochemistry,GENETICS & HEREDITY,Q3
JOURNAL OF MEDICINAL FOOD,Biology & Biochemistry,FOOD SCIENCE & TECHNOLOGY,Q3
JOURNAL OF COMPUTATIONAL NEUROSCIENCE,Biology & Biochemistry,MATHEMATICAL & COMPUTATIONAL BIOLOGY,Q3
FLAVOUR AND FRAGRANCE JOURNAL,Biology & Biochemistry,FOOD SCIENCE & TECHNOLOGY,Q3
JOURNAL OF THE INSTITUTE OF BREWING,Biology & Biochemistry,FOOD SCIENCE & TECHNOLOGY,Q3
MARINE MAMMAL SCIENCE,Biology & Biochemistry,MARINE & FRESHWATER BIOLOGY,Q2
CHEMICAL SENSES,Biology & Biochemistry,FOOD SCIENCE & TECHNOLOGY,Q3
STATISTICAL METHODS IN MEDICAL RESEARCH,Biology & Biochemistry,MATHEMATICAL & COMPUTATIONAL BIOLOGY,Q3
AQUATIC LIVING RESOURCES,Biology & Biochemistry,MARINE & FRESHWATER BIOLOGY,Q2
BIOSYSTEMS,Biology & Biochemistry,MATHEMATICAL & COMPUTATIONAL BIOLOGY,Q3
Journal of Genetic Counseling,Biology & Biochemistry,GENETICS & HEREDITY,Q3
BIOLOGICAL BULLETIN,Biology & Biochemistry,MARINE & FRESHWATER BIOLOGY,Q2
Molecular Genetics and Metabolism Reports,Biology & Biochemistry,GENETICS & HEREDITY,Q3
International Journal of Genomics,Biology & Biochemistry,GENETICS & HEREDITY,Q3
Genes and Environment,Biology & Biochemistry,GENETICS & HEREDITY,Q3
JOURNAL OF COASTAL CONSERVATION,Biology & Biochemistry,MARINE & FRESHWATER BIOLOGY,Q2
MUTATION RESEARCH-FUNDAMENTAL AND MOLECULAR MECHANISMS OF MUTAGENESIS,Biology & Biochemistry,GENETICS & HEREDITY,Q3
JOURNAL OF APPLIED GENETICS,Biology & Biochemistry,GENETICS & HEREDITY,Q3
VIRUS GENES,Biology & Biochemistry,GENETICS & HEREDITY,Q3
IET Systems Biology,Biology & Biochemistry,MATHEMATICAL & COMPUTATIONAL BIOLOGY,Q3
Foodborne Pathogens and Disease,Biology & Biochemistry,FOOD SCIENCE & TECHNOLOGY,Q3
Biotechnology and Genetic Engineering Reviews,Biology & Biochemistry,GENETICS & HEREDITY,Q3
Marine and Coastal Fisheries,Biology & Biochemistry,MARINE & FRESHWATER BIOLOGY,Q2
BIOMETRICAL JOURNAL,Biology & Biochemistry,MATHEMATICAL & COMPUTATIONAL BIOLOGY,Q3
AQUATIC SCIENCES,Biology & Biochemistry,MARINE & FRESHWATER BIOLOGY,Q2
STATISTICS IN MEDICINE,Biology & Biochemistry,MATHEMATICAL & COMPUTATIONAL BIOLOGY,Q3
AQUATIC ECOLOGY,Biology & Biochemistry,MARINE & FRESHWATER BIOLOGY,Q2
Marine Ecology-An Evolutionary Perspective,Biology & Biochemistry,MARINE & FRESHWATER BIOLOGY,Q2
JOURNAL OF EXPERIMENTAL MARINE BIOLOGY AND ECOLOGY,Biology & Biochemistry,MARINE & FRESHWATER BIOLOGY,Q2
MATHEMATICAL BIOSCIENCES,Biology & Biochemistry,MATHEMATICAL & COMPUTATIONAL BIOLOGY,Q3
ENVIRONMENTAL BIOLOGY OF FISHES,Biology & Biochemistry,MARINE & FRESHWATER BIOLOGY,Q2
JIMD Reports,Biology & Biochemistry,GENETICS & HEREDITY,Q3
GENOME,Biology & Biochemistry,GENETICS & HEREDITY,Q3
JOURNAL OF MOLECULAR EVOLUTION,Biology & Biochemistry,GENETICS & HEREDITY,Q3
Journal of Community Genetics,Biology & Biochemistry,GENETICS & HEREDITY,Q3
AMERICAN JOURNAL OF ENOLOGY AND VITICULTURE,Biology & Biochemistry,FOOD SCIENCE & TECHNOLOGY,Q3
Journal of Integrative Bioinformatics,Biology & Biochemistry,MATHEMATICAL & COMPUTATIONAL BIOLOGY,Q3
JOURNAL OF FOOD SAFETY,Biology & Biochemistry,FOOD SCIENCE & TECHNOLOGY,Q3
EUROPEAN JOURNAL OF LIPID SCIENCE AND TECHNOLOGY,Biology & Biochemistry,FOOD SCIENCE & TECHNOLOGY,Q3
JOURNAL OF THE AMERICAN SOCIETY OF BREWING CHEMISTS,Biology & Biochemistry,FOOD SCIENCE & TECHNOLOGY,Q3
Journal of Oleo Science,Biology & Biochemistry,FOOD SCIENCE & TECHNOLOGY,Q3
EUROPEAN JOURNAL OF PHYCOLOGY,Biology & Biochemistry,MARINE & FRESHWATER BIOLOGY,Q2
Turkish Journal of Fisheries and Aquatic Sciences,Biology & Biochemistry,MARINE & FRESHWATER BIOLOGY,Q2
BIOMETRICS,Biology & Biochemistry,MATHEMATICAL & COMPUTATIONAL BIOLOGY,Q3
Knowledge and Management of Aquatic Ecosystems,Biology & Biochemistry,MARINE & FRESHWATER BIOLOGY,Q2
CONSERVATION GENETICS,Biology & Biochemistry,GENETICS & HEREDITY,Q3
NEW ZEALAND JOURNAL OF MARINE AND FRESHWATER RESEARCH,Biology & Biochemistry,MARINE & FRESHWATER BIOLOGY,Q2
Pharmacogenetics and Genomics,Biology & Biochemistry,GENETICS & HEREDITY,Q3
AMERICAN JOURNAL OF MEDICAL GENETICS PART A,Biology & Biochemistry,GENETICS & HEREDITY,Q3
European Journal of Medical Genetics,Biology & Biochemistry,GENETICS & HEREDITY,Q3
CyTA-Journal of Food,Biology & Biochemistry,FOOD SCIENCE & TECHNOLOGY,Q3
Genes & Genomics,Biology & Biochemistry,GENETICS & HEREDITY,Q3
Algorithms for Molecular Biology,Biology & Biochemistry,MATHEMATICAL & COMPUTATIONAL BIOLOGY,Q3
JOURNAL OF AOAC INTERNATIONAL,Biology & Biochemistry,FOOD SCIENCE & TECHNOLOGY,Q3
Cellular Reprogramming,Biology & Biochemistry,GENETICS & HEREDITY,Q3
Italian Journal of Food Safety,Biology & Biochemistry,FOOD SCIENCE & TECHNOLOGY,Q3
Journal of Consumer Protection and Food Safety,Biology & Biochemistry,FOOD SCIENCE & TECHNOLOGY,Q3
Tree Genetics & Genomes,Biology & Biochemistry,GENETICS & HEREDITY,Q3
Plant Gene,Biology & Biochemistry,GENETICS & HEREDITY,Q3
Freshwater Science,Biology & Biochemistry,MARINE & FRESHWATER BIOLOGY,Q2
Oceans-Switzerland,Biology & Biochemistry,MARINE & FRESHWATER BIOLOGY,Q2
JOURNAL OF COMPUTATIONAL BIOLOGY,Biology & Biochemistry,MATHEMATICAL & COMPUTATIONAL BIOLOGY,Q4
OMICS-A JOURNAL OF INTEGRATIVE BIOLOGY,Biology & Biochemistry,GENETICS & HEREDITY,Q3
BIOCHEMICAL GENETICS,Biology & Biochemistry,GENETICS & HEREDITY,Q3
CRITICAL REVIEWS IN EUKARYOTIC GENE EXPRESSION,Biology & Biochemistry,GENETICS & HEREDITY,Q3
CURRENT GENETICS,Biology & Biochemistry,GENETICS & HEREDITY,Q3
Molecular Genetics & Genomic Medicine,Biology & Biochemistry,GENETICS & HEREDITY,Q3
JOURNAL OF SENSORY STUDIES,Biology & Biochemistry,FOOD SCIENCE & TECHNOLOGY,Q3
FOOD AND NUTRITION BULLETIN,Biology & Biochemistry,FOOD SCIENCE & TECHNOLOGY,Q3
FOOD BIOTECHNOLOGY,Biology & Biochemistry,FOOD SCIENCE & TECHNOLOGY,Q3
FOOD SCIENCE AND TECHNOLOGY INTERNATIONAL,Biology & Biochemistry,FOOD SCIENCE & TECHNOLOGY,Q3
Nutrition & Food Science,Biology & Biochemistry,FOOD SCIENCE & TECHNOLOGY,Q3
NEW GENETICS AND SOCIETY,Biology & Biochemistry,GENETICS & HEREDITY,Q4
MARINE AND FRESHWATER RESEARCH,Biology & Biochemistry,MARINE & FRESHWATER BIOLOGY,Q3
ACTA BIOTHEORETICA,Biology & Biochemistry,MATHEMATICAL & COMPUTATIONAL BIOLOGY,Q4
Marine Genomics,Biology & Biochemistry,GENETICS & HEREDITY,Q4
Journal of Wine Economics,Biology & Biochemistry,FOOD SCIENCE & TECHNOLOGY,Q4
Marine Biodiversity,Biology & Biochemistry,MARINE & FRESHWATER BIOLOGY,Q3
Evolutionary Bioinformatics,Biology & Biochemistry,MATHEMATICAL & COMPUTATIONAL BIOLOGY,Q4
CRYPTOGAMIE ALGOLOGIE,Biology & Biochemistry,MARINE & FRESHWATER BIOLOGY,Q3
AMERICAN JOURNAL OF MEDICAL GENETICS PART B-NEUROPSYCHIATRIC GENETICS,Biology & Biochemistry,GENETICS & HEREDITY,Q4
HUMAN HEREDITY,Biology & Biochemistry,GENETICS & HEREDITY,Q4
JOURNAL OF BIOLOGICAL SYSTEMS,Biology & Biochemistry,MATHEMATICAL & COMPUTATIONAL BIOLOGY,Q4
Public Health Genomics,Biology & Biochemistry,GENETICS & HEREDITY,Q4
Global Medical Genetics,Biology & Biochemistry,GENETICS & HEREDITY,Q4
MATHEMATICAL MEDICINE AND BIOLOGY-A JOURNAL OF THE IMA,Biology & Biochemistry,MATHEMATICAL & COMPUTATIONAL BIOLOGY,Q4
PHYCOLOGIA,Biology & Biochemistry,MARINE & FRESHWATER BIOLOGY,Q3
GULF AND CARIBBEAN RESEARCH,Biology & Biochemistry,MARINE & FRESHWATER BIOLOGY,Q3
BOTANICA MARINA,Biology & Biochemistry,MARINE & FRESHWATER BIOLOGY,Q3
AFRICAN JOURNAL OF MARINE SCIENCE,Biology & Biochemistry,MARINE & FRESHWATER BIOLOGY,Q3
Ocean Science Journal,Biology & Biochemistry,MARINE & FRESHWATER BIOLOGY,Q3
THEORY IN BIOSCIENCES,Biology & Biochemistry,MATHEMATICAL & COMPUTATIONAL BIOLOGY,Q4
Lifestyle Genomics,Biology & Biochemistry,GENETICS & HEREDITY,Q4
Molecular Cytogenetics,Biology & Biochemistry,GENETICS & HEREDITY,Q4
CLEAN-Soil Air Water,Biology & Biochemistry,MARINE & FRESHWATER BIOLOGY,Q3
CURRENT GENOMICS,Biology & Biochemistry,GENETICS & HEREDITY,Q4
International Journal of Food Engineering,Biology & Biochemistry,FOOD SCIENCE & TECHNOLOGY,Q4
Natural Product Communications,Biology & Biochemistry,FOOD SCIENCE & TECHNOLOGY,Q4
PSYCHIATRIC GENETICS,Biology & Biochemistry,GENETICS & HEREDITY,Q4
IRISH JOURNAL OF AGRICULTURAL AND FOOD RESEARCH,Biology & Biochemistry,FOOD SCIENCE & TECHNOLOGY,Q4
Medizinische Genetik,Biology & Biochemistry,GENETICS & HEREDITY,Q4
Quantitative Biology,Biology & Biochemistry,MATHEMATICAL & COMPUTATIONAL BIOLOGY,Q4
DIATOM RESEARCH,Biology & Biochemistry,MARINE & FRESHWATER BIOLOGY,Q3
ECOLOGY OF FRESHWATER FISH,Biology & Biochemistry,MARINE & FRESHWATER BIOLOGY,Q3
Statistics in Biopharmaceutical Research,Biology & Biochemistry,MATHEMATICAL & COMPUTATIONAL BIOLOGY,Q4
Current Genetic Medicine Reports,Biology & Biochemistry,GENETICS & HEREDITY,Q4
LIMNETICA,Biology & Biochemistry,MARINE & FRESHWATER BIOLOGY,Q3
AIMS Agriculture and Food,Biology & Biochemistry,FOOD SCIENCE & TECHNOLOGY,Q4
GENETICA,Biology & Biochemistry,GENETICS & HEREDITY,Q4
Applied Food Biotechnology,Biology & Biochemistry,FOOD SCIENCE & TECHNOLOGY,Q4
THEORETICAL POPULATION BIOLOGY,Biology & Biochemistry,GENETICS & HEREDITY,Q4
THEORETICAL POPULATION BIOLOGY,Biology & Biochemistry,MATHEMATICAL & COMPUTATIONAL BIOLOGY,Q4
Human Genome Variation,Biology & Biochemistry,GENETICS & HEREDITY,Q4
GENETICS AND MOLECULAR BIOLOGY,Biology & Biochemistry,GENETICS & HEREDITY,Q4
GENES TO CELLS,Biology & Biochemistry,GENETICS & HEREDITY,Q4
BIOSCIENCE BIOTECHNOLOGY AND BIOCHEMISTRY,Biology & Biochemistry,FOOD SCIENCE & TECHNOLOGY,Q4
CYTOGENETIC AND GENOME RESEARCH,Biology & Biochemistry,GENETICS & HEREDITY,Q4
Journal of Aquatic Food Product Technology,Biology & Biochemistry,FOOD SCIENCE & TECHNOLOGY,Q4
Foods and Raw Materials,Biology & Biochemistry,FOOD SCIENCE & TECHNOLOGY,Q4
JOURNAL OF MOLLUSCAN STUDIES,Biology & Biochemistry,MARINE & FRESHWATER BIOLOGY,Q3
JOURNAL OF CRUSTACEAN BIOLOGY,Biology & Biochemistry,MARINE & FRESHWATER BIOLOGY,Q3
JOURNAL OF DAIRY RESEARCH,Biology & Biochemistry,FOOD SCIENCE & TECHNOLOGY,Q4
NEUROGENETICS,Biology & Biochemistry,GENETICS & HEREDITY,Q4
BULLETIN OF MARINE SCIENCE,Biology & Biochemistry,MARINE & FRESHWATER BIOLOGY,Q3
International Journal of Biostatistics,Biology & Biochemistry,MATHEMATICAL & COMPUTATIONAL BIOLOGY,Q4
Twin Research and Human Genetics,Biology & Biochemistry,GENETICS & HEREDITY,Q4
Marine Biology Research,Biology & Biochemistry,MARINE & FRESHWATER BIOLOGY,Q3
ANNALS OF HUMAN GENETICS,Biology & Biochemistry,GENETICS & HEREDITY,Q4
JOURNAL OF GENETICS,Biology & Biochemistry,GENETICS & HEREDITY,Q4
GENES & GENETIC SYSTEMS,Biology & Biochemistry,GENETICS & HEREDITY,Q4
Journal of Oil Palm Research,Biology & Biochemistry,FOOD SCIENCE & TECHNOLOGY,Q4
JOURNAL OF AGRICULTURAL BIOLOGICAL AND ENVIRONMENTAL STATISTICS,Biology & Biochemistry,MATHEMATICAL & COMPUTATIONAL BIOLOGY,Q4
International Journal of Immunogenetics,Biology & Biochemistry,GENETICS & HEREDITY,Q4
AQUATIC MICROBIAL ECOLOGY,Biology & Biochemistry,MARINE & FRESHWATER BIOLOGY,Q3
MARINE AND FRESHWATER BEHAVIOUR AND PHYSIOLOGY,Biology & Biochemistry,MARINE & FRESHWATER BIOLOGY,Q3
Aquatic Sciences and Engineering,Biology & Biochemistry,MARINE & FRESHWATER BIOLOGY,Q3
GENE EXPRESSION PATTERNS,Biology & Biochemistry,GENETICS & HEREDITY,Q4
Egyptian Journal of Medical Human Genetics,Biology & Biochemistry,GENETICS & HEREDITY,Q4
BULLETIN OF THE EUROPEAN ASSOCIATION OF FISH PATHOLOGISTS,Biology & Biochemistry,MARINE & FRESHWATER BIOLOGY,Q3
AGRICULTURAL AND FOOD SCIENCE,Biology & Biochemistry,FOOD SCIENCE & TECHNOLOGY,Q4
GRASAS Y ACEITES,Biology & Biochemistry,FOOD SCIENCE & TECHNOLOGY,Q4
JSFA Reports,Biology & Biochemistry,FOOD SCIENCE & TECHNOLOGY,Q4
Current Research in Nutrition and Food Science,Biology & Biochemistry,FOOD SCIENCE & TECHNOLOGY,Q4
NAUTILUS,Biology & Biochemistry,MARINE & FRESHWATER BIOLOGY,Q3
INVERTEBRATE BIOLOGY,Biology & Biochemistry,MARINE & FRESHWATER BIOLOGY,Q3
Ocean and Coastal Research,Biology & Biochemistry,MARINE & FRESHWATER BIOLOGY,Q3
JOURNAL OF SHELLFISH RESEARCH,Biology & Biochemistry,MARINE & FRESHWATER BIOLOGY,Q3
PHYCOLOGICAL RESEARCH,Biology & Biochemistry,MARINE & FRESHWATER BIOLOGY,Q3
AFRICAN JOURNAL OF AQUATIC SCIENCE,Biology & Biochemistry,MARINE & FRESHWATER BIOLOGY,Q3
OPHTHALMIC GENETICS,Biology & Biochemistry,GENETICS & HEREDITY,Q4
ICHTHYOLOGICAL RESEARCH,Biology & Biochemistry,MARINE & FRESHWATER BIOLOGY,Q3
SILVAE GENETICA,Biology & Biochemistry,GENETICS & HEREDITY,Q4
Genetic Testing and Molecular Biomarkers,Biology & Biochemistry,GENETICS & HEREDITY,Q4
Journal of Translational Genetics and Genomics,Biology & Biochemistry,GENETICS & HEREDITY,Q4
SOUTH AFRICAN JOURNAL OF ENOLOGY AND VITICULTURE,Biology & Biochemistry,FOOD SCIENCE & TECHNOLOGY,Q4
Functional Foods in Health and Disease,Biology & Biochemistry,FOOD SCIENCE & TECHNOLOGY,Q4
CZECH JOURNAL OF FOOD SCIENCES,Biology & Biochemistry,FOOD SCIENCE & TECHNOLOGY,Q4
ACTA ALIMENTARIA,Biology & Biochemistry,FOOD SCIENCE & TECHNOLOGY,Q4
Journal of Culinary Science & Technology,Biology & Biochemistry,FOOD SCIENCE & TECHNOLOGY,Q4
Nutrire,Biology & Biochemistry,FOOD SCIENCE & TECHNOLOGY,Q4
International Food Research Journal,Biology & Biochemistry,FOOD SCIENCE & TECHNOLOGY,Q4
Rivista Italiana delle Sostanze Grasse,Biology & Biochemistry,FOOD SCIENCE & TECHNOLOGY,Q4
JOURNAL OF THE MARINE BIOLOGICAL ASSOCIATION OF THE UNITED KINGDOM,Biology & Biochemistry,MARINE & FRESHWATER BIOLOGY,Q3
AQUATIC MAMMALS,Biology & Biochemistry,MARINE & FRESHWATER BIOLOGY,Q3
Comparative Cytogenetics,Biology & Biochemistry,GENETICS & HEREDITY,Q4
Gene Reports,Biology & Biochemistry,GENETICS & HEREDITY,Q4
SCIENTIA MARINA,Biology & Biochemistry,MARINE & FRESHWATER BIOLOGY,Q3
Plankton & Benthos Research,Biology & Biochemistry,MARINE & FRESHWATER BIOLOGY,Q3
Conservation Genetics Resources,Biology & Biochemistry,GENETICS & HEREDITY,Q4
JOURNAL OF AQUATIC PLANT MANAGEMENT,Biology & Biochemistry,MARINE & FRESHWATER BIOLOGY,Q3
Molecular Syndromology,Biology & Biochemistry,GENETICS & HEREDITY,Q4
Balkan Journal of Medical Genetics,Biology & Biochemistry,GENETICS & HEREDITY,Q4
Ciencia e Tecnica Vitivinicola,Biology & Biochemistry,FOOD SCIENCE & TECHNOLOGY,Q4
FOOD SCIENCE AND TECHNOLOGY RESEARCH,Biology & Biochemistry,FOOD SCIENCE & TECHNOLOGY,Q4
ICHTHYOLOGICAL EXPLORATION OF FRESHWATERS,Biology & Biochemistry,MARINE & FRESHWATER BIOLOGY,Q4
Aquatic Biology,Biology & Biochemistry,MARINE & FRESHWATER BIOLOGY,Q4
Nauplius,Biology & Biochemistry,MARINE & FRESHWATER BIOLOGY,Q4
Latin American Journal of Aquatic Research,Biology & Biochemistry,MARINE & FRESHWATER BIOLOGY,Q4
LAKE AND RESERVOIR MANAGEMENT,Biology & Biochemistry,MARINE & FRESHWATER BIOLOGY,Q4
Acta Scientiarum Polonorum-Technologia Alimentaria,Biology & Biochemistry,FOOD SCIENCE & TECHNOLOGY,Q4
Economia Agro-alimentare,Biology & Biochemistry,FOOD SCIENCE & TECHNOLOGY,Q4
AQUATIC ECOSYSTEM HEALTH & MANAGEMENT,Biology & Biochemistry,MARINE & FRESHWATER BIOLOGY,Q4
Journal of Microbiology Biotechnology and Food Sciences,Biology & Biochemistry,FOOD SCIENCE & TECHNOLOGY,Q4
Kvasny Prumysl,Biology & Biochemistry,FOOD SCIENCE & TECHNOLOGY,Q4
JOURNAL OF APPLIED ICHTHYOLOGY,Biology & Biochemistry,MARINE & FRESHWATER BIOLOGY,Q4
Inland Water Biology,Biology & Biochemistry,MARINE & FRESHWATER BIOLOGY,Q4
CRUSTACEANA,Biology & Biochemistry,MARINE & FRESHWATER BIOLOGY,Q4
THALASSAS,Biology & Biochemistry,MARINE & FRESHWATER BIOLOGY,Q4
Journal of Bioinformatics and Computational Biology,Biology & Biochemistry,MATHEMATICAL & COMPUTATIONAL BIOLOGY,Q4
CIENCIAS MARINAS,Biology & Biochemistry,MARINE & FRESHWATER BIOLOGY,Q4
Human Gene,Biology & Biochemistry,GENETICS & HEREDITY,Q4
Emirates Journal of Food and Agriculture,Biology & Biochemistry,FOOD SCIENCE & TECHNOLOGY,Q4
Mitochondrial DNA Part B-Resources,Biology & Biochemistry,GENETICS & HEREDITY,Q4
Undersea and Hyperbaric Medicine,Biology & Biochemistry,MARINE & FRESHWATER BIOLOGY,Q4
Forensic Science International Genetics Supplement Series,Biology & Biochemistry,GENETICS & HEREDITY,Q4
Ukrainian Food Journal,Biology & Biochemistry,FOOD SCIENCE & TECHNOLOGY,Q4
Statistics and Its Interface,Biology & Biochemistry,MATHEMATICAL & COMPUTATIONAL BIOLOGY,Q4
"Annals of the University Dunarea de Jos of Galati, Fascicle VI-Food Technology",Biology & Biochemistry,FOOD SCIENCE & TECHNOLOGY,Q4
Brewing Science,Biology & Biochemistry,FOOD SCIENCE & TECHNOLOGY,Q4
Carpathian Journal of Food Science and Technology,Biology & Biochemistry,FOOD SCIENCE & TECHNOLOGY,Q4
ACTA ADRIATICA,Biology & Biochemistry,MARINE & FRESHWATER BIOLOGY,Q4
ARCHIV FUR MOLLUSKENKUNDE,Biology & Biochemistry,MARINE & FRESHWATER BIOLOGY,Q4
JOURNAL OF CONCHOLOGY,Biology & Biochemistry,MARINE & FRESHWATER BIOLOGY,Q4
Mitochondrial DNA Part A,Biology & Biochemistry,GENETICS & HEREDITY,Q4
Journal of Food and Nutrition Research,Biology & Biochemistry,FOOD SCIENCE & TECHNOLOGY,Q4
Fundamental and Applied Limnology,Biology & Biochemistry,MARINE & FRESHWATER BIOLOGY,Q4
REVMAR-Revista Ciencias Marinas y Costeras,Biology & Biochemistry,MARINE & FRESHWATER BIOLOGY,Q4
Cytology and Genetics,Biology & Biochemistry,GENETICS & HEREDITY,Q4
CLINICAL DYSMORPHOLOGY,Biology & Biochemistry,GENETICS & HEREDITY,Q4
RUSSIAN JOURNAL OF GENETICS,Biology & Biochemistry,GENETICS & HEREDITY,Q4
MITTEILUNGEN KLOSTERNEUBURG,Biology & Biochemistry,FOOD SCIENCE & TECHNOLOGY,Q4
REVISTA DE BIOLOGIA MARINA Y OCEANOGRAFIA,Biology & Biochemistry,MARINE & FRESHWATER BIOLOGY,Q4
PACIFIC SCIENCE,Biology & Biochemistry,MARINE & FRESHWATER BIOLOGY,Q4
Statistical Applications in Genetics and Molecular Biology,Biology & Biochemistry,MATHEMATICAL & COMPUTATIONAL BIOLOGY,Q4
CAHIERS DE BIOLOGIE MARINE,Biology & Biochemistry,MARINE & FRESHWATER BIOLOGY,Q4
Statistics in Biosciences,Biology & Biochemistry,MATHEMATICAL & COMPUTATIONAL BIOLOGY,Q4
Russian Journal of Marine Biology,Biology & Biochemistry,MARINE & FRESHWATER BIOLOGY,Q4
CYTOLOGIA,Biology & Biochemistry,GENETICS & HEREDITY,Q4
FOOD AND DRUG LAW JOURNAL,Biology & Biochemistry,FOOD SCIENCE & TECHNOLOGY,Q4
FLEISCHWIRTSCHAFT,Biology & Biochemistry,FOOD SCIENCE & TECHNOLOGY,Q4
International Journal of Data Mining and Bioinformatics,Biology & Biochemistry,MATHEMATICAL & COMPUTATIONAL BIOLOGY,Q4
Freshwater Crayfish,Biology & Biochemistry,MARINE & FRESHWATER BIOLOGY,Q4
AMERICAN MALACOLOGICAL BULLETIN,Biology & Biochemistry,MARINE & FRESHWATER BIOLOGY,Q4
Bulletin of University of Agricultural Sciences and Veterinary Medicine Cluj-Napoca-Food Science and Technology,Biology & Biochemistry,FOOD SCIENCE & TECHNOLOGY,Q4
Hidrobiologica,Biology & Biochemistry,MARINE & FRESHWATER BIOLOGY,Q4
Journal of Food Science and Technology-Ukraine,Biology & Biochemistry,FOOD SCIENCE & TECHNOLOGY,Q4
LISTY CUKROVARNICKE A REPARSKE,Biology & Biochemistry,FOOD SCIENCE & TECHNOLOGY,Q4
VIE ET MILIEU-LIFE AND ENVIRONMENT,Biology & Biochemistry,MARINE & FRESHWATER BIOLOGY,Q4
Sugar Industry-Zuckerindustrie,Biology & Biochemistry,FOOD SCIENCE & TECHNOLOGY,Q4
GENETICS AND MOLECULAR RESEARCH,Biology & Biochemistry,GENETICS & HEREDITY,Q4
Journal of Food Safety and Food Quality-Archiv fur Lebensmittelhygiene,Biology & Biochemistry,FOOD SCIENCE & TECHNOLOGY,Q4
Jurnal Ilmu dan Teknologi Kelautan Tropis,Biology & Biochemistry,MARINE & FRESHWATER BIOLOGY,Q4
Sugar Industry international,Biology & Biochemistry,FOOD SCIENCE & TECHNOLOGY,Q4
JOURNAL OF THE JAPANESE SOCIETY FOR FOOD SCIENCE AND TECHNOLOGY-NIPPON SHOKUHIN KAGAKU KOGAKU KAISHI,Biology & Biochemistry,FOOD SCIENCE & TECHNOLOGY,Q4
Research in Marine Sciences,Biology & Biochemistry,MARINE & FRESHWATER BIOLOGY,Q4
INTERNATIONAL JOURNAL OF HUMAN GENETICS,Biology & Biochemistry,GENETICS & HEREDITY,Q4
Comparative Immunology Reports,Biology & Biochemistry,MARINE & FRESHWATER BIOLOGY,N/A
NATURE REVIEWS MICROBIOLOGY,Biology & Biochemistry,MICROBIOLOGY,Q1
iMeta,Biology & Biochemistry,MICROBIOLOGY,Q1
NATURE REVIEWS NEUROSCIENCE,Biology & Biochemistry,NEUROSCIENCES,Q1
FUNGAL DIVERSITY,Biology & Biochemistry,MYCOLOGY,Q1
Lancet Microbe,Biology & Biochemistry,MICROBIOLOGY,Q1
NATURE NEUROSCIENCE,Biology & Biochemistry,NEUROSCIENCES,Q1
Nature Aging,Biology & Biochemistry,NEUROSCIENCES,Q1
Nature Microbiology,Biology & Biochemistry,MICROBIOLOGY,Q1
CLINICAL MICROBIOLOGY REVIEWS,Biology & Biochemistry,MICROBIOLOGY,Q1
Cell Host & Microbe,Biology & Biochemistry,MICROBIOLOGY,Q1
Cell Host & Microbe,Biology & Biochemistry,PARASITOLOGY,Q1
Molecular Neurodegeneration,Biology & Biochemistry,NEUROSCIENCES,Q1
TRENDS IN COGNITIVE SCIENCES,Biology & Biochemistry,NEUROSCIENCES,Q1
STUDIES IN MYCOLOGY,Biology & Biochemistry,MYCOLOGY,Q1
Nature Human Behaviour,Biology & Biochemistry,NEUROSCIENCES,Q1
Neuron,Biology & Biochemistry,NEUROSCIENCES,Q1
Translational Neurodegeneration,Biology & Biochemistry,NEUROSCIENCES,Q1
Mycosphere,Biology & Biochemistry,MYCOLOGY,Q1
TRENDS IN NEUROSCIENCES,Biology & Biochemistry,NEUROSCIENCES,Q1
TRENDS IN MICROBIOLOGY,Biology & Biochemistry,MICROBIOLOGY,Q1
BEHAVIORAL AND BRAIN SCIENCES,Biology & Biochemistry,NEUROSCIENCES,Q1
Annual Review of Neuroscience,Biology & Biochemistry,NEUROSCIENCES,Q1
Microbiome,Biology & Biochemistry,MICROBIOLOGY,Q1
FEMS MICROBIOLOGY REVIEWS,Biology & Biochemistry,MICROBIOLOGY,Q1
BRAIN,Biology & Biochemistry,NEUROSCIENCES,Q1
Gut Microbes,Biology & Biochemistry,MICROBIOLOGY,Q1
MOLECULAR PSYCHIATRY,Biology & Biochemistry,NEUROSCIENCES,Q1
Journal of Neuroinflammation,Biology & Biochemistry,NEUROSCIENCES,Q1
ISME Journal,Biology & Biochemistry,MICROBIOLOGY,Q1
Annual Review of Microbiology,Biology & Biochemistry,MICROBIOLOGY,Q1
SLEEP MEDICINE REVIEWS,Biology & Biochemistry,NEUROSCIENCES,Q1
ACTA NEUROPATHOLOGICA,Biology & Biochemistry,NEUROSCIENCES,Q1
npj Biofilms and Microbiomes,Biology & Biochemistry,MICROBIOLOGY,Q1
Biological Psychiatry,Biology & Biochemistry,NEUROSCIENCES,Q1
Dialogues in Clinical Neuroscience,Biology & Biochemistry,NEUROSCIENCES,Q1
CLINICAL MICROBIOLOGY AND INFECTION,Biology & Biochemistry,MICROBIOLOGY,Q1
Neurology-Neuroimmunology & Neuroinflammation,Biology & Biochemistry,NEUROSCIENCES,Q1
Brain Stimulation,Biology & Biochemistry,NEUROSCIENCES,Q1
npj Parkinsons Disease,Biology & Biochemistry,NEUROSCIENCES,Q1
JOURNAL OF HEADACHE AND PAIN,Biology & Biochemistry,NEUROSCIENCES,Q1
NEUROSCIENCE AND BIOBEHAVIORAL REVIEWS,Biology & Biochemistry,NEUROSCIENCES,Q1
MICROBIOLOGY AND MOLECULAR BIOLOGY REVIEWS,Biology & Biochemistry,MICROBIOLOGY,Q1
ANNALS OF NEUROLOGY,Biology & Biochemistry,NEUROSCIENCES,Q1
Alzheimers Research & Therapy,Biology & Biochemistry,NEUROSCIENCES,Q1
BRAIN BEHAVIOR AND IMMUNITY,Biology & Biochemistry,NEUROSCIENCES,Q1
Emerging Microbes & Infections,Biology & Biochemistry,MICROBIOLOGY,Q1
CURRENT OPINION IN MICROBIOLOGY,Biology & Biochemistry,MICROBIOLOGY,Q1
PERSOONIA,Biology & Biochemistry,MYCOLOGY,Q1
CLINICAL INFECTIOUS DISEASES,Biology & Biochemistry,MICROBIOLOGY,Q1
NEUROPSYCHOPHARMACOLOGY,Biology & Biochemistry,NEUROSCIENCES,Q1
Neurotherapeutics,Biology & Biochemistry,NEUROSCIENCES,Q1
MICROBIOLOGICAL RESEARCH,Biology & Biochemistry,MICROBIOLOGY,Q1
Alzheimers & Dementia-Translational Research & Clinical Interventions,Biology & Biochemistry,NEUROSCIENCES,Q1
EUROPEAN NEUROPSYCHOPHARMACOLOGY,Biology & Biochemistry,NEUROSCIENCES,Q1
Neural Regeneration Research,Biology & Biochemistry,NEUROSCIENCES,Q1
FRONTIERS IN NEUROENDOCRINOLOGY,Biology & Biochemistry,NEUROSCIENCES,Q1
TRENDS IN PARASITOLOGY,Biology & Biochemistry,PARASITOLOGY,Q1
JOURNAL OF PINEAL RESEARCH,Biology & Biochemistry,NEUROSCIENCES,Q1
NEURAL NETWORKS,Biology & Biochemistry,NEUROSCIENCES,Q1
BRAIN PATHOLOGY,Biology & Biochemistry,NEUROSCIENCES,Q1
IMA Fungus,Biology & Biochemistry,MYCOLOGY,Q1
Fluids and Barriers of the CNS,Biology & Biochemistry,NEUROSCIENCES,Q1
PSYCHIATRY AND CLINICAL NEUROSCIENCES,Biology & Biochemistry,NEUROSCIENCES,Q1
ISME Communications,Biology & Biochemistry,MICROBIOLOGY,Q1
PROGRESS IN NEUROBIOLOGY,Biology & Biochemistry,NEUROSCIENCES,Q1
Current Research in Microbial Sciences,Biology & Biochemistry,MICROBIOLOGY,Q1
Neuroscience Bulletin,Biology & Biochemistry,NEUROSCIENCES,Q1
Acta Neuropathologica Communications,Biology & Biochemistry,NEUROSCIENCES,Q1
NEUROBIOLOGY OF DISEASE,Biology & Biochemistry,NEUROSCIENCES,Q1
PAIN,Biology & Biochemistry,NEUROSCIENCES,Q1
Molecular Autism,Biology & Biochemistry,NEUROSCIENCES,Q1
Infectious Diseases of Poverty,Biology & Biochemistry,PARASITOLOGY,Q1
JOURNAL OF PSYCHOPHARMACOLOGY,Biology & Biochemistry,NEUROSCIENCES,Q1
Journal of Oral Microbiology,Biology & Biochemistry,MICROBIOLOGY,Q1
Annual Review of Vision Science,Biology & Biochemistry,NEUROSCIENCES,Q1
Environmental Microbiome,Biology & Biochemistry,MICROBIOLOGY,Q1
JOURNAL OF CLINICAL MICROBIOLOGY,Biology & Biochemistry,MICROBIOLOGY,Q1
Virulence,Biology & Biochemistry,MICROBIOLOGY,Q1
New Microbes and New Infections,Biology & Biochemistry,MICROBIOLOGY,Q1
Current Neuropharmacology,Biology & Biochemistry,NEUROSCIENCES,Q1
Journal of NeuroEngineering and Rehabilitation,Biology & Biochemistry,NEUROSCIENCES,Q1
CURRENT OPINION IN NEUROBIOLOGY,Biology & Biochemistry,NEUROSCIENCES,Q1
INTERNATIONAL JOURNAL OF FOOD MICROBIOLOGY,Biology & Biochemistry,MICROBIOLOGY,Q1
Microbial Biotechnology,Biology & Biochemistry,MICROBIOLOGY,Q1
Current Neurology and Neuroscience Reports,Biology & Biochemistry,NEUROSCIENCES,Q1
GLIA,Biology & Biochemistry,NEUROSCIENCES,Q1
CRITICAL REVIEWS IN MICROBIOLOGY,Biology & Biochemistry,MICROBIOLOGY,Q1
CNS Neuroscience & Therapeutics,Biology & Biochemistry,NEUROSCIENCES,Q1
Multiple Sclerosis Journal,Biology & Biochemistry,NEUROSCIENCES,Q1
Journal of Parkinsons Disease,Biology & Biochemistry,NEUROSCIENCES,Q1
NEUROPSYCHOLOGY REVIEW,Biology & Biochemistry,NEUROSCIENCES,Q1
Developmental Cognitive Neuroscience,Biology & Biochemistry,NEUROSCIENCES,Q1
PLoS Pathogens,Biology & Biochemistry,MICROBIOLOGY,Q1
PLoS Pathogens,Biology & Biochemistry,PARASITOLOGY,Q1
Biofilm,Biology & Biochemistry,MICROBIOLOGY,Q1
SLEEP,Biology & Biochemistry,NEUROSCIENCES,Q1
IEEE Transactions on Cognitive and Developmental Systems,Biology & Biochemistry,NEUROSCIENCES,Q1
Frontiers in Cellular and Infection Microbiology,Biology & Biochemistry,MICROBIOLOGY,Q1
CELLULAR AND MOLECULAR NEUROBIOLOGY,Biology & Biochemistry,NEUROSCIENCES,Q1
Biological Psychiatry-Cognitive Neuroscience and Neuroimaging,Biology & Biochemistry,NEUROSCIENCES,Q1
mBio,Biology & Biochemistry,MICROBIOLOGY,Q1
CEPHALALGIA,Biology & Biochemistry,NEUROSCIENCES,Q1
International Journal of Antimicrobial Agents,Biology & Biochemistry,MICROBIOLOGY,Q1
NEUROPHARMACOLOGY,Biology & Biochemistry,NEUROSCIENCES,Q1
mSystems,Biology & Biochemistry,MICROBIOLOGY,Q1
FOOD MICROBIOLOGY,Biology & Biochemistry,MICROBIOLOGY,Q1
Fungal Biology Reviews,Biology & Biochemistry,MYCOLOGY,Q1
MicrobiologyOpen,Biology & Biochemistry,MICROBIOLOGY,Q1
NEUROIMAGE,Biology & Biochemistry,NEUROSCIENCES,Q1
Brain Communications,Biology & Biochemistry,NEUROSCIENCES,Q1
JOURNAL OF INFECTIOUS DISEASES,Biology & Biochemistry,MICROBIOLOGY,Q1
ANTIMICROBIAL AGENTS AND CHEMOTHERAPY,Biology & Biochemistry,MICROBIOLOGY,Q1
JOURNAL OF CEREBRAL BLOOD FLOW AND METABOLISM,Biology & Biochemistry,NEUROSCIENCES,Q1
BIPOLAR DISORDERS,Biology & Biochemistry,NEUROSCIENCES,Q1
Frontiers in Aging Neuroscience,Biology & Biochemistry,NEUROSCIENCES,Q1
Frontiers in Microbiology,Biology & Biochemistry,MICROBIOLOGY,Q1
Brain Informatics,Biology & Biochemistry,NEUROSCIENCES,Q1
mLife,Biology & Biochemistry,MICROBIOLOGY,Q1
Animal Microbiome,Biology & Biochemistry,MICROBIOLOGY,Q2
JOURNAL OF PHYSIOLOGY-LONDON,Biology & Biochemistry,NEUROSCIENCES,Q1
"Alzheimer's & Dementia: Diagnosis, Assessment & Disease Monitoring",Biology & Biochemistry,NEUROSCIENCES,Q1
Antimicrobial Resistance and Infection Control,Biology & Biochemistry,MICROBIOLOGY,Q2
Mycology-An International Journal On Fungal Biology,Biology & Biochemistry,MYCOLOGY,Q1
Probiotics and Antimicrobial Proteins,Biology & Biochemistry,MICROBIOLOGY,Q2
CURRENT OPINION IN NEUROLOGY,Biology & Biochemistry,NEUROSCIENCES,Q1
MOLECULAR NEUROBIOLOGY,Biology & Biochemistry,NEUROSCIENCES,Q1
Translational Stroke Research,Biology & Biochemistry,NEUROSCIENCES,Q1
Cognitive Computation,Biology & Biochemistry,NEUROSCIENCES,Q1
HELICOBACTER,Biology & Biochemistry,MICROBIOLOGY,Q2
EXPERIMENTAL NEUROLOGY,Biology & Biochemistry,NEUROSCIENCES,Q1
BMC MICROBIOLOGY,Biology & Biochemistry,MICROBIOLOGY,Q2
Microorganisms,Biology & Biochemistry,MICROBIOLOGY,Q2
SYSTEMATIC AND APPLIED MICROBIOLOGY,Biology & Biochemistry,MICROBIOLOGY,Q2
REVIEWS IN THE NEUROSCIENCES,Biology & Biochemistry,NEUROSCIENCES,Q1
JOURNAL OF NEUROENDOCRINOLOGY,Biology & Biochemistry,NEUROSCIENCES,Q1
International Journal of Tryptophan Research,Biology & Biochemistry,NEUROSCIENCES,Q1
Frontiers in Synaptic Neuroscience,Biology & Biochemistry,NEUROSCIENCES,Q1
AIMS Microbiology,Biology & Biochemistry,MICROBIOLOGY,Q2
JOURNAL OF NEUROSCIENCE,Biology & Biochemistry,NEUROSCIENCES,Q2
JOURNAL OF PAIN,Biology & Biochemistry,NEUROSCIENCES,Q2
Journal of Neurodevelopmental Disorders,Biology & Biochemistry,NEUROSCIENCES,Q2
Microbial Genomics,Biology & Biochemistry,MICROBIOLOGY,Q2
Journal of Fungi,Biology & Biochemistry,MICROBIOLOGY,Q2
Journal of Fungi,Biology & Biochemistry,MYCOLOGY,Q1
NEUROCHEMISTRY INTERNATIONAL,Biology & Biochemistry,NEUROSCIENCES,Q2
MICROBIAL ECOLOGY,Biology & Biochemistry,MICROBIOLOGY,Q2
ENVIRONMENTAL MICROBIOLOGY,Biology & Biochemistry,MICROBIOLOGY,Q2
Gut Pathogens,Biology & Biochemistry,MICROBIOLOGY,Q2
FEMS Microbes,Biology & Biochemistry,MICROBIOLOGY,Q2
Microbial Risk Analysis,Biology & Biochemistry,MICROBIOLOGY,Q2
Frontiers in Cellular Neuroscience,Biology & Biochemistry,NEUROSCIENCES,Q2
JOURNAL OF NEURAL TRANSMISSION,Biology & Biochemistry,NEUROSCIENCES,Q2
JOURNAL OF NEUROCHEMISTRY,Biology & Biochemistry,NEUROSCIENCES,Q2
PROGRESS IN NEURO-PSYCHOPHARMACOLOGY & BIOLOGICAL PSYCHIATRY,Biology & Biochemistry,NEUROSCIENCES,Q2
Annals of Clinical and Translational Neurology,Biology & Biochemistry,NEUROSCIENCES,Q2
EUROPEAN JOURNAL OF NEUROLOGY,Biology & Biochemistry,NEUROSCIENCES,Q2
NEUROTOXICOLOGY,Biology & Biochemistry,NEUROSCIENCES,Q2
ACS Chemical Neuroscience,Biology & Biochemistry,NEUROSCIENCES,Q2
JOURNAL OF SLEEP RESEARCH,Biology & Biochemistry,NEUROSCIENCES,Q2
Cognitive Neurodynamics,Biology & Biochemistry,NEUROSCIENCES,Q2
NEUROMOLECULAR MEDICINE,Biology & Biochemistry,NEUROSCIENCES,Q2
NEUROSCIENTIST,Biology & Biochemistry,NEUROSCIENCES,Q2
Microbial Cell,Biology & Biochemistry,MICROBIOLOGY,Q2
Neurophotonics,Biology & Biochemistry,NEUROSCIENCES,Q2
JOURNAL OF NEUROTRAUMA,Biology & Biochemistry,NEUROSCIENCES,Q2
Microbiology Spectrum,Biology & Biochemistry,MICROBIOLOGY,Q2
MYCORRHIZA,Biology & Biochemistry,MYCOLOGY,Q2
Journal of Neural Engineering,Biology & Biochemistry,NEUROSCIENCES,Q2
NEUROCHEMICAL RESEARCH,Biology & Biochemistry,NEUROSCIENCES,Q2
Open Forum Infectious Diseases,Biology & Biochemistry,MICROBIOLOGY,Q2
Frontiers in Molecular Neuroscience,Biology & Biochemistry,NEUROSCIENCES,Q2
Expert Review of Anti-Infective Therapy,Biology & Biochemistry,MICROBIOLOGY,Q2
Microbiome Research Reports,Biology & Biochemistry,MICROBIOLOGY,Q2
Frontiers in Fungal Biology,Biology & Biochemistry,MYCOLOGY,Q2
Biological Psychiatry: Global Open Science,Biology & Biochemistry,NEUROSCIENCES,Q2
INTERNATIONAL JOURNAL OF NEUROPSYCHOPHARMACOLOGY,Biology & Biochemistry,NEUROSCIENCES,Q2
JOURNAL OF MICROBIOLOGY IMMUNOLOGY AND INFECTION,Biology & Biochemistry,MICROBIOLOGY,Q2
BRAIN RESEARCH BULLETIN,Biology & Biochemistry,NEUROSCIENCES,Q2
APPLIED AND ENVIRONMENTAL MICROBIOLOGY,Biology & Biochemistry,MICROBIOLOGY,Q2
NEURAL PLASTICITY,Biology & Biochemistry,NEUROSCIENCES,Q2
ASN Neuro,Biology & Biochemistry,NEUROSCIENCES,Q2
Neurobiology of Stress,Biology & Biochemistry,NEUROSCIENCES,Q2
JOURNAL OF ANTIMICROBIAL CHEMOTHERAPY,Biology & Biochemistry,MICROBIOLOGY,Q2
MycoKeys,Biology & Biochemistry,MYCOLOGY,Q2
CLINICAL NEUROPHYSIOLOGY,Biology & Biochemistry,NEUROSCIENCES,Q2
INTERNATIONAL JOURNAL OF MEDICAL MICROBIOLOGY,Biology & Biochemistry,MICROBIOLOGY,Q2
Annals of Clinical Microbiology and Antimicrobials,Biology & Biochemistry,MICROBIOLOGY,Q2
PSYCHONEUROENDOCRINOLOGY,Biology & Biochemistry,NEUROSCIENCES,Q2
One Health Outlook,Biology & Biochemistry,MICROBIOLOGY,Q2
NUTRITIONAL NEUROSCIENCE,Biology & Biochemistry,NEUROSCIENCES,Q2
Current Opinion in Behavioral Sciences,Biology & Biochemistry,NEUROSCIENCES,Q2
Parasites & Vectors,Biology & Biochemistry,PARASITOLOGY,Q1
Journal of Neuroimmune Pharmacology,Biology & Biochemistry,NEUROSCIENCES,Q2
NEUROMODULATION,Biology & Biochemistry,NEUROSCIENCES,Q2
Rhizosphere,Biology & Biochemistry,MICROBIOLOGY,Q2
NEUROBIOLOGY OF AGING,Biology & Biochemistry,NEUROSCIENCES,Q2
Brain Behavior & Immunity-Health,Biology & Biochemistry,NEUROSCIENCES,Q2
METABOLIC BRAIN DISEASE,Biology & Biochemistry,NEUROSCIENCES,Q2
MICROBIAL PATHOGENESIS,Biology & Biochemistry,MICROBIOLOGY,Q2
Frontiers in Systems Neuroscience,Biology & Biochemistry,NEUROSCIENCES,Q2
MICROBIOLOGY-SGM,Biology & Biochemistry,MICROBIOLOGY,Q2
International Journal for Parasitology-Drugs and Drug Resistance,Biology & Biochemistry,PARASITOLOGY,Q1
PLoS Neglected Tropical Diseases,Biology & Biochemistry,PARASITOLOGY,Q1
EUROPEAN JOURNAL OF PAIN,Biology & Biochemistry,NEUROSCIENCES,Q2
NEUROPATHOLOGY AND APPLIED NEUROBIOLOGY,Biology & Biochemistry,NEUROSCIENCES,Q2
Journal of Neuromuscular Diseases,Biology & Biochemistry,NEUROSCIENCES,Q2
Ticks and Tick-Borne Diseases,Biology & Biochemistry,MICROBIOLOGY,Q2
Ticks and Tick-Borne Diseases,Biology & Biochemistry,PARASITOLOGY,Q1
Nature and Science of Sleep,Biology & Biochemistry,NEUROSCIENCES,Q2
CLINICAL AUTONOMIC RESEARCH,Biology & Biochemistry,NEUROSCIENCES,Q2
ANNALS OF MICROBIOLOGY,Biology & Biochemistry,MICROBIOLOGY,Q2
RESEARCH IN MICROBIOLOGY,Biology & Biochemistry,MICROBIOLOGY,Q2
JOURNAL OF NEUROSCIENCE RESEARCH,Biology & Biochemistry,NEUROSCIENCES,Q2
JOURNAL OF VESTIBULAR RESEARCH-EQUILIBRIUM & ORIENTATION,Biology & Biochemistry,NEUROSCIENCES,Q2
Behavioral and Brain Functions,Biology & Biochemistry,NEUROSCIENCES,Q2
HUMAN BRAIN MAPPING,Biology & Biochemistry,NEUROSCIENCES,Q2
JOURNAL OF PSYCHIATRY & NEUROSCIENCE,Biology & Biochemistry,NEUROSCIENCES,Q2
CORTEX,Biology & Biochemistry,NEUROSCIENCES,Q2
PSYCHOPHARMACOLOGY,Biology & Biochemistry,NEUROSCIENCES,Q2
JAC-Antimicrobial Resistance,Biology & Biochemistry,MICROBIOLOGY,Q2
NEUROTOXICITY RESEARCH,Biology & Biochemistry,NEUROSCIENCES,Q2
AUTONOMIC NEUROSCIENCE-BASIC & CLINICAL,Biology & Biochemistry,NEUROSCIENCES,Q2
Pathogens,Biology & Biochemistry,MICROBIOLOGY,Q2
INTERNATIONAL JOURNAL FOR PARASITOLOGY,Biology & Biochemistry,PARASITOLOGY,Q1
JOURNAL OF THE PERIPHERAL NERVOUS SYSTEM,Biology & Biochemistry,NEUROSCIENCES,Q2
FEMS MICROBIOLOGY ECOLOGY,Biology & Biochemistry,MICROBIOLOGY,Q2
JOURNAL OF THE NEUROLOGICAL SCIENCES,Biology & Biochemistry,NEUROSCIENCES,Q2
Frontiers in Neuroscience,Biology & Biochemistry,NEUROSCIENCES,Q2
Neurobiology of Pain,Biology & Biochemistry,NEUROSCIENCES,Q2
International Journal of Microbiology,Biology & Biochemistry,MICROBIOLOGY,Q2
JOURNAL OF APPLIED MICROBIOLOGY,Biology & Biochemistry,MICROBIOLOGY,Q2
MYCOSES,Biology & Biochemistry,MYCOLOGY,Q2
Social Cognitive and Affective Neuroscience,Biology & Biochemistry,NEUROSCIENCES,Q2
Food and Waterborne Parasitology,Biology & Biochemistry,PARASITOLOGY,Q1
Neurobiology of Language,Biology & Biochemistry,NEUROSCIENCES,Q2
Network Neuroscience,Biology & Biochemistry,NEUROSCIENCES,Q2
mSphere,Biology & Biochemistry,MICROBIOLOGY,Q2
Current Research in Parasitology & Vector-Borne Diseases,Biology & Biochemistry,PARASITOLOGY,Q1
JOURNAL OF ALZHEIMERS DISEASE,Biology & Biochemistry,NEUROSCIENCES,Q2
Mycotoxin Research,Biology & Biochemistry,MYCOLOGY,Q2
MUSCLE & NERVE,Biology & Biochemistry,NEUROSCIENCES,Q2
NEUROPSYCHOBIOLOGY,Biology & Biochemistry,NEUROSCIENCES,Q2
Pain Reports,Biology & Biochemistry,NEUROSCIENCES,Q2
NEUROINFORMATICS,Biology & Biochemistry,NEUROSCIENCES,Q2
Beneficial Microbes,Biology & Biochemistry,MICROBIOLOGY,Q2
Journal of Huntingtons Disease,Biology & Biochemistry,NEUROSCIENCES,Q2
JOURNAL OF MICROBIOLOGY AND BIOTECHNOLOGY,Biology & Biochemistry,MICROBIOLOGY,Q2
FOLIA MICROBIOLOGICA,Biology & Biochemistry,MICROBIOLOGY,Q2
npj Science of Learning,Biology & Biochemistry,NEUROSCIENCES,Q2
JOURNAL OF COGNITIVE NEUROSCIENCE,Biology & Biochemistry,NEUROSCIENCES,Q2
JOURNAL OF NEUROPATHOLOGY AND EXPERIMENTAL NEUROLOGY,Biology & Biochemistry,NEUROSCIENCES,Q2
Fungal Biology,Biology & Biochemistry,MYCOLOGY,Q2
MEDICAL MICROBIOLOGY AND IMMUNOLOGY,Biology & Biochemistry,MICROBIOLOGY,Q3
MALARIA JOURNAL,Biology & Biochemistry,PARASITOLOGY,Q2
NEUROPSYCHOLOGY,Biology & Biochemistry,NEUROSCIENCES,Q2
EUROPEAN JOURNAL OF CLINICAL MICROBIOLOGY & INFECTIOUS DISEASES,Biology & Biochemistry,MICROBIOLOGY,Q3
MYCOLOGICAL PROGRESS,Biology & Biochemistry,MYCOLOGY,Q2
Trends in Neuroscience and Education,Biology & Biochemistry,NEUROSCIENCES,Q2
JOURNAL OF BACTERIOLOGY,Biology & Biochemistry,MICROBIOLOGY,Q3
Frontiers in Neural Circuits,Biology & Biochemistry,NEUROSCIENCES,Q2
CNS & Neurological Disorders-Drug Targets,Biology & Biochemistry,NEUROSCIENCES,Q2
Brain Structure & Function,Biology & Biochemistry,NEUROSCIENCES,Q2
Molecular Oral Microbiology,Biology & Biochemistry,MICROBIOLOGY,Q3
CEREBRAL CORTEX,Biology & Biochemistry,NEUROSCIENCES,Q2
NEUROGASTROENTEROLOGY AND MOTILITY,Biology & Biochemistry,NEUROSCIENCES,Q2
Molecular Brain,Biology & Biochemistry,NEUROSCIENCES,Q2
BRAIN TOPOGRAPHY,Biology & Biochemistry,NEUROSCIENCES,Q2
MYCOPATHOLOGIA,Biology & Biochemistry,MYCOLOGY,Q2
Epilepsia Open,Biology & Biochemistry,NEUROSCIENCES,Q2
NEUROLOGIC CLINICS,Biology & Biochemistry,NEUROSCIENCES,Q2
Bioscience of Microbiota Food and Health,Biology & Biochemistry,MICROBIOLOGY,Q3
Frontiers in Behavioral Neuroscience,Biology & Biochemistry,NEUROSCIENCES,Q2
JOURNAL OF NEUROPSYCHIATRY AND CLINICAL NEUROSCIENCES,Biology & Biochemistry,NEUROSCIENCES,Q2
Frontiers in Integrative Neuroscience,Biology & Biochemistry,NEUROSCIENCES,Q2
STRESS-THE INTERNATIONAL JOURNAL ON THE BIOLOGY OF STRESS,Biology & Biochemistry,NEUROSCIENCES,Q2
IBRO Neuroscience Reports,Biology & Biochemistry,NEUROSCIENCES,Q2
Tuberculosis,Biology & Biochemistry,MICROBIOLOGY,Q3
PSYCHOPHYSIOLOGY,Biology & Biochemistry,NEUROSCIENCES,Q3
NEUROENDOCRINOLOGY,Biology & Biochemistry,NEUROSCIENCES,Q3
Molecular Pain,Biology & Biochemistry,NEUROSCIENCES,Q3
NEUROTOXICOLOGY AND TERATOLOGY,Biology & Biochemistry,NEUROSCIENCES,Q3
NEUROSCIENCE,Biology & Biochemistry,NEUROSCIENCES,Q3
SEIZURE-EUROPEAN JOURNAL OF EPILEPSY,Biology & Biochemistry,NEUROSCIENCES,Q3
Frontiers in Neurology,Biology & Biochemistry,NEUROSCIENCES,Q3
Brain Sciences,Biology & Biochemistry,NEUROSCIENCES,Q3
NEUROMUSCULAR DISORDERS,Biology & Biochemistry,NEUROSCIENCES,Q3
Journal of Alzheimers Disease Reports,Biology & Biochemistry,NEUROSCIENCES,Q3
Frontiers in Neurorobotics,Biology & Biochemistry,NEUROSCIENCES,Q3
Innate Immunity,Biology & Biochemistry,MICROBIOLOGY,Q3
Neurology Research International,Biology & Biochemistry,NEUROSCIENCES,Q3
VETERINARY MICROBIOLOGY,Biology & Biochemistry,MICROBIOLOGY,Q3
COGNITIVE AFFECTIVE & BEHAVIORAL NEUROSCIENCE,Biology & Biochemistry,NEUROSCIENCES,Q3
Brain and Behavior,Biology & Biochemistry,NEUROSCIENCES,Q3
Frontiers in Human Neuroscience,Biology & Biochemistry,NEUROSCIENCES,Q3
Food and Environmental Virology,Biology & Biochemistry,MICROBIOLOGY,Q3
MICROBES AND INFECTION,Biology & Biochemistry,MICROBIOLOGY,Q3
eNeuro,Biology & Biochemistry,NEUROSCIENCES,Q3
HIPPOCAMPUS,Biology & Biochemistry,NEUROSCIENCES,Q3
JOURNAL OF MOLECULAR NEUROSCIENCE,Biology & Biochemistry,NEUROSCIENCES,Q3
Current Clinical Microbiology Reports,Biology & Biochemistry,MICROBIOLOGY,Q3
Aging Brain,Biology & Biochemistry,NEUROSCIENCES,Q3
CRYPTOGAMIE MYCOLOGIE,Biology & Biochemistry,MYCOLOGY,Q3
Clinical Psychopharmacology and Neuroscience,Biology & Biochemistry,NEUROSCIENCES,Q3
Neuropeptides,Biology & Biochemistry,NEUROSCIENCES,Q3
Frontiers in Pain Research,Biology & Biochemistry,NEUROSCIENCES,Q3
JOURNAL OF BASIC MICROBIOLOGY,Biology & Biochemistry,MICROBIOLOGY,Q3
Journal of Integrative Neuroscience,Biology & Biochemistry,NEUROSCIENCES,Q3
JOURNAL OF ANTIBIOTICS,Biology & Biochemistry,MICROBIOLOGY,Q3
Environmental Microbiology Reports,Biology & Biochemistry,MICROBIOLOGY,Q3
AIMS Neuroscience,Biology & Biochemistry,NEUROSCIENCES,Q3
FEMS YEAST RESEARCH,Biology & Biochemistry,MICROBIOLOGY,Q3
FEMS YEAST RESEARCH,Biology & Biochemistry,MYCOLOGY,Q3
Pathogens and Disease,Biology & Biochemistry,MICROBIOLOGY,Q3
Clinical Neurophysiology Practice,Biology & Biochemistry,NEUROSCIENCES,Q3
Phytobiomes Journal,Biology & Biochemistry,MICROBIOLOGY,Q3
INTERNATIONAL JOURNAL OF PSYCHOPHYSIOLOGY,Biology & Biochemistry,NEUROSCIENCES,Q3
Tropical Medicine and Infectious Disease,Biology & Biochemistry,PARASITOLOGY,Q2
JOURNAL OF THE INTERNATIONAL NEUROPSYCHOLOGICAL SOCIETY,Biology & Biochemistry,NEUROSCIENCES,Q3
MYCOLOGIA,Biology & Biochemistry,MYCOLOGY,Q3
BRAIN RESEARCH,Biology & Biochemistry,NEUROSCIENCES,Q3
JOURNAL OF MICROBIOLOGY,Biology & Biochemistry,MICROBIOLOGY,Q3
APMIS,Biology & Biochemistry,MICROBIOLOGY,Q3
ARCHIVES OF MICROBIOLOGY,Biology & Biochemistry,MICROBIOLOGY,Q3
Neurodegenerative Diseases,Biology & Biochemistry,NEUROSCIENCES,Q3
CURRENT MICROBIOLOGY,Biology & Biochemistry,MICROBIOLOGY,Q3
JOURNAL OF EUKARYOTIC MICROBIOLOGY,Biology & Biochemistry,MICROBIOLOGY,Q3
ANAEROBE,Biology & Biochemistry,MICROBIOLOGY,Q3
MOLECULAR MICROBIOLOGY,Biology & Biochemistry,MICROBIOLOGY,Q3
EXTREMOPHILES,Biology & Biochemistry,MICROBIOLOGY,Q3
European Journal of Microbiology and Immunology,Biology & Biochemistry,MICROBIOLOGY,Q3
YEAST,Biology & Biochemistry,MICROBIOLOGY,Q3
YEAST,Biology & Biochemistry,MYCOLOGY,Q3
Canadian Journal of Infectious Diseases & Medical Microbiology,Biology & Biochemistry,MICROBIOLOGY,Q3
Neuroscience Insights,Biology & Biochemistry,NEUROSCIENCES,Q3
HEARING RESEARCH,Biology & Biochemistry,NEUROSCIENCES,Q3
ACTA TROPICA,Biology & Biochemistry,PARASITOLOGY,Q2
Current Developmental Disorders Reports,Biology & Biochemistry,NEUROSCIENCES,Q3
Pathogens and Global Health,Biology & Biochemistry,PARASITOLOGY,Q2
Neural Development,Biology & Biochemistry,NEUROSCIENCES,Q3
PHARMACOLOGY BIOCHEMISTRY AND BEHAVIOR,Biology & Biochemistry,NEUROSCIENCES,Q3
Brain Connectivity,Biology & Biochemistry,NEUROSCIENCES,Q3
Frontiers in Neuroinformatics,Biology & Biochemistry,NEUROSCIENCES,Q3
MEMORIAS DO INSTITUTO OSWALDO CRUZ,Biology & Biochemistry,PARASITOLOGY,Q2
Comprehensive Psychoneuroendocrinology,Biology & Biochemistry,NEUROSCIENCES,Q3
ACTA NEUROPSYCHIATRICA,Biology & Biochemistry,NEUROSCIENCES,Q3
JOURNAL OF NEUROIMMUNOLOGY,Biology & Biochemistry,NEUROSCIENCES,Q3
ENFERMEDADES INFECCIOSAS Y MICROBIOLOGIA CLINICA,Biology & Biochemistry,MICROBIOLOGY,Q3
NEUROIMMUNOMODULATION,Biology & Biochemistry,NEUROSCIENCES,Q3
GAIT & POSTURE,Biology & Biochemistry,NEUROSCIENCES,Q3
NEUROPHYSIOLOGIE CLINIQUE-CLINICAL NEUROPHYSIOLOGY,Biology & Biochemistry,NEUROSCIENCES,Q3
MOLECULAR AND CELLULAR NEUROSCIENCE,Biology & Biochemistry,NEUROSCIENCES,Q3
Parasite,Biology & Biochemistry,PARASITOLOGY,Q2
Parasite Epidemiology and Control,Biology & Biochemistry,PARASITOLOGY,Q2
PARASITOLOGY,Biology & Biochemistry,PARASITOLOGY,Q2
STEREOTACTIC AND FUNCTIONAL NEUROSURGERY,Biology & Biochemistry,NEUROSCIENCES,Q3
NEUROLOGICAL SCIENCES,Biology & Biochemistry,NEUROSCIENCES,Q3
Cognitive Systems Research,Biology & Biochemistry,NEUROSCIENCES,Q3
EUROPEAN JOURNAL OF NEUROSCIENCE,Biology & Biochemistry,NEUROSCIENCES,Q3
CEREBELLUM,Biology & Biochemistry,NEUROSCIENCES,Q3
JOURNAL OF WATER AND HEALTH,Biology & Biochemistry,MICROBIOLOGY,Q3
EUROPEAN NEUROLOGY,Biology & Biochemistry,NEUROSCIENCES,Q3
Purinergic Signalling,Biology & Biochemistry,NEUROSCIENCES,Q3
Future Microbiology,Biology & Biochemistry,MICROBIOLOGY,Q3
Annals of Neurosciences,Biology & Biochemistry,NEUROSCIENCES,Q3
BRAIN AND LANGUAGE,Biology & Biochemistry,NEUROSCIENCES,Q3
JARO-JOURNAL OF THE ASSOCIATION FOR RESEARCH IN OTOLARYNGOLOGY,Biology & Biochemistry,NEUROSCIENCES,Q3
Frontiers in Neuroanatomy,Biology & Biochemistry,NEUROSCIENCES,Q3
JOURNAL OF ELECTROMYOGRAPHY AND KINESIOLOGY,Biology & Biochemistry,NEUROSCIENCES,Q3
MEDICAL MYCOLOGY,Biology & Biochemistry,MYCOLOGY,Q3
BEHAVIOURAL BRAIN RESEARCH,Biology & Biochemistry,NEUROSCIENCES,Q3
FUNGAL GENETICS AND BIOLOGY,Biology & Biochemistry,MYCOLOGY,Q3
JOURNAL OF NEUROSCIENCE METHODS,Biology & Biochemistry,NEUROSCIENCES,Q3
BMC NEUROSCIENCE,Biology & Biochemistry,NEUROSCIENCES,Q3
GENES BRAIN AND BEHAVIOR,Biology & Biochemistry,NEUROSCIENCES,Q3
Frontiers in Computational Neuroscience,Biology & Biochemistry,NEUROSCIENCES,Q3
NEUROSCIENCE RESEARCH,Biology & Biochemistry,NEUROSCIENCES,Q3
Developmental Neurobiology,Biology & Biochemistry,NEUROSCIENCES,Q3
INTERNATIONAL MICROBIOLOGY,Biology & Biochemistry,MICROBIOLOGY,Q3
VISUAL NEUROSCIENCE,Biology & Biochemistry,NEUROSCIENCES,Q3
Revista da Sociedade Brasileira de Medicina Tropical,Biology & Biochemistry,PARASITOLOGY,Q2
Microbiology Research,Biology & Biochemistry,MICROBIOLOGY,Q3
VETERINARY PARASITOLOGY,Biology & Biochemistry,PARASITOLOGY,Q2
JOURNAL OF COMPARATIVE PHYSIOLOGY A-NEUROETHOLOGY SENSORY NEURAL AND BEHAVIORAL PHYSIOLOGY,Biology & Biochemistry,NEUROSCIENCES,Q3
International Journal for Parasitology-Parasites and Wildlife,Biology & Biochemistry,PARASITOLOGY,Q2
Fungal Ecology,Biology & Biochemistry,MYCOLOGY,Q3
Addiction Neuroscience,Biology & Biochemistry,NEUROSCIENCES,Q3
LEARNING & MEMORY,Biology & Biochemistry,NEUROSCIENCES,Q3
PLASMID,Biology & Biochemistry,MICROBIOLOGY,Q3
Translational Neuroscience,Biology & Biochemistry,NEUROSCIENCES,Q3
FEMS MICROBIOLOGY LETTERS,Biology & Biochemistry,MICROBIOLOGY,Q3
World Mycotoxin Journal,Biology & Biochemistry,MYCOLOGY,Q3
Revista Espanola de Quimioterapia,Biology & Biochemistry,MICROBIOLOGY,Q3
Cognitive Neuroscience,Biology & Biochemistry,NEUROSCIENCES,Q3
JOURNAL OF COMPARATIVE NEUROLOGY,Biology & Biochemistry,NEUROSCIENCES,Q3
Current Tropical Medicine Reports,Biology & Biochemistry,PARASITOLOGY,Q2
Journal of Neurophysiology,Biology & Biochemistry,NEUROSCIENCES,Q3
NEURAL COMPUTATION,Biology & Biochemistry,NEUROSCIENCES,Q3
Clocks & Sleep,Biology & Biochemistry,NEUROSCIENCES,Q3
JOURNAL OF CHEMICAL NEUROANATOMY,Biology & Biochemistry,NEUROSCIENCES,Q3
REVISTA ARGENTINA DE MICROBIOLOGIA,Biology & Biochemistry,MICROBIOLOGY,Q3
Experimental Neurobiology,Biology & Biochemistry,NEUROSCIENCES,Q3
ACTA NEUROLOGICA BELGICA,Biology & Biochemistry,NEUROSCIENCES,Q3
PROTIST,Biology & Biochemistry,MICROBIOLOGY,Q3
LETTERS IN APPLIED MICROBIOLOGY,Biology & Biochemistry,MICROBIOLOGY,Q3
Brain-Computer Interfaces,Biology & Biochemistry,NEUROSCIENCES,Q3
PARASITE IMMUNOLOGY,Biology & Biochemistry,PARASITOLOGY,Q2
Neuropsychologia,Biology & Biochemistry,NEUROSCIENCES,Q4
COMPARATIVE IMMUNOLOGY MICROBIOLOGY AND INFECTIOUS DISEASES,Biology & Biochemistry,MICROBIOLOGY,Q3
NEUROSCIENCE LETTERS,Biology & Biochemistry,NEUROSCIENCES,Q4
PARASITOLOGY RESEARCH,Biology & Biochemistry,PARASITOLOGY,Q3
DEVELOPMENTAL NEUROSCIENCE,Biology & Biochemistry,NEUROSCIENCES,Q4
SYMBIOSIS,Biology & Biochemistry,MICROBIOLOGY,Q3
MYCOBIOLOGY,Biology & Biochemistry,MYCOLOGY,Q4
Neurotrauma Reports,Biology & Biochemistry,NEUROSCIENCES,Q4
JOURNAL OF NEUROGENETICS,Biology & Biochemistry,NEUROSCIENCES,Q4
Journal of Clinical Tuberculosis and Other Mycobacterial Diseases,Biology & Biochemistry,MICROBIOLOGY,Q3
JOURNAL OF MEDICAL MICROBIOLOGY,Biology & Biochemistry,MICROBIOLOGY,Q3
SYNAPSE-Structure Function Connectivity,Biology & Biochemistry,NEUROSCIENCES,Q4
INTERNATIONAL JOURNAL OF SYSTEMATIC AND EVOLUTIONARY MICROBIOLOGY,Biology & Biochemistry,MICROBIOLOGY,Q3
MICROBES AND ENVIRONMENTS,Biology & Biochemistry,MICROBIOLOGY,Q3
NEUROIMAGING CLINICS OF NORTH AMERICA,Biology & Biochemistry,NEUROSCIENCES,Q4
NeuroSci,Biology & Biochemistry,NEUROSCIENCES,Q4
JOURNAL OF COMPUTATIONAL NEUROSCIENCE,Biology & Biochemistry,NEUROSCIENCES,Q4
CHEMICAL SENSES,Biology & Biochemistry,NEUROSCIENCES,Q4
BRAIN BEHAVIOR AND EVOLUTION,Biology & Biochemistry,NEUROSCIENCES,Q4
HUMAN MOVEMENT SCIENCE,Biology & Biochemistry,NEUROSCIENCES,Q4
JOURNAL OF NEUROVIROLOGY,Biology & Biochemistry,NEUROSCIENCES,Q4
PARASITOLOGY INTERNATIONAL,Biology & Biochemistry,PARASITOLOGY,Q3
Microbial Drug Resistance,Biology & Biochemistry,MICROBIOLOGY,Q4
BRAZILIAN JOURNAL OF MICROBIOLOGY,Biology & Biochemistry,MICROBIOLOGY,Q4
JOURNAL OF MICROBIOLOGICAL METHODS,Biology & Biochemistry,MICROBIOLOGY,Q4
NEUROPSYCHOLOGICAL REHABILITATION,Biology & Biochemistry,NEUROSCIENCES,Q4
Current Alzheimer Research,Biology & Biochemistry,NEUROSCIENCES,Q4
Frontiers in Neuroergonomics,Biology & Biochemistry,NEUROSCIENCES,Q4
Medical Mycology Journal,Biology & Biochemistry,MYCOLOGY,Q4
NEUROBIOLOGY OF LEARNING AND MEMORY,Biology & Biochemistry,NEUROSCIENCES,Q4
PHAGE-Therapy Applications and Research,Biology & Biochemistry,MICROBIOLOGY,Q4
BRAIN INJURY,Biology & Biochemistry,NEUROSCIENCES,Q4
DIAGNOSTIC MICROBIOLOGY AND INFECTIOUS DISEASE,Biology & Biochemistry,MICROBIOLOGY,Q4
JOURNAL DE MYCOLOGIE MEDICALE,Biology & Biochemistry,MYCOLOGY,Q4
Journal of Parasitology Research,Biology & Biochemistry,PARASITOLOGY,Q3
Journal of Stroke & Cerebrovascular Diseases,Biology & Biochemistry,NEUROSCIENCES,Q4
JOURNAL OF CLINICAL NEUROSCIENCE,Biology & Biochemistry,NEUROSCIENCES,Q4
ANTONIE VAN LEEUWENHOEK INTERNATIONAL JOURNAL OF GENERAL AND MOLECULAR MICROBIOLOGY,Biology & Biochemistry,MICROBIOLOGY,Q4
CANADIAN JOURNAL OF MICROBIOLOGY,Biology & Biochemistry,MICROBIOLOGY,Q4
MICROBIOLOGY AND IMMUNOLOGY,Biology & Biochemistry,MICROBIOLOGY,Q4
Infectious Microbes & Diseases,Biology & Biochemistry,MICROBIOLOGY,Q4
JOURNAL OF CLINICAL NEUROPHYSIOLOGY,Biology & Biochemistry,NEUROSCIENCES,Q4
CLINICAL EEG AND NEUROSCIENCE,Biology & Biochemistry,NEUROSCIENCES,Q4
REVISTA DO INSTITUTO DE MEDICINA TROPICAL DE SAO PAULO,Biology & Biochemistry,PARASITOLOGY,Q3
NEUROREPORT,Biology & Biochemistry,NEUROSCIENCES,Q4
CURRENT NEUROVASCULAR RESEARCH,Biology & Biochemistry,NEUROSCIENCES,Q4
Iranian Journal of Microbiology,Biology & Biochemistry,MICROBIOLOGY,Q4
JOURNAL OF HELMINTHOLOGY,Biology & Biochemistry,PARASITOLOGY,Q3
FOLIA PARASITOLOGICA,Biology & Biochemistry,PARASITOLOGY,Q3
EXPERIMENTAL PARASITOLOGY,Biology & Biochemistry,PARASITOLOGY,Q3
BEHAVIOURAL PHARMACOLOGY,Biology & Biochemistry,NEUROSCIENCES,Q4
EUROPEAN JOURNAL OF PROTISTOLOGY,Biology & Biochemistry,MICROBIOLOGY,Q4
FOLIA NEUROPATHOLOGICA,Biology & Biochemistry,NEUROSCIENCES,Q4
JOURNAL OF MUSCULOSKELETAL & NEURONAL INTERACTIONS,Biology & Biochemistry,NEUROSCIENCES,Q4
EXPERIMENTAL BRAIN RESEARCH,Biology & Biochemistry,NEUROSCIENCES,Q4
CELLULAR MICROBIOLOGY,Biology & Biochemistry,MICROBIOLOGY,Q4
RESTORATIVE NEUROLOGY AND NEUROSCIENCE,Biology & Biochemistry,NEUROSCIENCES,Q4
INTERNATIONAL JOURNAL OF DEVELOPMENTAL NEUROSCIENCE,Biology & Biochemistry,NEUROSCIENCES,Q4
Polish Journal of Microbiology,Biology & Biochemistry,MICROBIOLOGY,Q4
BIOLOGICAL CYBERNETICS,Biology & Biochemistry,NEUROSCIENCES,Q4
INDIAN JOURNAL OF MICROBIOLOGY,Biology & Biochemistry,MICROBIOLOGY,Q4
ACTA MICROBIOLOGICA ET IMMUNOLOGICA HUNGARICA,Biology & Biochemistry,MICROBIOLOGY,Q4
NETWORK-COMPUTATION IN NEURAL SYSTEMS,Biology & Biochemistry,NEUROSCIENCES,Q4
ACTAS ESPANOLAS DE PSIQUIATRIA,Biology & Biochemistry,NEUROSCIENCES,Q4
ARQUIVOS DE NEURO-PSIQUIATRIA,Biology & Biochemistry,NEUROSCIENCES,Q4
REVISTA IBEROAMERICANA DE MICOLOGIA,Biology & Biochemistry,MYCOLOGY,Q4
ACTA PARASITOLOGICA,Biology & Biochemistry,PARASITOLOGY,Q3
BEHAVIORAL NEUROSCIENCE,Biology & Biochemistry,NEUROSCIENCES,Q4
Neuropsychopharmacology Reports,Biology & Biochemistry,NEUROSCIENCES,Q4
INTERNATIONAL JOURNAL OF NEUROSCIENCE,Biology & Biochemistry,NEUROSCIENCES,Q4
NEUROLOGICAL RESEARCH,Biology & Biochemistry,NEUROSCIENCES,Q4
Social Neuroscience,Biology & Biochemistry,NEUROSCIENCES,Q4
Parasitologia,Biology & Biochemistry,PARASITOLOGY,Q3
MOLECULAR AND BIOCHEMICAL PARASITOLOGY,Biology & Biochemistry,PARASITOLOGY,Q3
International Journal of Mycobacteriology,Biology & Biochemistry,MICROBIOLOGY,Q4
Veterinary Parasitology- Regional Studies and Reports,Biology & Biochemistry,PARASITOLOGY,Q3
VISION RESEARCH,Biology & Biochemistry,NEUROSCIENCES,Q4
BRAIN AND COGNITION,Biology & Biochemistry,NEUROSCIENCES,Q4
Journal of Cognitive Enhancement,Biology & Biochemistry,NEUROSCIENCES,Q4
MOTOR CONTROL,Biology & Biochemistry,NEUROSCIENCES,Q4
KOREAN JOURNAL OF PARASITOLOGY,Biology & Biochemistry,PARASITOLOGY,Q3
Brain Impairment,Biology & Biochemistry,NEUROSCIENCES,Q4
LICHENOLOGIST,Biology & Biochemistry,MYCOLOGY,Q4
MYCOSCIENCE,Biology & Biochemistry,MYCOLOGY,Q4
ACTA NEUROBIOLOGIAE EXPERIMENTALIS,Biology & Biochemistry,NEUROSCIENCES,Q4
INTERNATIONAL JOURNAL OF MEDICINAL MUSHROOMS,Biology & Biochemistry,MYCOLOGY,Q4
PSYCHIATRIC GENETICS,Biology & Biochemistry,NEUROSCIENCES,Q4
Audiology and Neurotology,Biology & Biochemistry,NEUROSCIENCES,Q4
Parasites Hosts and Diseases,Biology & Biochemistry,PARASITOLOGY,Q4
Sleep and Biological Rhythms,Biology & Biochemistry,NEUROSCIENCES,Q4
MICROBIOLOGY,Biology & Biochemistry,MICROBIOLOGY,Q4
Microbiology Australia,Biology & Biochemistry,MICROBIOLOGY,Q4
Microbial Physiology,Biology & Biochemistry,MICROBIOLOGY,Q4
REVISTA BRASILEIRA DE PARASITOLOGIA VETERINARIA,Biology & Biochemistry,PARASITOLOGY,Q4
JOURNAL OF NEUROLINGUISTICS,Biology & Biochemistry,NEUROSCIENCES,Q4
SYDOWIA,Biology & Biochemistry,MYCOLOGY,Q4
SYSTEMATIC PARASITOLOGY,Biology & Biochemistry,PARASITOLOGY,Q4
NEUROPATHOLOGY,Biology & Biochemistry,NEUROSCIENCES,Q4
HELMINTHOLOGIA,Biology & Biochemistry,PARASITOLOGY,Q4
JOURNAL OF MOTOR BEHAVIOR,Biology & Biochemistry,NEUROSCIENCES,Q4
JOURNAL OF VECTOR BORNE DISEASES,Biology & Biochemistry,PARASITOLOGY,Q4
ACTA PROTOZOOLOGICA,Biology & Biochemistry,MICROBIOLOGY,Q4
AQUATIC MICROBIAL ECOLOGY,Biology & Biochemistry,MICROBIOLOGY,Q4
JOURNAL OF PARASITOLOGY,Biology & Biochemistry,PARASITOLOGY,Q4
Clinical and Translational Neuroscience,Biology & Biochemistry,NEUROSCIENCES,Q4
SOMATOSENSORY AND MOTOR RESEARCH,Biology & Biochemistry,NEUROSCIENCES,Q4
Egyptian Journal of Neurology Psychiatry and Neurosurgery,Biology & Biochemistry,NEUROSCIENCES,Q4
APPLIED BIOCHEMISTRY AND MICROBIOLOGY,Biology & Biochemistry,MICROBIOLOGY,Q4
Basic and Clinical Neuroscience,Biology & Biochemistry,NEUROSCIENCES,Q4
Journal of the Association of Medical Microbiology and Infectious Disease Canada (JAMMI),Biology & Biochemistry,MICROBIOLOGY,Q4
Current Behavioral Neuroscience Reports,Biology & Biochemistry,NEUROSCIENCES,Q4
Timing & Time Perception,Biology & Biochemistry,NEUROSCIENCES,Q4
ENCEPHALE-REVUE DE PSYCHIATRIE CLINIQUE BIOLOGIQUE ET THERAPEUTIQUE,Biology & Biochemistry,NEUROSCIENCES,Q4
New Microbiologica,Biology & Biochemistry,MICROBIOLOGY,Q4
Iranian Journal of Parasitology,Biology & Biochemistry,PARASITOLOGY,Q4
Psychiatry and Clinical Neurosciences Reports,Biology & Biochemistry,NEUROSCIENCES,Q4
JOURNAL OF PSYCHOPHYSIOLOGY,Biology & Biochemistry,NEUROSCIENCES,Q4
TROPICAL BIOMEDICINE,Biology & Biochemistry,PARASITOLOGY,Q4
NEUROCIRUGIA,Biology & Biochemistry,NEUROSCIENCES,Q4
JOURNAL OF GENERAL AND APPLIED MICROBIOLOGY,Biology & Biochemistry,MICROBIOLOGY,Q4
NEUROLOGY INDIA,Biology & Biochemistry,NEUROSCIENCES,Q4
MIKROBIYOLOJI BULTENI,Biology & Biochemistry,MICROBIOLOGY,Q4
Reviews and Research in Medical Microbiology,Biology & Biochemistry,MICROBIOLOGY,Q4
Journal of Arthropod-Borne Diseases,Biology & Biochemistry,PARASITOLOGY,Q4
Advancements of Microbiology,Biology & Biochemistry,MICROBIOLOGY,Q4
Indian Journal of Neurotrauma,Biology & Biochemistry,NEUROSCIENCES,Q4
Ideggyogyaszati Szemle-Clinical Neuroscience,Biology & Biochemistry,NEUROSCIENCES,Q4
Microbiology Resource Announcements,Biology & Biochemistry,MICROBIOLOGY,Q4
NEUROPHYSIOLOGY,Biology & Biochemistry,NEUROSCIENCES,Q4
Parasitologists United Journal,Biology & Biochemistry,PARASITOLOGY,Q4
Journal of Pure and Applied Microbiology,Biology & Biochemistry,MICROBIOLOGY,Q4
NEUROENDOCRINOLOGY LETTERS,Biology & Biochemistry,NEUROSCIENCES,Q4
Journal of the History of the Neurosciences,Biology & Biochemistry,NEUROSCIENCES,Q4
BRAIN-Broad Research in Artificial Intelligence and Neuroscience,Biology & Biochemistry,NEUROSCIENCES,Q4
EPIDEMIOLOGIE MIKROBIOLOGIE IMUNOLOGIE,Biology & Biochemistry,MICROBIOLOGY,Q4
Jundishapur Journal of Microbiology,Biology & Biochemistry,MICROBIOLOGY,Q4
Infectious Diseases and Clinical Microbiology,Biology & Biochemistry,MICROBIOLOGY,Q4
Neurochemical Journal,Biology & Biochemistry,NEUROSCIENCES,Q4
Comparative Parasitology,Biology & Biochemistry,PARASITOLOGY,Q4
Progress in Neurology and Psychiatry,Biology & Biochemistry,NEUROSCIENCES,Q4
CESKA A SLOVENSKA NEUROLOGIE A NEUROCHIRURGIE,Biology & Biochemistry,NEUROSCIENCES,Q4
Malaysian Journal of Microbiology,Biology & Biochemistry,MICROBIOLOGY,Q4
ACUPUNCTURE & ELECTRO-THERAPEUTICS RESEARCH,Biology & Biochemistry,NEUROSCIENCES,Q4
Archives of Neuroscience,Biology & Biochemistry,NEUROSCIENCES,Q4
Molecular Genetics Microbiology and Virology,Biology & Biochemistry,MICROBIOLOGY,Q4
Neurological Sciences and Neurophysiology,Biology & Biochemistry,NEUROSCIENCES,Q4
ZHURNAL VYSSHEI NERVNOI DEYATELNOSTI IMENI I P PAVLOVA,Biology & Biochemistry,NEUROSCIENCES,Q4
Flora Infeksiyon Hastaliklari ve Klinik Mikrobiyoloji Dergisi,Biology & Biochemistry,MICROBIOLOGY,Q4
Eneurobiologia,Biology & Biochemistry,NEUROSCIENCES,Q4
Neurosonology and Cerebral Hemodynamics,Biology & Biochemistry,NEUROSCIENCES,Q4
NATURE REVIEWS DRUG DISCOVERY,Biology & Biochemistry,PHARMACOLOGY & PHARMACY,Q1
Annual Review of Pathology-Mechanisms of Disease,Biology & Biochemistry,PATHOLOGY,Q1
Physiological Reviews,Biology & Biochemistry,PHYSIOLOGY,Q1
DRUG RESISTANCE UPDATES,Biology & Biochemistry,PHARMACOLOGY & PHARMACY,Q1
TRENDS IN PHARMACOLOGICAL SCIENCES,Biology & Biochemistry,PHARMACOLOGY & PHARMACY,Q1
Annual Review of Physiology,Biology & Biochemistry,PHYSIOLOGY,Q1
ADVANCED DRUG DELIVERY REVIEWS,Biology & Biochemistry,PHARMACOLOGY & PHARMACY,Q1
PHARMACOLOGICAL REVIEWS,Biology & Biochemistry,PHARMACOLOGY & PHARMACY,Q1
HUMAN REPRODUCTION UPDATE,Biology & Biochemistry,REPRODUCTIVE BIOLOGY,Q1
ENDOCRINE PATHOLOGY,Biology & Biochemistry,PATHOLOGY,Q1
Acta Pharmaceutica Sinica B,Biology & Biochemistry,PHARMACOLOGY & PHARMACY,Q1
DRUGS,Biology & Biochemistry,PHARMACOLOGY & PHARMACY,Q1
BEHAVIORAL AND BRAIN SCIENCES,Biology & Biochemistry,"PSYCHOLOGY, BIOLOGICAL",Q1
Annual Review of Pharmacology and Toxicology,Biology & Biochemistry,PHARMACOLOGY & PHARMACY,Q1
PHARMACOLOGY & THERAPEUTICS,Biology & Biochemistry,PHARMACOLOGY & PHARMACY,Q1
Asian Journal of Pharmaceutical Sciences,Biology & Biochemistry,PHARMACOLOGY & PHARMACY,Q1
MEDICINAL RESEARCH REVIEWS,Biology & Biochemistry,PHARMACOLOGY & PHARMACY,Q1
JOURNAL OF CONTROLLED RELEASE,Biology & Biochemistry,PHARMACOLOGY & PHARMACY,Q1
Human Reproduction Open,Biology & Biochemistry,REPRODUCTIVE BIOLOGY,Q1
PHARMACOLOGICAL RESEARCH,Biology & Biochemistry,PHARMACOLOGY & PHARMACY,Q1
PHYSIOLOGY,Biology & Biochemistry,PHYSIOLOGY,Q1
ACTA NEUROPATHOLOGICA,Biology & Biochemistry,PATHOLOGY,Q1
Seminars in Immunopathology,Biology & Biochemistry,PATHOLOGY,Q1
Journal of Pharmaceutical Analysis,Biology & Biochemistry,PHARMACOLOGY & PHARMACY,Q1
ACTA PHARMACOLOGICA SINICA,Biology & Biochemistry,PHARMACOLOGY & PHARMACY,Q1
PHYTOMEDICINE,Biology & Biochemistry,PHARMACOLOGY & PHARMACY,Q1
DRUG DELIVERY,Biology & Biochemistry,PHARMACOLOGY & PHARMACY,Q1
BRITISH JOURNAL OF PHARMACOLOGY,Biology & Biochemistry,PHARMACOLOGY & PHARMACY,Q1
BIOMEDICINE & PHARMACOTHERAPY,Biology & Biochemistry,PHARMACOLOGY & PHARMACY,Q1
ARCHIVES OF PHARMACAL RESEARCH,Biology & Biochemistry,PHARMACOLOGY & PHARMACY,Q1
DRUG DISCOVERY TODAY,Biology & Biochemistry,PHARMACOLOGY & PHARMACY,Q1
CNS DRUGS,Biology & Biochemistry,PHARMACOLOGY & PHARMACY,Q1
NEUROPSYCHOPHARMACOLOGY,Biology & Biochemistry,PHARMACOLOGY & PHARMACY,Q1
FERTILITY AND STERILITY,Biology & Biochemistry,REPRODUCTIVE BIOLOGY,Q1
Neurotherapeutics,Biology & Biochemistry,PHARMACOLOGY & PHARMACY,Q1
BIODRUGS,Biology & Biochemistry,PHARMACOLOGY & PHARMACY,Q1
ALIMENTARY PHARMACOLOGY & THERAPEUTICS,Biology & Biochemistry,PHARMACOLOGY & PHARMACY,Q1
EUROPEAN NEUROPSYCHOPHARMACOLOGY,Biology & Biochemistry,PHARMACOLOGY & PHARMACY,Q1
International Journal of Nanomedicine,Biology & Biochemistry,PHARMACOLOGY & PHARMACY,Q1
International Journal of Pharmaceutics-X,Biology & Biochemistry,PHARMACOLOGY & PHARMACY,Q1
JOURNAL OF PINEAL RESEARCH,Biology & Biochemistry,PHYSIOLOGY,Q1
PHYTOTHERAPY RESEARCH,Biology & Biochemistry,PHARMACOLOGY & PHARMACY,Q1
BRAIN PATHOLOGY,Biology & Biochemistry,PATHOLOGY,Q1
HUMAN REPRODUCTION,Biology & Biochemistry,REPRODUCTIVE BIOLOGY,Q1
European Heart Journal-Cardiovascular Pharmacotherapy,Biology & Biochemistry,PHARMACOLOGY & PHARMACY,Q1
Chinese Medicine,Biology & Biochemistry,PHARMACOLOGY & PHARMACY,Q1
Acta Physiologica,Biology & Biochemistry,PHYSIOLOGY,Q1
BIOCHEMICAL PHARMACOLOGY,Biology & Biochemistry,PHARMACOLOGY & PHARMACY,Q1
MODERN PATHOLOGY,Biology & Biochemistry,PATHOLOGY,Q1
CLINICAL PHARMACOLOGY & THERAPEUTICS,Biology & Biochemistry,PHARMACOLOGY & PHARMACY,Q1
International Journal of Behavioral Nutrition and Physical Activity,Biology & Biochemistry,PHYSIOLOGY,Q1
JOURNAL OF PSYCHOPHARMACOLOGY,Biology & Biochemistry,PHARMACOLOGY & PHARMACY,Q1
Drug Delivery and Translational Research,Biology & Biochemistry,PHARMACOLOGY & PHARMACY,Q1
Pharmaceutics,Biology & Biochemistry,PHARMACOLOGY & PHARMACY,Q1
JOURNAL OF ETHNOPHARMACOLOGY,Biology & Biochemistry,PHARMACOLOGY & PHARMACY,Q1
Marine Drugs,Biology & Biochemistry,PHARMACOLOGY & PHARMACY,Q1
CHEMICO-BIOLOGICAL INTERACTIONS,Biology & Biochemistry,PHARMACOLOGY & PHARMACY,Q1
Expert Opinion on Drug Delivery,Biology & Biochemistry,PHARMACOLOGY & PHARMACY,Q1
Current Neuropharmacology,Biology & Biochemistry,PHARMACOLOGY & PHARMACY,Q1
Comprehensive Physiology,Biology & Biochemistry,PHYSIOLOGY,Q1
International Journal of Pharmaceutics,Biology & Biochemistry,PHARMACOLOGY & PHARMACY,Q1
JOURNAL OF PATHOLOGY,Biology & Biochemistry,PATHOLOGY,Q1
LIFE SCIENCES,Biology & Biochemistry,PHARMACOLOGY & PHARMACY,Q1
Drug Design Development and Therapy,Biology & Biochemistry,PHARMACOLOGY & PHARMACY,Q1
Journal of Pharmaceutical Investigation,Biology & Biochemistry,PHARMACOLOGY & PHARMACY,Q1
CNS Neuroscience & Therapeutics,Biology & Biochemistry,PHARMACOLOGY & PHARMACY,Q1
JOURNAL OF DRUG DELIVERY SCIENCE AND TECHNOLOGY,Biology & Biochemistry,PHARMACOLOGY & PHARMACY,Q1
Chinese Journal of Natural Medicines,Biology & Biochemistry,PHARMACOLOGY & PHARMACY,Q1
Expert Opinion on Drug Discovery,Biology & Biochemistry,PHARMACOLOGY & PHARMACY,Q1
HLA,Biology & Biochemistry,PATHOLOGY,Q1
PHARMACEUTICAL BIOLOGY,Biology & Biochemistry,PHARMACOLOGY & PHARMACY,Q1
CELLULAR ONCOLOGY,Biology & Biochemistry,PATHOLOGY,Q1
Frontiers in Pharmacology,Biology & Biochemistry,PHARMACOLOGY & PHARMACY,Q1
AMERICAN JOURNAL OF PHYSIOLOGY-CELL PHYSIOLOGY,Biology & Biochemistry,PHYSIOLOGY,Q1
Pharmaceuticals,Biology & Biochemistry,PHARMACOLOGY & PHARMACY,Q1
European Journal of Pharmacology,Biology & Biochemistry,PHARMACOLOGY & PHARMACY,Q1
EUROPEAN JOURNAL OF PHARMACEUTICAL SCIENCES,Biology & Biochemistry,PHARMACOLOGY & PHARMACY,Q1
International Immunopharmacology,Biology & Biochemistry,PHARMACOLOGY & PHARMACY,Q1
Reproductive Biology and Endocrinology,Biology & Biochemistry,REPRODUCTIVE BIOLOGY,Q1
EXERCISE AND SPORT SCIENCES REVIEWS,Biology & Biochemistry,PHYSIOLOGY,Q1
PHARMACOECONOMICS,Biology & Biochemistry,PHARMACOLOGY & PHARMACY,Q1
International Journal of Antimicrobial Agents,Biology & Biochemistry,PHARMACOLOGY & PHARMACY,Q1
TOXICOLOGY,Biology & Biochemistry,PHARMACOLOGY & PHARMACY,Q1
NEUROPHARMACOLOGY,Biology & Biochemistry,PHARMACOLOGY & PHARMACY,Q1
Journal of Clinical Lipidology,Biology & Biochemistry,PHARMACOLOGY & PHARMACY,Q1
Antibiotics-Basel,Biology & Biochemistry,PHARMACOLOGY & PHARMACY,Q1
EXPERT OPINION ON THERAPEUTIC PATENTS,Biology & Biochemistry,PHARMACOLOGY & PHARMACY,Q1
MOLECULAR PHARMACEUTICS,Biology & Biochemistry,PHARMACOLOGY & PHARMACY,Q1
ANTIMICROBIAL AGENTS AND CHEMOTHERAPY,Biology & Biochemistry,PHARMACOLOGY & PHARMACY,Q1
Pharmaceutical Medicine,Biology & Biochemistry,PHARMACOLOGY & PHARMACY,Q1
JOURNAL OF PHYSIOLOGY-LONDON,Biology & Biochemistry,PHYSIOLOGY,Q1
Molecular Diagnosis & Therapy,Biology & Biochemistry,PHARMACOLOGY & PHARMACY,Q1
EXPERT OPINION ON THERAPEUTIC TARGETS,Biology & Biochemistry,PHARMACOLOGY & PHARMACY,Q1
International Journal of Sports Physiology and Performance,Biology & Biochemistry,PHYSIOLOGY,Q1
EUROPEAN JOURNAL OF PHARMACEUTICS AND BIOPHARMACEUTICS,Biology & Biochemistry,PHARMACOLOGY & PHARMACY,Q1
Journal of Cannabis Research,Biology & Biochemistry,PHARMACOLOGY & PHARMACY,Q1
JOURNAL OF PHYSIOLOGY AND BIOCHEMISTRY,Biology & Biochemistry,PHYSIOLOGY,Q1
Neuroscience of Consciousness,Biology & Biochemistry,"PSYCHOLOGY, BIOLOGICAL",Q1
JOURNAL OF PHARMACY AND PHARMACEUTICAL SCIENCES,Biology & Biochemistry,PHARMACOLOGY & PHARMACY,Q1
ADMET and DMPK,Biology & Biochemistry,PHARMACOLOGY & PHARMACY,Q1
PHARMACEUTICAL RESEARCH,Biology & Biochemistry,PHARMACOLOGY & PHARMACY,Q1
JOURNAL OF LIPOSOME RESEARCH,Biology & Biochemistry,PHARMACOLOGY & PHARMACY,Q1
AMERICAN JOURNAL OF SURGICAL PATHOLOGY,Biology & Biochemistry,PATHOLOGY,Q1
LABORATORY INVESTIGATION,Biology & Biochemistry,PATHOLOGY,Q1
Journal of Ovarian Research,Biology & Biochemistry,REPRODUCTIVE BIOLOGY,Q1
CURRENT OPINION IN PHARMACOLOGY,Biology & Biochemistry,PHARMACOLOGY & PHARMACY,Q1
Environmental Toxicology and Pharmacology,Biology & Biochemistry,PHARMACOLOGY & PHARMACY,Q1
DRUG DEVELOPMENT RESEARCH,Biology & Biochemistry,PHARMACOLOGY & PHARMACY,Q1
Australian Prescriber,Biology & Biochemistry,PHARMACOLOGY & PHARMACY,Q1
AMERICAN JOURNAL OF PHYSIOLOGY-HEART AND CIRCULATORY PHYSIOLOGY,Biology & Biochemistry,PHYSIOLOGY,Q1
Head & Neck Pathology,Biology & Biochemistry,PATHOLOGY,Q1
HISTOPATHOLOGY,Biology & Biochemistry,PATHOLOGY,Q1
EXPERT OPINION ON INVESTIGATIONAL DRUGS,Biology & Biochemistry,PHARMACOLOGY & PHARMACY,Q1
ADVANCES IN THERAPY,Biology & Biochemistry,PHARMACOLOGY & PHARMACY,Q1
Advanced Pharmaceutical Bulletin,Biology & Biochemistry,PHARMACOLOGY & PHARMACY,Q1
Recent Patents on Anti-Cancer Drug Discovery,Biology & Biochemistry,PHARMACOLOGY & PHARMACY,Q1
Pesticide Biochemistry and Physiology,Biology & Biochemistry,PHYSIOLOGY,Q1
ANTIVIRAL RESEARCH,Biology & Biochemistry,PHARMACOLOGY & PHARMACY,Q1
CELL CALCIUM,Biology & Biochemistry,PHYSIOLOGY,Q1
DRUG METABOLISM AND DISPOSITION,Biology & Biochemistry,PHARMACOLOGY & PHARMACY,Q1
CLINICAL PHARMACOKINETICS,Biology & Biochemistry,PHARMACOLOGY & PHARMACY,Q1
AAPS PHARMSCITECH,Biology & Biochemistry,PHARMACOLOGY & PHARMACY,Q1
JOURNAL OF CELLULAR PHYSIOLOGY,Biology & Biochemistry,PHYSIOLOGY,Q1
Therapeutic Advances in Psychopharmacology,Biology & Biochemistry,PHARMACOLOGY & PHARMACY,Q1
PROGRESS IN NEURO-PSYCHOPHARMACOLOGY & BIOLOGICAL PSYCHIATRY,Biology & Biochemistry,PHARMACOLOGY & PHARMACY,Q1
NEUROTOXICOLOGY,Biology & Biochemistry,PHARMACOLOGY & PHARMACY,Q1
JOURNAL OF DRUG TARGETING,Biology & Biochemistry,PHARMACOLOGY & PHARMACY,Q1
Biomedicines,Biology & Biochemistry,PHARMACOLOGY & PHARMACY,Q1
JOURNAL OF PHARMACOLOGY AND EXPERIMENTAL THERAPEUTICS,Biology & Biochemistry,PHARMACOLOGY & PHARMACY,Q2
Function,Biology & Biochemistry,PHYSIOLOGY,Q1
DRUG SAFETY,Biology & Biochemistry,PHARMACOLOGY & PHARMACY,Q2
JOURNAL OF PHARMACEUTICAL SCIENCES,Biology & Biochemistry,PHARMACOLOGY & PHARMACY,Q2
Pharmacological Reports,Biology & Biochemistry,PHARMACOLOGY & PHARMACY,Q2
DRUGS & AGING,Biology & Biochemistry,PHARMACOLOGY & PHARMACY,Q2
Expert Review of Anti-Infective Therapy,Biology & Biochemistry,PHARMACOLOGY & PHARMACY,Q2
DRUG METABOLISM REVIEWS,Biology & Biochemistry,PHARMACOLOGY & PHARMACY,Q2
Journal of Pathology Clinical Research,Biology & Biochemistry,PATHOLOGY,Q1
ACS Pharmacology & Translational Science,Biology & Biochemistry,PHARMACOLOGY & PHARMACY,Q2
INTERNATIONAL JOURNAL OF NEUROPSYCHOPHARMACOLOGY,Biology & Biochemistry,PHARMACOLOGY & PHARMACY,Q2
EXPERIMENTAL AND MOLECULAR PATHOLOGY,Biology & Biochemistry,PATHOLOGY,Q1
AAPS Journal,Biology & Biochemistry,PHARMACOLOGY & PHARMACY,Q2
Journal of Ethnobiology and Ethnomedicine,Biology & Biochemistry,PHARMACOLOGY & PHARMACY,Q2
REPRODUCTION,Biology & Biochemistry,REPRODUCTIVE BIOLOGY,Q1
AMERICAN JOURNAL OF PATHOLOGY,Biology & Biochemistry,PATHOLOGY,Q1
JOURNAL OF ANTIMICROBIAL CHEMOTHERAPY,Biology & Biochemistry,PHARMACOLOGY & PHARMACY,Q2
JOURNAL OF NATURAL PRODUCTS,Biology & Biochemistry,PHARMACOLOGY & PHARMACY,Q2
EXPERT REVIEW OF MOLECULAR DIAGNOSTICS,Biology & Biochemistry,PATHOLOGY,Q1
ARCHIV DER PHARMAZIE,Biology & Biochemistry,PHARMACOLOGY & PHARMACY,Q2
JOURNAL OF MAMMARY GLAND BIOLOGY AND NEOPLASIA,Biology & Biochemistry,PHYSIOLOGY,Q1
CLINICAL THERAPEUTICS,Biology & Biochemistry,PHARMACOLOGY & PHARMACY,Q2
REPRODUCTIVE BIOMEDICINE ONLINE,Biology & Biochemistry,REPRODUCTIVE BIOLOGY,Q1
AMERICAN JOURNAL OF PHYSIOLOGY-LUNG CELLULAR AND MOLECULAR PHYSIOLOGY,Biology & Biochemistry,PHYSIOLOGY,Q1
MOLECULAR HUMAN REPRODUCTION,Biology & Biochemistry,REPRODUCTIVE BIOLOGY,Q1
REGULATORY TOXICOLOGY AND PHARMACOLOGY,Biology & Biochemistry,PHARMACOLOGY & PHARMACY,Q2
Journal of Neuroimmune Pharmacology,Biology & Biochemistry,PHARMACOLOGY & PHARMACY,Q2
VASCULAR PHARMACOLOGY,Biology & Biochemistry,PHARMACOLOGY & PHARMACY,Q2
SEMINARS IN DIAGNOSTIC PATHOLOGY,Biology & Biochemistry,PATHOLOGY,Q1
AMERICAN JOURNAL OF PHARMACEUTICAL EDUCATION,Biology & Biochemistry,PHARMACOLOGY & PHARMACY,Q2
CLINICAL AND EXPERIMENTAL HYPERTENSION,Biology & Biochemistry,PHARMACOLOGY & PHARMACY,Q2
CURRENT MEDICINAL CHEMISTRY,Biology & Biochemistry,PHARMACOLOGY & PHARMACY,Q2
JOURNAL OF MOLECULAR DIAGNOSTICS,Biology & Biochemistry,PATHOLOGY,Q1
AMERICAN JOURNAL OF PHYSIOLOGY-RENAL PHYSIOLOGY,Biology & Biochemistry,PHYSIOLOGY,Q1
International Journal for Parasitology-Drugs and Drug Resistance,Biology & Biochemistry,PHARMACOLOGY & PHARMACY,Q2
NEUROPATHOLOGY AND APPLIED NEUROBIOLOGY,Biology & Biochemistry,PATHOLOGY,Q1
TOXICOLOGY AND APPLIED PHARMACOLOGY,Biology & Biochemistry,PHARMACOLOGY & PHARMACY,Q2
Frontiers in Physiology,Biology & Biochemistry,PHYSIOLOGY,Q1
SAUDI PHARMACEUTICAL JOURNAL,Biology & Biochemistry,PHARMACOLOGY & PHARMACY,Q2
Cardiovascular Therapeutics,Biology & Biochemistry,PHARMACOLOGY & PHARMACY,Q2
ChemMedChem,Biology & Biochemistry,PHARMACOLOGY & PHARMACY,Q2
PATHOLOGY INTERNATIONAL,Biology & Biochemistry,PATHOLOGY,Q1
PHARMACOTHERAPY,Biology & Biochemistry,PHARMACOLOGY & PHARMACY,Q2
Therapeutic Advances in Drug Safety,Biology & Biochemistry,PHARMACOLOGY & PHARMACY,Q2
Reproduction and Fertility,Biology & Biochemistry,REPRODUCTIVE BIOLOGY,Q1
Expert Review of Neurotherapeutics,Biology & Biochemistry,PHARMACOLOGY & PHARMACY,Q2
Expert Opinion on Drug Metabolism & Toxicology,Biology & Biochemistry,PHARMACOLOGY & PHARMACY,Q2
Journal of Applied Physiology,Biology & Biochemistry,PHYSIOLOGY,Q2
AMERICAN JOURNAL OF PHYSIOLOGY-GASTROINTESTINAL AND LIVER PHYSIOLOGY,Biology & Biochemistry,PHYSIOLOGY,Q2
PEDIATRIC DRUGS,Biology & Biochemistry,PHARMACOLOGY & PHARMACY,Q2
ANIMAL REPRODUCTION SCIENCE,Biology & Biochemistry,REPRODUCTIVE BIOLOGY,Q2
Reproductive Medicine and Biology,Biology & Biochemistry,REPRODUCTIVE BIOLOGY,Q2
Disease Models & Mechanisms,Biology & Biochemistry,PATHOLOGY,Q1
PSYCHOPHARMACOLOGY,Biology & Biochemistry,PHARMACOLOGY & PHARMACY,Q2
JAC-Antimicrobial Resistance,Biology & Biochemistry,PHARMACOLOGY & PHARMACY,Q2
BASIC & CLINICAL PHARMACOLOGY & TOXICOLOGY,Biology & Biochemistry,PHARMACOLOGY & PHARMACY,Q2
ARCHIVES OF PATHOLOGY & LABORATORY MEDICINE,Biology & Biochemistry,PATHOLOGY,Q2
PATHOLOGY RESEARCH AND PRACTICE,Biology & Biochemistry,PATHOLOGY,Q2
EVOLUTION AND HUMAN BEHAVIOR,Biology & Biochemistry,"PSYCHOLOGY, BIOLOGICAL",Q1
Journal of Global Antimicrobial Resistance,Biology & Biochemistry,PHARMACOLOGY & PHARMACY,Q2
CANCER CYTOPATHOLOGY,Biology & Biochemistry,PATHOLOGY,Q2
SKIN PHARMACOLOGY AND PHYSIOLOGY,Biology & Biochemistry,PHARMACOLOGY & PHARMACY,Q2
JOURNAL OF PHARMACY AND PHARMACOLOGY,Biology & Biochemistry,PHARMACOLOGY & PHARMACY,Q2
Biomolecules & Therapeutics,Biology & Biochemistry,PHARMACOLOGY & PHARMACY,Q2
International Journal of Clinical Pharmacy,Biology & Biochemistry,PHARMACOLOGY & PHARMACY,Q2
World Journal of Traditional Chinese Medicine,Biology & Biochemistry,PHARMACOLOGY & PHARMACY,Q2
PHARMACOLOGY,Biology & Biochemistry,PHARMACOLOGY & PHARMACY,Q2
JOURNAL OF MICROENCAPSULATION,Biology & Biochemistry,PHARMACOLOGY & PHARMACY,Q2
AMERICAN JOURNAL OF PHYSIOLOGY-ENDOCRINOLOGY AND METABOLISM,Biology & Biochemistry,PHYSIOLOGY,Q2
VIRCHOWS ARCHIV,Biology & Biochemistry,PATHOLOGY,Q2
Journal of Pharmaceutical and Biomedical Analysis,Biology & Biochemistry,PHARMACOLOGY & PHARMACY,Q2
CARDIOVASCULAR DRUGS AND THERAPY,Biology & Biochemistry,PHARMACOLOGY & PHARMACY,Q2
NAUNYN-SCHMIEDEBERGS ARCHIVES OF PHARMACOLOGY,Biology & Biochemistry,PHARMACOLOGY & PHARMACY,Q2
CytoJournal,Biology & Biochemistry,PATHOLOGY,Q2
Expert Opinion On Drug Safety,Biology & Biochemistry,PHARMACOLOGY & PHARMACY,Q2
PATHOLOGY,Biology & Biochemistry,PATHOLOGY,Q2
BIOLOGY OF REPRODUCTION,Biology & Biochemistry,REPRODUCTIVE BIOLOGY,Q2
JOURNAL OF NEUROPATHOLOGY AND EXPERIMENTAL NEUROLOGY,Biology & Biochemistry,PATHOLOGY,Q2
CPT-Pharmacometrics & Systems Pharmacology,Biology & Biochemistry,PHARMACOLOGY & PHARMACY,Q2
Journal of Physiological Sciences,Biology & Biochemistry,PHYSIOLOGY,Q2
Frontiers in Network Physiology,Biology & Biochemistry,PHYSIOLOGY,Q2
IMMUNOPHARMACOLOGY AND IMMUNOTOXICOLOGY,Biology & Biochemistry,PHARMACOLOGY & PHARMACY,Q2
BRITISH JOURNAL OF CLINICAL PHARMACOLOGY,Biology & Biochemistry,PHARMACOLOGY & PHARMACY,Q2
MOLECULAR PHARMACOLOGY,Biology & Biochemistry,PHARMACOLOGY & PHARMACY,Q2
Current Drug Delivery,Biology & Biochemistry,PHARMACOLOGY & PHARMACY,Q2
Future Journal of Pharmaceutical Sciences,Biology & Biochemistry,PHARMACOLOGY & PHARMACY,Q2
American Journal of Cardiovascular Drugs,Biology & Biochemistry,PHARMACOLOGY & PHARMACY,Q2
Expert Review of Clinical Pharmacology,Biology & Biochemistry,PHARMACOLOGY & PHARMACY,Q2
CHIRALITY,Biology & Biochemistry,PHARMACOLOGY & PHARMACY,Q2
Journal of Pathology and Translational Medicine,Biology & Biochemistry,PATHOLOGY,Q2
JOURNAL OF FOOD AND DRUG ANALYSIS,Biology & Biochemistry,PHARMACOLOGY & PHARMACY,Q2
Advances in Pharmacological and Pharmaceutical Sciences,Biology & Biochemistry,PHARMACOLOGY & PHARMACY,Q2
Brain Tumor Pathology,Biology & Biochemistry,PATHOLOGY,Q2
CNS & Neurological Disorders-Drug Targets,Biology & Biochemistry,PHARMACOLOGY & PHARMACY,Q2
MOLECULAR REPRODUCTION AND DEVELOPMENT,Biology & Biochemistry,REPRODUCTIVE BIOLOGY,Q2
JOURNAL OF GENERAL PHYSIOLOGY,Biology & Biochemistry,PHYSIOLOGY,Q2
PATHOLOGICA,Biology & Biochemistry,PATHOLOGY,Q2
BIOLOGICAL PSYCHOLOGY,Biology & Biochemistry,"PSYCHOLOGY, BIOLOGICAL",Q1
ALCOHOL,Biology & Biochemistry,PHARMACOLOGY & PHARMACY,Q2
Journal of Pharmacological Sciences,Biology & Biochemistry,PHARMACOLOGY & PHARMACY,Q2
JOURNAL OF REPRODUCTIVE IMMUNOLOGY,Biology & Biochemistry,REPRODUCTIVE BIOLOGY,Q2
PFLUGERS ARCHIV-EUROPEAN JOURNAL OF PHYSIOLOGY,Biology & Biochemistry,PHYSIOLOGY,Q2
Journal of Managed Care & Specialty Pharmacy,Biology & Biochemistry,PHARMACOLOGY & PHARMACY,Q2
Infection and Drug Resistance,Biology & Biochemistry,PHARMACOLOGY & PHARMACY,Q2
PEPTIDES,Biology & Biochemistry,PHARMACOLOGY & PHARMACY,Q2
PHARMACOGENOMICS JOURNAL,Biology & Biochemistry,PHARMACOLOGY & PHARMACY,Q2
Frontiers in Reproductive Health,Biology & Biochemistry,REPRODUCTIVE BIOLOGY,Q2
JOURNAL OF MEMBRANE BIOLOGY,Biology & Biochemistry,PHYSIOLOGY,Q2
Current Molecular Pharmacology,Biology & Biochemistry,PHARMACOLOGY & PHARMACY,Q2
REPRODUCTIVE TOXICOLOGY,Biology & Biochemistry,REPRODUCTIVE BIOLOGY,Q2
PSYCHOPHYSIOLOGY,Biology & Biochemistry,PHYSIOLOGY,Q2
PSYCHOPHYSIOLOGY,Biology & Biochemistry,"PSYCHOLOGY, BIOLOGICAL",Q2
EXPERIMENTAL PHYSIOLOGY,Biology & Biochemistry,PHYSIOLOGY,Q2
PULMONARY PHARMACOLOGY & THERAPEUTICS,Biology & Biochemistry,PHARMACOLOGY & PHARMACY,Q2
Therapeutic Advances in Chronic Disease,Biology & Biochemistry,PHARMACOLOGY & PHARMACY,Q2
JOURNAL OF CLINICAL PSYCHOPHARMACOLOGY,Biology & Biochemistry,PHARMACOLOGY & PHARMACY,Q2
JOURNAL OF PHARMACOKINETICS AND PHARMACODYNAMICS,Biology & Biochemistry,PHARMACOLOGY & PHARMACY,Q2
JOURNAL OF CARDIOVASCULAR PHARMACOLOGY AND THERAPEUTICS,Biology & Biochemistry,PHARMACOLOGY & PHARMACY,Q2
CURRENT PHARMACEUTICAL DESIGN,Biology & Biochemistry,PHARMACOLOGY & PHARMACY,Q2
Drugs in Context,Biology & Biochemistry,PHARMACOLOGY & PHARMACY,Q2
CYTOMETRY PART B-CLINICAL CYTOMETRY,Biology & Biochemistry,PATHOLOGY,Q2
EUROPEAN JOURNAL OF APPLIED PHYSIOLOGY,Biology & Biochemistry,PHYSIOLOGY,Q2
JOURNAL OF ASSISTED REPRODUCTION AND GENETICS,Biology & Biochemistry,REPRODUCTIVE BIOLOGY,Q2
BMC Pharmacology & Toxicology,Biology & Biochemistry,PHARMACOLOGY & PHARMACY,Q2
Cannabis and Cannabinoid Research,Biology & Biochemistry,PHARMACOLOGY & PHARMACY,Q2
Drug Testing and Analysis,Biology & Biochemistry,PHARMACOLOGY & PHARMACY,Q2
INVESTIGATIONAL NEW DRUGS,Biology & Biochemistry,PHARMACOLOGY & PHARMACY,Q2
PHYSIOLOGICAL MEASUREMENT,Biology & Biochemistry,PHYSIOLOGY,Q2
CLINICAL DRUG INVESTIGATION,Biology & Biochemistry,PHARMACOLOGY & PHARMACY,Q2
ARCHIVES OF PHYSIOLOGY AND BIOCHEMISTRY,Biology & Biochemistry,PHYSIOLOGY,Q2
Analytical Cellular Pathology,Biology & Biochemistry,PATHOLOGY,Q2
Clinical Psychopharmacology and Neuroscience,Biology & Biochemistry,PHARMACOLOGY & PHARMACY,Q2
Iranian Journal of Basic Medical Sciences,Biology & Biochemistry,PHARMACOLOGY & PHARMACY,Q2
Journal of Pharmaceutical Innovation,Biology & Biochemistry,PHARMACOLOGY & PHARMACY,Q2
EUROPEAN JOURNAL OF CLINICAL PHARMACOLOGY,Biology & Biochemistry,PHARMACOLOGY & PHARMACY,Q2
JOURNAL OF ANTIBIOTICS,Biology & Biochemistry,PHARMACOLOGY & PHARMACY,Q2
EXPERT OPINION ON PHARMACOTHERAPY,Biology & Biochemistry,PHARMACOLOGY & PHARMACY,Q2
Future Pharmacology,Biology & Biochemistry,PHARMACOLOGY & PHARMACY,Q2
EXPERT OPINION ON EMERGING DRUGS,Biology & Biochemistry,PHARMACOLOGY & PHARMACY,Q2
HUMAN PATHOLOGY,Biology & Biochemistry,PATHOLOGY,Q2
ADVANCES IN ANATOMIC PATHOLOGY,Biology & Biochemistry,PATHOLOGY,Q2
PATHOPHYSIOLOGY,Biology & Biochemistry,PATHOLOGY,Q2
INTERNATIONAL JOURNAL OF PSYCHOPHYSIOLOGY,Biology & Biochemistry,PHYSIOLOGY,Q2
INTERNATIONAL JOURNAL OF PSYCHOPHYSIOLOGY,Biology & Biochemistry,"PSYCHOLOGY, BIOLOGICAL",Q2
INTERNATIONAL JOURNAL OF IMMUNOPATHOLOGY AND PHARMACOLOGY,Biology & Biochemistry,PATHOLOGY,Q2
INTERNATIONAL JOURNAL OF IMMUNOPATHOLOGY AND PHARMACOLOGY,Biology & Biochemistry,PHARMACOLOGY & PHARMACY,Q3
Advanced Therapeutics,Biology & Biochemistry,PHARMACOLOGY & PHARMACY,Q3
INTERNATIONAL JOURNAL OF BIOMETEOROLOGY,Biology & Biochemistry,PHYSIOLOGY,Q2
Fitoterapia,Biology & Biochemistry,PHARMACOLOGY & PHARMACY,Q3
APMIS,Biology & Biochemistry,PATHOLOGY,Q2
CURRENT PHARMACEUTICAL BIOTECHNOLOGY,Biology & Biochemistry,PHARMACOLOGY & PHARMACY,Q3
THERIOGENOLOGY,Biology & Biochemistry,REPRODUCTIVE BIOLOGY,Q2
PLACENTA,Biology & Biochemistry,REPRODUCTIVE BIOLOGY,Q2
Journal of Pharmaceutical Policy and Practice,Biology & Biochemistry,PHARMACOLOGY & PHARMACY,Q3
FISH PHYSIOLOGY AND BIOCHEMISTRY,Biology & Biochemistry,PHYSIOLOGY,Q2
PHARMACOLOGY BIOCHEMISTRY AND BEHAVIOR,Biology & Biochemistry,PHARMACOLOGY & PHARMACY,Q3
PHYSIOLOGY & BEHAVIOR,Biology & Biochemistry,"PSYCHOLOGY, BIOLOGICAL",Q2
Reproductive Sciences,Biology & Biochemistry,REPRODUCTIVE BIOLOGY,Q2
CLINICAL AND EXPERIMENTAL PHARMACOLOGY AND PHYSIOLOGY,Biology & Biochemistry,PHARMACOLOGY & PHARMACY,Q3
CLINICAL AND EXPERIMENTAL PHARMACOLOGY AND PHYSIOLOGY,Biology & Biochemistry,PHYSIOLOGY,Q2
PHARMACEUTICAL DEVELOPMENT AND TECHNOLOGY,Biology & Biochemistry,PHARMACOLOGY & PHARMACY,Q3
Conservation Physiology,Biology & Biochemistry,PHYSIOLOGY,Q2
INTERNATIONAL CLINICAL PSYCHOPHARMACOLOGY,Biology & Biochemistry,PHARMACOLOGY & PHARMACY,Q3
Journal of Natural Medicines,Biology & Biochemistry,PHARMACOLOGY & PHARMACY,Q3
Physiological Genomics,Biology & Biochemistry,PHYSIOLOGY,Q2
SCIENTIA PHARMACEUTICA,Biology & Biochemistry,PHARMACOLOGY & PHARMACY,Q3
JOURNAL OF THE AMERICAN PHARMACISTS ASSOCIATION,Biology & Biochemistry,PHARMACOLOGY & PHARMACY,Q3
FUNDAMENTAL & CLINICAL PHARMACOLOGY,Biology & Biochemistry,PHARMACOLOGY & PHARMACY,Q3
AMERICAN JOURNAL OF THERAPEUTICS,Biology & Biochemistry,PHARMACOLOGY & PHARMACY,Q3
Clinical Pharmacology-Advances and Applications,Biology & Biochemistry,PHARMACOLOGY & PHARMACY,Q3
Drug Target Insights,Biology & Biochemistry,PHARMACOLOGY & PHARMACY,Q3
CURRENT DRUG TARGETS,Biology & Biochemistry,PHARMACOLOGY & PHARMACY,Q3
CRITICAL REVIEWS IN THERAPEUTIC DRUG CARRIER SYSTEMS,Biology & Biochemistry,PHARMACOLOGY & PHARMACY,Q3
NEUROPHYSIOLOGIE CLINIQUE-CLINICAL NEUROPHYSIOLOGY,Biology & Biochemistry,PHYSIOLOGY,Q2
THERAPEUTIC DRUG MONITORING,Biology & Biochemistry,PHARMACOLOGY & PHARMACY,Q3
Plant Reproduction,Biology & Biochemistry,REPRODUCTIVE BIOLOGY,Q3
Prospects in Pharmaceutical Sciences,Biology & Biochemistry,PHARMACOLOGY & PHARMACY,Q3
TOXICON,Biology & Biochemistry,PHARMACOLOGY & PHARMACY,Q3
PharmaNutrition,Biology & Biochemistry,PHARMACOLOGY & PHARMACY,Q3
Dose-Response,Biology & Biochemistry,PHARMACOLOGY & PHARMACY,Q3
PHARMACOEPIDEMIOLOGY AND DRUG SAFETY,Biology & Biochemistry,PHARMACOLOGY & PHARMACY,Q3
AMERICAN JOURNAL OF REPRODUCTIVE IMMUNOLOGY,Biology & Biochemistry,REPRODUCTIVE BIOLOGY,Q3
EUROPEAN JOURNAL OF DRUG METABOLISM AND PHARMACOKINETICS,Biology & Biochemistry,PHARMACOLOGY & PHARMACY,Q3
JOURNAL OF INSECT PHYSIOLOGY,Biology & Biochemistry,PHYSIOLOGY,Q2
JOURNAL OF ORAL PATHOLOGY & MEDICINE,Biology & Biochemistry,PATHOLOGY,Q2
"American Journal of Physiology-Regulatory, Integrative and Comparative Physiology",Biology & Biochemistry,PHYSIOLOGY,Q2
Diagnostic Pathology,Biology & Biochemistry,PATHOLOGY,Q2
JOURNAL OF ELECTROMYOGRAPHY AND KINESIOLOGY,Biology & Biochemistry,PHYSIOLOGY,Q2
Physiology International,Biology & Biochemistry,PHYSIOLOGY,Q2
Pharmacology Research & Perspectives,Biology & Biochemistry,PHARMACOLOGY & PHARMACY,Q3
PATHOLOGY & ONCOLOGY RESEARCH,Biology & Biochemistry,PATHOLOGY,Q2
JOURNAL OF CLINICAL PHARMACOLOGY,Biology & Biochemistry,PHARMACOLOGY & PHARMACY,Q3
CANCER CHEMOTHERAPY AND PHARMACOLOGY,Biology & Biochemistry,PHARMACOLOGY & PHARMACY,Q3
Physiologia,Biology & Biochemistry,PHYSIOLOGY,Q2
Journal of Dietary Supplements,Biology & Biochemistry,PHARMACOLOGY & PHARMACY,Q3
JOURNAL OF VASCULAR RESEARCH,Biology & Biochemistry,PHYSIOLOGY,Q2
AMERICAN JOURNAL OF HEALTH-SYSTEM PHARMACY,Biology & Biochemistry,PHARMACOLOGY & PHARMACY,Q3
ANNALS OF PHARMACOTHERAPY,Biology & Biochemistry,PHARMACOLOGY & PHARMACY,Q3
ANTIVIRAL THERAPY,Biology & Biochemistry,PHARMACOLOGY & PHARMACY,Q3
COMPARATIVE BIOCHEMISTRY AND PHYSIOLOGY A-MOLECULAR & INTEGRATIVE PHYSIOLOGY,Biology & Biochemistry,PHYSIOLOGY,Q3
F&S Reports,Biology & Biochemistry,REPRODUCTIVE BIOLOGY,Q3
Systems Biology in Reproductive Medicine,Biology & Biochemistry,REPRODUCTIVE BIOLOGY,Q3
JOURNAL OF REPRODUCTION AND DEVELOPMENT,Biology & Biochemistry,REPRODUCTIVE BIOLOGY,Q3
EXPERIMENTAL AND CLINICAL PSYCHOPHARMACOLOGY,Biology & Biochemistry,PHARMACOLOGY & PHARMACY,Q3
EXPERIMENTAL AND CLINICAL PSYCHOPHARMACOLOGY,Biology & Biochemistry,"PSYCHOLOGY, BIOLOGICAL",Q2
JOURNAL OF COMPARATIVE PHYSIOLOGY A-NEUROETHOLOGY SENSORY NEURAL AND BEHAVIORAL PHYSIOLOGY,Biology & Biochemistry,PHYSIOLOGY,Q3
INTERNATIONAL JOURNAL OF EXPERIMENTAL PATHOLOGY,Biology & Biochemistry,PATHOLOGY,Q2
PHARMACOPSYCHIATRY,Biology & Biochemistry,PHARMACOLOGY & PHARMACY,Q3
BioImpacts,Biology & Biochemistry,PHARMACOLOGY & PHARMACY,Q3
Journal of Psychedelic Studies,Biology & Biochemistry,PHARMACOLOGY & PHARMACY,Q3
Drug Metabolism and Pharmacokinetics,Biology & Biochemistry,PHARMACOLOGY & PHARMACY,Q3
DRUG DEVELOPMENT AND INDUSTRIAL PHARMACY,Biology & Biochemistry,PHARMACOLOGY & PHARMACY,Q3
KOREAN JOURNAL OF PHYSIOLOGY & PHARMACOLOGY,Biology & Biochemistry,PHARMACOLOGY & PHARMACY,Q3
KOREAN JOURNAL OF PHYSIOLOGY & PHARMACOLOGY,Biology & Biochemistry,PHYSIOLOGY,Q3
JOURNAL OF CHILD AND ADOLESCENT PSYCHOPHARMACOLOGY,Biology & Biochemistry,PHARMACOLOGY & PHARMACY,Q3
ANTI-CANCER DRUGS,Biology & Biochemistry,PHARMACOLOGY & PHARMACY,Q3
JOURNAL OF CARDIOVASCULAR PHARMACOLOGY,Biology & Biochemistry,PHARMACOLOGY & PHARMACY,Q3
Therapeutic Delivery,Biology & Biochemistry,PHARMACOLOGY & PHARMACY,Q3
Revista Espanola de Quimioterapia,Biology & Biochemistry,PHARMACOLOGY & PHARMACY,Q3
Current Pharmacology Reports,Biology & Biochemistry,PHARMACOLOGY & PHARMACY,Q3
JOURNAL OF BIOLOGICAL RHYTHMS,Biology & Biochemistry,PHYSIOLOGY,Q3
CRYOBIOLOGY,Biology & Biochemistry,PHYSIOLOGY,Q3
Journal of Physiological Anthropology,Biology & Biochemistry,PHYSIOLOGY,Q3
Applied Physiology Nutrition and Metabolism,Biology & Biochemistry,PHYSIOLOGY,Q3
Journal of Neurophysiology,Biology & Biochemistry,PHYSIOLOGY,Q3
KIDNEY & BLOOD PRESSURE RESEARCH,Biology & Biochemistry,PHYSIOLOGY,Q3
JOURNAL OF OCULAR PHARMACOLOGY AND THERAPEUTICS,Biology & Biochemistry,PHARMACOLOGY & PHARMACY,Q3
Pharmacoeconomics-Open,Biology & Biochemistry,PHARMACOLOGY & PHARMACY,Q3
DARU-Journal of Pharmaceutical Sciences,Biology & Biochemistry,PHARMACOLOGY & PHARMACY,Q3
DRUGS IN R&D,Biology & Biochemistry,PHARMACOLOGY & PHARMACY,Q3
REPRODUCTION FERTILITY AND DEVELOPMENT,Biology & Biochemistry,REPRODUCTIVE BIOLOGY,Q3
Integrated Pharmacy Research and Practice,Biology & Biochemistry,PHARMACOLOGY & PHARMACY,Q3
CANCER BIOTHERAPY AND RADIOPHARMACEUTICALS,Biology & Biochemistry,PHARMACOLOGY & PHARMACY,Q3
Turkish Journal of Pathology,Biology & Biochemistry,PATHOLOGY,Q2
Current Vascular Pharmacology,Biology & Biochemistry,PHARMACOLOGY & PHARMACY,Q3
ZEITSCHRIFT FUR NATURFORSCHUNG SECTION C-A JOURNAL OF BIOSCIENCES,Biology & Biochemistry,PHARMACOLOGY & PHARMACY,Q3
HYPERTENSION IN PREGNANCY,Biology & Biochemistry,PHYSIOLOGY,Q3
Drug Research,Biology & Biochemistry,PHARMACOLOGY & PHARMACY,Q3
Pharmaceutical Patent Analyst,Biology & Biochemistry,PHARMACOLOGY & PHARMACY,Q3
JOURNAL OF CLINICAL PATHOLOGY,Biology & Biochemistry,PATHOLOGY,Q2
SCIENCE & JUSTICE,Biology & Biochemistry,PATHOLOGY,Q2
PATHOBIOLOGY,Biology & Biochemistry,PATHOLOGY,Q2
Reproductive Biology,Biology & Biochemistry,REPRODUCTIVE BIOLOGY,Q3
F&S Reviews,Biology & Biochemistry,REPRODUCTIVE BIOLOGY,Q3
PHYSIOLOGICAL RESEARCH,Biology & Biochemistry,PHYSIOLOGY,Q3
HISTOLOGY AND HISTOPATHOLOGY,Biology & Biochemistry,PATHOLOGY,Q2
BIOPHARMACEUTICS & DRUG DISPOSITION,Biology & Biochemistry,PHARMACOLOGY & PHARMACY,Q3
Journal of Applied Biomedicine,Biology & Biochemistry,PHARMACOLOGY & PHARMACY,Q3
Turkish Journal of Pharmaceutical Sciences,Biology & Biochemistry,PHARMACOLOGY & PHARMACY,Q3
CELLULAR PHYSIOLOGY AND BIOCHEMISTRY,Biology & Biochemistry,PHYSIOLOGY,Q3
PLANTA MEDICA,Biology & Biochemistry,PHARMACOLOGY & PHARMACY,Q3
Endocrine Metabolic & Immune Disorders-Drug Targets,Biology & Biochemistry,PHARMACOLOGY & PHARMACY,Q3
JOURNAL OF CLINICAL PHARMACY AND THERAPEUTICS,Biology & Biochemistry,PHARMACOLOGY & PHARMACY,Q3
AMERICAN JOURNAL OF CLINICAL PATHOLOGY,Biology & Biochemistry,PATHOLOGY,Q3
Physiological Reports,Biology & Biochemistry,PHYSIOLOGY,Q3
CARDIOVASCULAR PATHOLOGY,Biology & Biochemistry,PATHOLOGY,Q3
Current Opinion in Physiology,Biology & Biochemistry,PHYSIOLOGY,Q3
ARCHIVES OF INSECT BIOCHEMISTRY AND PHYSIOLOGY,Biology & Biochemistry,PHYSIOLOGY,Q3
CHEMICAL SENSES,Biology & Biochemistry,PHYSIOLOGY,Q3
European Journal of Obstetrics & Gynecology and Reproductive Biology,Biology & Biochemistry,REPRODUCTIVE BIOLOGY,Q3
JOURNAL OF THE EXPERIMENTAL ANALYSIS OF BEHAVIOR,Biology & Biochemistry,"PSYCHOLOGY, BIOLOGICAL",Q2
Microbial Drug Resistance,Biology & Biochemistry,PHARMACOLOGY & PHARMACY,Q3
Contemporary Clinical Trials,Biology & Biochemistry,PHARMACOLOGY & PHARMACY,Q3
Drugs-Real World Outcomes,Biology & Biochemistry,PHARMACOLOGY & PHARMACY,Q3
Lymphatic Research and Biology,Biology & Biochemistry,PHYSIOLOGY,Q3
DRUG AND CHEMICAL TOXICOLOGY,Biology & Biochemistry,PHARMACOLOGY & PHARMACY,Q3
PHARMACOGENOMICS,Biology & Biochemistry,PHARMACOLOGY & PHARMACY,Q3
Therapeutic Innovation & Regulatory Science,Biology & Biochemistry,PHARMACOLOGY & PHARMACY,Q3
PHYSIOLOGICAL AND BIOCHEMICAL ZOOLOGY,Biology & Biochemistry,PHYSIOLOGY,Q3
CLINICAL JOURNAL OF SPORT MEDICINE,Biology & Biochemistry,PHYSIOLOGY,Q3
ADVANCES IN PHYSIOLOGY EDUCATION,Biology & Biochemistry,PHYSIOLOGY,Q3
TOXICOLOGIC PATHOLOGY,Biology & Biochemistry,PATHOLOGY,Q3
LEARNING AND MOTIVATION,Biology & Biochemistry,"PSYCHOLOGY, BIOLOGICAL",Q3
Pharmacogenomics & Personalized Medicine,Biology & Biochemistry,PHARMACOLOGY & PHARMACY,Q3
Clinical Pharmacology in Drug Development,Biology & Biochemistry,PHARMACOLOGY & PHARMACY,Q3
JOURNAL OF PHARMACOLOGICAL AND TOXICOLOGICAL METHODS,Biology & Biochemistry,PHARMACOLOGY & PHARMACY,Q3
Exploratory Research in Clinical and Social Pharmacy,Biology & Biochemistry,PHARMACOLOGY & PHARMACY,Q3
THERAPIE,Biology & Biochemistry,PHARMACOLOGY & PHARMACY,Q3
JOURNAL OF CHEMOTHERAPY,Biology & Biochemistry,PHARMACOLOGY & PHARMACY,Q3
Pharmacy,Biology & Biochemistry,PHARMACOLOGY & PHARMACY,Q3
HIV Research & Clinical Practice,Biology & Biochemistry,PHARMACOLOGY & PHARMACY,Q3
Iranian Journal of Pharmaceutical Research,Biology & Biochemistry,PHARMACOLOGY & PHARMACY,Q3
Personalized Medicine,Biology & Biochemistry,PHARMACOLOGY & PHARMACY,Q3
INTERNATIONAL JOURNAL OF PHARMACY PRACTICE,Biology & Biochemistry,PHARMACOLOGY & PHARMACY,Q3
CURRENT DRUG METABOLISM,Biology & Biochemistry,PHARMACOLOGY & PHARMACY,Q3
VETERINARY PATHOLOGY,Biology & Biochemistry,PATHOLOGY,Q3
INTERNATIONAL JOURNAL OF GYNECOLOGICAL PATHOLOGY,Biology & Biochemistry,PATHOLOGY,Q3
Current Research in Physiology,Biology & Biochemistry,PHYSIOLOGY,Q4
JOURNAL OF PHYSIOLOGY AND PHARMACOLOGY,Biology & Biochemistry,PHYSIOLOGY,Q4
REPRODUCTION IN DOMESTIC ANIMALS,Biology & Biochemistry,REPRODUCTIVE BIOLOGY,Q3
CHRONOBIOLOGY INTERNATIONAL,Biology & Biochemistry,PHYSIOLOGY,Q4
European Journal of Obstetrics & Gynecology and Reproductive Biology-X,Biology & Biochemistry,REPRODUCTIVE BIOLOGY,Q3
ACTA CYTOLOGICA,Biology & Biochemistry,PATHOLOGY,Q3
Clinical Pathology,Biology & Biochemistry,PATHOLOGY,Q3
JOURNAL OF VETERINARY PHARMACOLOGY AND THERAPEUTICS,Biology & Biochemistry,PHARMACOLOGY & PHARMACY,Q3
BIOLOGICAL & PHARMACEUTICAL BULLETIN,Biology & Biochemistry,PHARMACOLOGY & PHARMACY,Q3
Pharmacogenetics and Genomics,Biology & Biochemistry,PHARMACOLOGY & PHARMACY,Q3
HUMAN PSYCHOPHARMACOLOGY-CLINICAL AND EXPERIMENTAL,Biology & Biochemistry,PHARMACOLOGY & PHARMACY,Q3
BIOMEDICAL CHROMATOGRAPHY,Biology & Biochemistry,PHARMACOLOGY & PHARMACY,Q3
COMBINATORIAL CHEMISTRY & HIGH THROUGHPUT SCREENING,Biology & Biochemistry,PHARMACOLOGY & PHARMACY,Q3
ASSAY AND DRUG DEVELOPMENT TECHNOLOGIES,Biology & Biochemistry,PHARMACOLOGY & PHARMACY,Q3
CHEMOTHERAPY,Biology & Biochemistry,PHARMACOLOGY & PHARMACY,Q3
Canadian Pharmacists Journal,Biology & Biochemistry,PHARMACOLOGY & PHARMACY,Q3
Journal of Comparative Physiology B-Biochemical Systems and Environmental Physiology,Biology & Biochemistry,PHYSIOLOGY,Q4
RESPIRATORY PHYSIOLOGY & NEUROBIOLOGY,Biology & Biochemistry,PHYSIOLOGY,Q4
CHINESE JOURNAL OF PHYSIOLOGY,Biology & Biochemistry,PHYSIOLOGY,Q4
Clinical and Experimental Reproductive Medicine-CERM,Biology & Biochemistry,REPRODUCTIVE BIOLOGY,Q4
BEHAVIOURAL PHARMACOLOGY,Biology & Biochemistry,PHARMACOLOGY & PHARMACY,Q4
FOLIA NEUROPATHOLOGICA,Biology & Biochemistry,PATHOLOGY,Q3
JOURNAL OF MUSCULOSKELETAL & NEURONAL INTERACTIONS,Biology & Biochemistry,PHYSIOLOGY,Q4
Revista Brasileira de Farmacognosia-Brazilian Journal of Pharmacognosy,Biology & Biochemistry,PHARMACOLOGY & PHARMACY,Q4
F&S Science,Biology & Biochemistry,REPRODUCTIVE BIOLOGY,Q4
International Journal of Paleopathology,Biology & Biochemistry,PATHOLOGY,Q3
Behavioural Processes,Biology & Biochemistry,"PSYCHOLOGY, BIOLOGICAL",Q3
Human Fertility,Biology & Biochemistry,REPRODUCTIVE BIOLOGY,Q4
LEARNING & BEHAVIOR,Biology & Biochemistry,"PSYCHOLOGY, BIOLOGICAL",Q3
JOURNAL OF INFECTION AND CHEMOTHERAPY,Biology & Biochemistry,PHARMACOLOGY & PHARMACY,Q4
Expert Review of Pharmacoeconomics & Outcomes Research,Biology & Biochemistry,PHARMACOLOGY & PHARMACY,Q4
Neuropsychopharmacology Reports,Biology & Biochemistry,PHARMACOLOGY & PHARMACY,Q4
Pharmaceutical Sciences,Biology & Biochemistry,PHARMACOLOGY & PHARMACY,Q4
Adaptive Human Behavior and Physiology,Biology & Biochemistry,"PSYCHOLOGY, BIOLOGICAL",Q3
European Journal of Hospital Pharmacy,Biology & Biochemistry,PHARMACOLOGY & PHARMACY,Q4
Drug Discoveries and Therapeutics,Biology & Biochemistry,PHARMACOLOGY & PHARMACY,Q4
Journal of the American College of Clinical Pharmacy,Biology & Biochemistry,PHARMACOLOGY & PHARMACY,Q4
BIOLOGICALS,Biology & Biochemistry,PHARMACOLOGY & PHARMACY,Q4
JOURNAL OF INTERNATIONAL MEDICAL RESEARCH,Biology & Biochemistry,PHARMACOLOGY & PHARMACY,Q4
INDIAN JOURNAL OF PHARMACOLOGY,Biology & Biochemistry,PHARMACOLOGY & PHARMACY,Q4
Translational and Clinical Pharmacology,Biology & Biochemistry,PHARMACOLOGY & PHARMACY,Q4
Current Pharmaceutical Analysis,Biology & Biochemistry,PHARMACOLOGY & PHARMACY,Q4
CLINICAL NEUROPHARMACOLOGY,Biology & Biochemistry,PHARMACOLOGY & PHARMACY,Q4
Annals of Diagnostic Pathology,Biology & Biochemistry,PATHOLOGY,Q3
ALZHEIMER DISEASE & ASSOCIATED DISORDERS,Biology & Biochemistry,PATHOLOGY,Q3
Forensic Science Medicine and Pathology,Biology & Biochemistry,PATHOLOGY,Q3
CANADIAN JOURNAL OF PHYSIOLOGY AND PHARMACOLOGY,Biology & Biochemistry,PHARMACOLOGY & PHARMACY,Q4
CANADIAN JOURNAL OF PHYSIOLOGY AND PHARMACOLOGY,Biology & Biochemistry,PHYSIOLOGY,Q4
SEMINARS IN REPRODUCTIVE MEDICINE,Biology & Biochemistry,REPRODUCTIVE BIOLOGY,Q4
ACTA PHARMACEUTICA,Biology & Biochemistry,PHARMACOLOGY & PHARMACY,Q4
PHARMACEUTICAL STATISTICS,Biology & Biochemistry,PHARMACOLOGY & PHARMACY,Q4
QUARTERLY JOURNAL OF EXPERIMENTAL PSYCHOLOGY,Biology & Biochemistry,PHYSIOLOGY,Q4
ZYGOTE,Biology & Biochemistry,REPRODUCTIVE BIOLOGY,Q4
INTERNATIONAL JOURNAL OF MEDICINAL MUSHROOMS,Biology & Biochemistry,PHARMACOLOGY & PHARMACY,Q4
MEDICAL LETTER ON DRUGS AND THERAPEUTICS,Biology & Biochemistry,PHARMACOLOGY & PHARMACY,Q4
PEDIATRIC EXERCISE SCIENCE,Biology & Biochemistry,PHYSIOLOGY,Q4
Academic Pathology,Biology & Biochemistry,PATHOLOGY,Q3
PEDIATRIC AND DEVELOPMENTAL PATHOLOGY,Biology & Biochemistry,PATHOLOGY,Q3
CLINICAL PHYSIOLOGY AND FUNCTIONAL IMAGING,Biology & Biochemistry,PHYSIOLOGY,Q4
GENERAL PHYSIOLOGY AND BIOPHYSICS,Biology & Biochemistry,PHYSIOLOGY,Q4
Reproductive Medicine,Biology & Biochemistry,REPRODUCTIVE BIOLOGY,Q4
Advances in Traditional Medicine,Biology & Biochemistry,PHARMACOLOGY & PHARMACY,Q4
FARMACIA,Biology & Biochemistry,PHARMACOLOGY & PHARMACY,Q4
Middle East Fertility Society Journal,Biology & Biochemistry,REPRODUCTIVE BIOLOGY,Q4
JOURNAL OF ASIAN NATURAL PRODUCTS RESEARCH,Biology & Biochemistry,PHARMACOLOGY & PHARMACY,Q4
CHEMICAL & PHARMACEUTICAL BULLETIN,Biology & Biochemistry,PHARMACOLOGY & PHARMACY,Q4
FARMACIA HOSPITALARIA,Biology & Biochemistry,PHARMACOLOGY & PHARMACY,Q4
JOURNAL OF PHARMACY TECHNOLOGY,Biology & Biochemistry,PHARMACOLOGY & PHARMACY,Q4
APPLIED IMMUNOHISTOCHEMISTRY & MOLECULAR MORPHOLOGY,Biology & Biochemistry,PATHOLOGY,Q3
ULTRASTRUCTURAL PATHOLOGY,Biology & Biochemistry,PATHOLOGY,Q3
Journal of Biopharmaceutical Statistics,Biology & Biochemistry,PHARMACOLOGY & PHARMACY,Q4
NEUROPATHOLOGY,Biology & Biochemistry,PATHOLOGY,Q3
Journal of Pharmaceutical Health Care and Sciences,Biology & Biochemistry,PHARMACOLOGY & PHARMACY,Q4
XENOBIOTICA,Biology & Biochemistry,PHARMACOLOGY & PHARMACY,Q4
Current Radiopharmaceuticals,Biology & Biochemistry,PHARMACOLOGY & PHARMACY,Q4
JOURNAL OF HERBS SPICES AND MEDICINAL PLANTS,Biology & Biochemistry,PHARMACOLOGY & PHARMACY,Q4
Jundishapur Journal of Natural Pharmaceutical Products,Biology & Biochemistry,PHARMACOLOGY & PHARMACY,Q4
Traditional & Kampo Medicine,Biology & Biochemistry,PHARMACOLOGY & PHARMACY,Q4
Research Journal of Pharmacognosy,Biology & Biochemistry,PHARMACOLOGY & PHARMACY,Q4
Expert Review of Precision Medicine and Drug Development,Biology & Biochemistry,PHARMACOLOGY & PHARMACY,Q4
JOURNAL OF CUTANEOUS PATHOLOGY,Biology & Biochemistry,PATHOLOGY,Q3
Medical Molecular Morphology,Biology & Biochemistry,PATHOLOGY,Q3
Journal of Human Reproductive Sciences,Biology & Biochemistry,REPRODUCTIVE BIOLOGY,Q4
Journal of Molecular Pathology,Biology & Biochemistry,PATHOLOGY,Q3
Integrative Psychological and Behavioral Science,Biology & Biochemistry,"PSYCHOLOGY, BIOLOGICAL",Q4
PHARMACIA,Biology & Biochemistry,PHARMACOLOGY & PHARMACY,Q4
Annales Pharmaceutiques Francaises,Biology & Biochemistry,PHARMACOLOGY & PHARMACY,Q4
Pathology and Laboratory Medicine International,Biology & Biochemistry,PATHOLOGY,Q3
CYTOPATHOLOGY,Biology & Biochemistry,PATHOLOGY,Q3
JOURNAL OF PHARMACY PRACTICE,Biology & Biochemistry,PHARMACOLOGY & PHARMACY,Q4
Journal of Anaesthesiology Clinical Pharmacology,Biology & Biochemistry,PHARMACOLOGY & PHARMACY,Q4
Recent Advances in Inflammation & Allergy Drug Discovery,Biology & Biochemistry,PHARMACOLOGY & PHARMACY,Q4
Pharmacy Practice-Granada,Biology & Biochemistry,PHARMACOLOGY & PHARMACY,Q4
DIAGNOSTIC CYTOPATHOLOGY,Biology & Biochemistry,PATHOLOGY,Q4
INTERNATIONAL JOURNAL OF SURGICAL PATHOLOGY,Biology & Biochemistry,PATHOLOGY,Q4
Journal of Pharmacy & Pharmacognosy Research,Biology & Biochemistry,PHARMACOLOGY & PHARMACY,Q4
Reviews on Recent Clinical Trials,Biology & Biochemistry,PHARMACOLOGY & PHARMACY,Q4
Malaysian Journal of Pathology,Biology & Biochemistry,PATHOLOGY,Q4
INTERNATIONAL JOURNAL OF TOXICOLOGY,Biology & Biochemistry,PHARMACOLOGY & PHARMACY,Q4
Pharmacognosy Research,Biology & Biochemistry,PHARMACOLOGY & PHARMACY,Q4
PHARMAZIE,Biology & Biochemistry,PHARMACOLOGY & PHARMACY,Q4
PHARMACEUTICAL CHEMISTRY JOURNAL,Biology & Biochemistry,PHARMACOLOGY & PHARMACY,Q4
JOURNAL OF EXPERIMENTAL PSYCHOLOGY-ANIMAL LEARNING AND COGNITION,Biology & Biochemistry,"PSYCHOLOGY, BIOLOGICAL",Q4
JOURNAL OF COMPARATIVE PATHOLOGY,Biology & Biochemistry,PATHOLOGY,Q4
CRYOLETTERS,Biology & Biochemistry,PHYSIOLOGY,Q4
Current Reviews in Clinical and Experimental Pharmacology,Biology & Biochemistry,PHARMACOLOGY & PHARMACY,Q4
International Journal of Clinical and Experimental Pathology,Biology & Biochemistry,PATHOLOGY,Q4
Bangladesh Journal of Pharmacology,Biology & Biochemistry,PHARMACOLOGY & PHARMACY,Q4
BIOLOGICAL RHYTHM RESEARCH,Biology & Biochemistry,PHYSIOLOGY,Q4
Journal of Toxicologic Pathology,Biology & Biochemistry,PATHOLOGY,Q4
JOURNAL OF ONCOLOGY PHARMACY PRACTICE,Biology & Biochemistry,PHARMACOLOGY & PHARMACY,Q4
Brazilian Journal of Pharmaceutical Sciences,Biology & Biochemistry,PHARMACOLOGY & PHARMACY,Q4
JOURNAL OF PSYCHOPHYSIOLOGY,Biology & Biochemistry,"PSYCHOLOGY, BIOLOGICAL",Q4
Journal of Pharmacy and Bioallied Sciences,Biology & Biochemistry,PHARMACOLOGY & PHARMACY,Q4
Pharmacy & Pharmacology-Farmatsiya i Farmakologiya,Biology & Biochemistry,PHARMACOLOGY & PHARMACY,Q4
AMERICAN JOURNAL OF FORENSIC MEDICINE AND PATHOLOGY,Biology & Biochemistry,PATHOLOGY,Q4
INVERTEBRATE REPRODUCTION & DEVELOPMENT,Biology & Biochemistry,REPRODUCTIVE BIOLOGY,Q4
Indian Journal of Pharmaceutical Education and Research,Biology & Biochemistry,PHARMACOLOGY & PHARMACY,Q4
Advances in Pharmacology and Pharmacy,Biology & Biochemistry,PHARMACOLOGY & PHARMACY,Q4
CLINICAL NEUROPATHOLOGY,Biology & Biochemistry,PATHOLOGY,Q4
DISSOLUTION TECHNOLOGIES,Biology & Biochemistry,PHARMACOLOGY & PHARMACY,Q4
LEPROSY REVIEW,Biology & Biochemistry,PATHOLOGY,Q4
JOURNAL OF PHARMACY PRACTICE AND RESEARCH,Biology & Biochemistry,PHARMACOLOGY & PHARMACY,Q4
CANADIAN JOURNAL OF HOSPITAL PHARMACY,Biology & Biochemistry,PHARMACOLOGY & PHARMACY,Q4
Journal of Pharmacology & Pharmacotherapeutics,Biology & Biochemistry,PHARMACOLOGY & PHARMACY,Q4
Pathologie,Biology & Biochemistry,PATHOLOGY,Q4
Current Drug Safety,Biology & Biochemistry,PHARMACOLOGY & PHARMACY,Q4
INTERNATIONAL JOURNAL OF CLINICAL PHARMACOLOGY AND THERAPEUTICS,Biology & Biochemistry,PHARMACOLOGY & PHARMACY,Q4
Boletin Latinoamericano y del Caribe de Plantas Medicinales y Aromaticas,Biology & Biochemistry,PHARMACOLOGY & PHARMACY,Q4
Journal of Research in Pharmacy Practice,Biology & Biochemistry,PHARMACOLOGY & PHARMACY,Q4
DRUGS & THERAPY PERSPECTIVES,Biology & Biochemistry,PHARMACOLOGY & PHARMACY,Q4
Journal of Research in Pharmacy,Biology & Biochemistry,PHARMACOLOGY & PHARMACY,Q4
HOSPITAL PHARMACY,Biology & Biochemistry,PHARMACOLOGY & PHARMACY,Q4
Current Drug Therapy,Biology & Biochemistry,PHARMACOLOGY & PHARMACY,Q4
Indonesian Journal of Pharmacy,Biology & Biochemistry,PHARMACOLOGY & PHARMACY,Q4
Fetal and Pediatric Pathology,Biology & Biochemistry,PATHOLOGY,Q4
LYMPHOLOGY,Biology & Biochemistry,PHYSIOLOGY,Q4
POLISH JOURNAL OF PATHOLOGY,Biology & Biochemistry,PATHOLOGY,Q4
Asian Pacific Journal of Reproduction,Biology & Biochemistry,REPRODUCTIVE BIOLOGY,Q4
Pakistan Journal of Pharmaceutical Sciences,Biology & Biochemistry,PHARMACOLOGY & PHARMACY,Q4
Egyptian Pharmaceutical Journal,Biology & Biochemistry,PHARMACOLOGY & PHARMACY,Q4
International Journal of Womens Health and Reproduction Sciences,Biology & Biochemistry,REPRODUCTIVE BIOLOGY,Q4
Journal of Hematopathology,Biology & Biochemistry,PATHOLOGY,Q4
NEUROPHYSIOLOGY,Biology & Biochemistry,PHYSIOLOGY,Q4
Psychiatry and Clinical Psychopharmacology,Biology & Biochemistry,PHARMACOLOGY & PHARMACY,Q4
Revista Espanola de Patologia,Biology & Biochemistry,PATHOLOGY,Q4
Indian Journal of Pathology and Microbiology,Biology & Biochemistry,PATHOLOGY,Q4
ANNALES DE PATHOLOGIE,Biology & Biochemistry,PATHOLOGY,Q4
Case Reports in Pathology,Biology & Biochemistry,PATHOLOGY,Q4
JOURNAL OF EVOLUTIONARY BIOCHEMISTRY AND PHYSIOLOGY,Biology & Biochemistry,PHYSIOLOGY,Q4
Physiology and Pharmacology,Biology & Biochemistry,PHYSIOLOGY,Q4
International Journal of Pharmaceutical Investigation,Biology & Biochemistry,PHARMACOLOGY & PHARMACY,Q4
Istanbul Journal of Pharmacy,Biology & Biochemistry,PHARMACOLOGY & PHARMACY,Q4
Journal of Young Pharmacists,Biology & Biochemistry,PHARMACOLOGY & PHARMACY,Q4
Journal of Reports in Pharmaceutical Sciences,Biology & Biochemistry,PHARMACOLOGY & PHARMACY,Q4
FOOD AND DRUG LAW JOURNAL,Biology & Biochemistry,PHARMACOLOGY & PHARMACY,Q4
ACTA POLONIAE PHARMACEUTICA,Biology & Biochemistry,PHARMACOLOGY & PHARMACY,Q4
Ars Pharmaceutica,Biology & Biochemistry,PHARMACOLOGY & PHARMACY,Q4
Human Pathology Reports,Biology & Biochemistry,PATHOLOGY,Q4
Pharmaceutical Care Espana,Biology & Biochemistry,PHARMACOLOGY & PHARMACY,Q4
KLINISCHE NEUROPHYSIOLOGIE,Biology & Biochemistry,PHYSIOLOGY,Q4
Revista Chilena de Neuropsicologia,Biology & Biochemistry,"PSYCHOLOGY, BIOLOGICAL",Q4
SA Pharmaceutical Journal,Biology & Biochemistry,PHARMACOLOGY & PHARMACY,Q4
International Journal of Pharmacology,Biology & Biochemistry,PHARMACOLOGY & PHARMACY,Q4
Pathologia,Biology & Biochemistry,PATHOLOGY,Q4
GaBI Journal-Generics and Biosimilars Initiative Journal,Biology & Biochemistry,PHARMACOLOGY & PHARMACY,Q4
Medecine Nucleaire-Imagerie Fonctionnelle et Metabolique,Biology & Biochemistry,PATHOLOGY,Q4
Asian Journal of Pharmaceutical Research and Health Care,Biology & Biochemistry,PHARMACOLOGY & PHARMACY,Q4
Asian Journal of Pharmaceutics,Biology & Biochemistry,PHARMACOLOGY & PHARMACY,Q4
YAKUGAKU ZASSHI-JOURNAL OF THE PHARMACEUTICAL SOCIETY OF JAPAN,Biology & Biochemistry,PHARMACOLOGY & PHARMACY,Q4
ZHURNAL VYSSHEI NERVNOI DEYATELNOSTI IMENI I P PAVLOVA,Biology & Biochemistry,PHYSIOLOGY,Q4
US PHARMACIST,Biology & Biochemistry,PHARMACOLOGY & PHARMACY,Q4
BIOPHARM INTERNATIONAL,Biology & Biochemistry,PHARMACOLOGY & PHARMACY,Q4
Actualites Pharmaceutiques,Biology & Biochemistry,PHARMACOLOGY & PHARMACY,Q4
Cuadernos de Neuropsicologia-Panamerican Journal of Neuropsychology,Biology & Biochemistry,"PSYCHOLOGY, BIOLOGICAL",Q4
Annals of Phytomedicine-An International Journal,Biology & Biochemistry,PHARMACOLOGY & PHARMACY,N/A
Journal of Physiological Investigation,Biology & Biochemistry,PHYSIOLOGY,N/A
Cell Host & Microbe,Biology & Biochemistry,VIROLOGY,Q1
DRUGS,Biology & Biochemistry,TOXICOLOGY,Q1
Annual Review of Pharmacology and Toxicology,Biology & Biochemistry,TOXICOLOGY,Q1
ENVIRONMENTAL HEALTH PERSPECTIVES,Biology & Biochemistry,TOXICOLOGY,Q1
Annual Review of Animal Biosciences,Biology & Biochemistry,ZOOLOGY,Q1
Integrated Environmental Assessment and Management,Biology & Biochemistry,TOXICOLOGY,Q1
Annual Review of Virology,Biology & Biochemistry,VIROLOGY,Q1
Particle and Fibre Toxicology,Biology & Biochemistry,TOXICOLOGY,Q1
Environmental Chemistry and Ecotoxicology,Biology & Biochemistry,TOXICOLOGY,Q1
Tumour Virus Research,Biology & Biochemistry,VIROLOGY,Q1
JOURNAL OF TOXICOLOGY AND ENVIRONMENTAL HEALTH-PART B-CRITICAL REVIEWS,Biology & Biochemistry,TOXICOLOGY,Q1
ARCHIVES OF TOXICOLOGY,Biology & Biochemistry,TOXICOLOGY,Q1
REVIEWS IN MEDICAL VIROLOGY,Biology & Biochemistry,VIROLOGY,Q1
Reviews of Environmental Contamination and Toxicology,Biology & Biochemistry,TOXICOLOGY,Q1
CLADISTICS,Biology & Biochemistry,ZOOLOGY,Q1
ECOTOXICOLOGY AND ENVIRONMENTAL SAFETY,Biology & Biochemistry,TOXICOLOGY,Q1
CELL BIOLOGY AND TOXICOLOGY,Biology & Biochemistry,TOXICOLOGY,Q1
CHEMICO-BIOLOGICAL INTERACTIONS,Biology & Biochemistry,TOXICOLOGY,Q1
INFLAMMOPHARMACOLOGY,Biology & Biochemistry,TOXICOLOGY,Q1
Current Opinion in Virology,Biology & Biochemistry,VIROLOGY,Q1
PLoS Pathogens,Biology & Biochemistry,VIROLOGY,Q1
ZOOLOGICAL RESEARCH,Biology & Biochemistry,ZOOLOGY,Q1
Journal of Exposure Science and Environmental Epidemiology,Biology & Biochemistry,TOXICOLOGY,Q1
TOXICOLOGY,Biology & Biochemistry,TOXICOLOGY,Q1
JOURNAL OF MEDICAL VIROLOGY,Biology & Biochemistry,VIROLOGY,Q1
Frontiers in Toxicology,Biology & Biochemistry,TOXICOLOGY,Q1
Journal of Xenobiotics,Biology & Biochemistry,TOXICOLOGY,Q1
MAMMAL REVIEW,Biology & Biochemistry,ZOOLOGY,Q1
AQUATIC TOXICOLOGY,Biology & Biochemistry,TOXICOLOGY,Q1
COMPARATIVE BIOCHEMISTRY AND PHYSIOLOGY C-TOXICOLOGY & PHARMACOLOGY,Biology & Biochemistry,TOXICOLOGY,Q1
COMPARATIVE BIOCHEMISTRY AND PHYSIOLOGY C-TOXICOLOGY & PHARMACOLOGY,Biology & Biochemistry,ZOOLOGY,Q1
MUTAGENESIS,Biology & Biochemistry,TOXICOLOGY,Q1
JOURNAL OF GENERAL VIROLOGY,Biology & Biochemistry,VIROLOGY,Q1
Environmental Toxicology and Pharmacology,Biology & Biochemistry,TOXICOLOGY,Q1
Influenza and Other Respiratory Viruses,Biology & Biochemistry,VIROLOGY,Q1
MUTATION RESEARCH-REVIEWS IN MUTATION RESEARCH,Biology & Biochemistry,TOXICOLOGY,Q1
TOXICOLOGICAL SCIENCES,Biology & Biochemistry,TOXICOLOGY,Q1
Toxics,Biology & Biochemistry,TOXICOLOGY,Q1
CRITICAL REVIEWS IN TOXICOLOGY,Biology & Biochemistry,TOXICOLOGY,Q1
ANTIVIRAL RESEARCH,Biology & Biochemistry,VIROLOGY,Q1
Virus Evolution,Biology & Biochemistry,VIROLOGY,Q1
VIROLOGICA SINICA,Biology & Biochemistry,VIROLOGY,Q1
Toxins,Biology & Biochemistry,TOXICOLOGY,Q1
NEUROTOXICOLOGY,Biology & Biochemistry,TOXICOLOGY,Q2
Retrovirology,Biology & Biochemistry,VIROLOGY,Q2
WILDLIFE MONOGRAPHS,Biology & Biochemistry,ZOOLOGY,Q1
Journal of Virology,Biology & Biochemistry,VIROLOGY,Q2
DRUG SAFETY,Biology & Biochemistry,TOXICOLOGY,Q2
Virology Journal,Biology & Biochemistry,VIROLOGY,Q2
CHEMICAL RESEARCH IN TOXICOLOGY,Biology & Biochemistry,TOXICOLOGY,Q2
Integrative Zoology,Biology & Biochemistry,ZOOLOGY,Q1
JOURNAL OF ANIMAL ECOLOGY,Biology & Biochemistry,ZOOLOGY,Q1
Cardiovascular Toxicology,Biology & Biochemistry,TOXICOLOGY,Q2
Current Opinion in Toxicology,Biology & Biochemistry,TOXICOLOGY,Q2
INTERNATIONAL JOURNAL OF MEDICAL MICROBIOLOGY,Biology & Biochemistry,VIROLOGY,Q2
REGULATORY TOXICOLOGY AND PHARMACOLOGY,Biology & Biochemistry,TOXICOLOGY,Q2
FOOD AND CHEMICAL TOXICOLOGY,Biology & Biochemistry,TOXICOLOGY,Q2
Viruses-Basel,Biology & Biochemistry,VIROLOGY,Q2
JOURNAL OF CLINICAL VIROLOGY,Biology & Biochemistry,VIROLOGY,Q2
TOXICOLOGY AND APPLIED PHARMACOLOGY,Biology & Biochemistry,TOXICOLOGY,Q2
Nanotoxicology,Biology & Biochemistry,TOXICOLOGY,Q2
Expert Opinion on Drug Metabolism & Toxicology,Biology & Biochemistry,TOXICOLOGY,Q2
BASIC & CLINICAL PHARMACOLOGY & TOXICOLOGY,Biology & Biochemistry,TOXICOLOGY,Q2
CLINICAL TOXICOLOGY,Biology & Biochemistry,TOXICOLOGY,Q2
Animal Cells and Systems,Biology & Biochemistry,ZOOLOGY,Q1
ENVIRONMENTAL TOXICOLOGY,Biology & Biochemistry,TOXICOLOGY,Q2
MARINE ENVIRONMENTAL RESEARCH,Biology & Biochemistry,TOXICOLOGY,Q2
HUMAN & EXPERIMENTAL TOXICOLOGY,Biology & Biochemistry,TOXICOLOGY,Q2
Environmental Pollutants and Bioavailability,Biology & Biochemistry,TOXICOLOGY,Q2
AIDS,Biology & Biochemistry,VIROLOGY,Q2
Mycotoxin Research,Biology & Biochemistry,TOXICOLOGY,Q2
Journal of Immunotoxicology,Biology & Biochemistry,TOXICOLOGY,Q2
Current Research in Toxicology,Biology & Biochemistry,TOXICOLOGY,Q2
IMMUNOPHARMACOLOGY AND IMMUNOTOXICOLOGY,Biology & Biochemistry,TOXICOLOGY,Q2
Journal of Toxicology,Biology & Biochemistry,TOXICOLOGY,Q2
Forensic Toxicology,Biology & Biochemistry,TOXICOLOGY,Q2
JOURNAL OF THERMAL BIOLOGY,Biology & Biochemistry,ZOOLOGY,Q1
ALCOHOL,Biology & Biochemistry,TOXICOLOGY,Q2
TOXICOLOGY LETTERS,Biology & Biochemistry,TOXICOLOGY,Q2
JOURNAL OF ENVIRONMENTAL PATHOLOGY TOXICOLOGY AND ONCOLOGY,Biology & Biochemistry,TOXICOLOGY,Q2
Computational Toxicology,Biology & Biochemistry,TOXICOLOGY,Q2
ZOOLOGICAL JOURNAL OF THE LINNEAN SOCIETY,Biology & Biochemistry,ZOOLOGY,Q1
REPRODUCTIVE TOXICOLOGY,Biology & Biochemistry,TOXICOLOGY,Q2
Toxicon-X,Biology & Biochemistry,TOXICOLOGY,Q2
NEUROTOXICOLOGY AND TERATOLOGY,Biology & Biochemistry,TOXICOLOGY,Q2
ENVIRONMENTAL TOXICOLOGY AND CHEMISTRY,Biology & Biochemistry,TOXICOLOGY,Q2
JOURNAL OF BIOCHEMICAL AND MOLECULAR TOXICOLOGY,Biology & Biochemistry,TOXICOLOGY,Q2
JOURNAL OF APPLIED TOXICOLOGY,Biology & Biochemistry,TOXICOLOGY,Q2
DNA REPAIR,Biology & Biochemistry,TOXICOLOGY,Q3
BMC Pharmacology & Toxicology,Biology & Biochemistry,TOXICOLOGY,Q3
TOXICOLOGY IN VITRO,Biology & Biochemistry,TOXICOLOGY,Q3
Food and Environmental Virology,Biology & Biochemistry,VIROLOGY,Q2
VIRUS RESEARCH,Biology & Biochemistry,VIROLOGY,Q2
TOXICOLOGY MECHANISMS AND METHODS,Biology & Biochemistry,TOXICOLOGY,Q3
ECOTOXICOLOGY,Biology & Biochemistry,TOXICOLOGY,Q3
Frontiers in Zoology,Biology & Biochemistry,ZOOLOGY,Q1
JOURNAL OF EXPERIMENTAL BIOLOGY,Biology & Biochemistry,ZOOLOGY,Q1
JOURNAL OF ZOOLOGICAL SYSTEMATICS AND EVOLUTIONARY RESEARCH,Biology & Biochemistry,ZOOLOGY,Q1
JOURNAL OF ANALYTICAL TOXICOLOGY,Biology & Biochemistry,TOXICOLOGY,Q3
Journal of Medical Toxicology,Biology & Biochemistry,TOXICOLOGY,Q3
ARCHIVES OF VIROLOGY,Biology & Biochemistry,VIROLOGY,Q3
MUTATION RESEARCH-GENETIC TOXICOLOGY AND ENVIRONMENTAL MUTAGENESIS,Biology & Biochemistry,TOXICOLOGY,Q3
Food Additives & Contaminants Part B-Surveillance,Biology & Biochemistry,TOXICOLOGY,Q3
JOURNAL OF INVERTEBRATE PATHOLOGY,Biology & Biochemistry,ZOOLOGY,Q1
DEVELOPMENTAL AND COMPARATIVE IMMUNOLOGY,Biology & Biochemistry,ZOOLOGY,Q1
THERAPEUTIC DRUG MONITORING,Biology & Biochemistry,TOXICOLOGY,Q3
VIROLOGY,Biology & Biochemistry,VIROLOGY,Q3
TOXICON,Biology & Biochemistry,TOXICOLOGY,Q3
Toxin Reviews,Biology & Biochemistry,TOXICOLOGY,Q3
SAR AND QSAR IN ENVIRONMENTAL RESEARCH,Biology & Biochemistry,TOXICOLOGY,Q3
Vertebrate Zoology,Biology & Biochemistry,ZOOLOGY,Q1
MAMMALIAN BIOLOGY,Biology & Biochemistry,ZOOLOGY,Q1
ANIMAL WELFARE,Biology & Biochemistry,ZOOLOGY,Q1
JOURNAL OF VIRAL HEPATITIS,Biology & Biochemistry,VIROLOGY,Q3
Toxicological Research,Biology & Biochemistry,TOXICOLOGY,Q3
ENVIRONMENTAL AND MOLECULAR MUTAGENESIS,Biology & Biochemistry,TOXICOLOGY,Q3
ANTIVIRAL THERAPY,Biology & Biochemistry,VIROLOGY,Q3
Journal of Environmental Science and Health Part C-Toxicology and Carcinogenesis,Biology & Biochemistry,TOXICOLOGY,Q3
SOUTHERN AFRICAN JOURNAL OF HIV MEDICINE,Biology & Biochemistry,VIROLOGY,Q3
CONTRIBUTIONS TO ZOOLOGY,Biology & Biochemistry,ZOOLOGY,Q1
BEHAVIORAL ECOLOGY,Biology & Biochemistry,ZOOLOGY,Q1
COMPARATIVE BIOCHEMISTRY AND PHYSIOLOGY A-MOLECULAR & INTEGRATIVE PHYSIOLOGY,Biology & Biochemistry,ZOOLOGY,Q1
JOURNAL OF COMPARATIVE PHYSIOLOGY A-NEUROETHOLOGY SENSORY NEURAL AND BEHAVIORAL PHYSIOLOGY,Biology & Biochemistry,ZOOLOGY,Q1
ARCHIVES OF ENVIRONMENTAL CONTAMINATION AND TOXICOLOGY,Biology & Biochemistry,TOXICOLOGY,Q3
BULLETIN OF ENVIRONMENTAL CONTAMINATION AND TOXICOLOGY,Biology & Biochemistry,TOXICOLOGY,Q3
Food Additives and Contaminants Part A-Chemistry Analysis Control Exposure & Risk Assessment,Biology & Biochemistry,TOXICOLOGY,Q3
World Mycotoxin Journal,Biology & Biochemistry,TOXICOLOGY,Q3
INTEGRATIVE AND COMPARATIVE BIOLOGY,Biology & Biochemistry,ZOOLOGY,Q1
Zoological Letters,Biology & Biochemistry,ZOOLOGY,Q1
ANIMAL BEHAVIOUR,Biology & Biochemistry,ZOOLOGY,Q1
BIOACOUSTICS-THE INTERNATIONAL JOURNAL OF ANIMAL SOUND AND ITS RECORDING,Biology & Biochemistry,ZOOLOGY,Q1
JOURNAL OF COMPARATIVE NEUROLOGY,Biology & Biochemistry,ZOOLOGY,Q1
ANIMAL COGNITION,Biology & Biochemistry,ZOOLOGY,Q1
JOURNAL OF MAMMALIAN EVOLUTION,Biology & Biochemistry,ZOOLOGY,Q1
REPRODUCTION FERTILITY AND DEVELOPMENT,Biology & Biochemistry,ZOOLOGY,Q1
Toxicology Research,Biology & Biochemistry,TOXICOLOGY,Q3
FOOD AND AGRICULTURAL IMMUNOLOGY,Biology & Biochemistry,TOXICOLOGY,Q3
Current Zoology,Biology & Biochemistry,ZOOLOGY,Q1
ZOOLOGICA SCRIPTA,Biology & Biochemistry,ZOOLOGY,Q1
EUROPEAN JOURNAL OF WILDLIFE RESEARCH,Biology & Biochemistry,ZOOLOGY,Q1
INHALATION TOXICOLOGY,Biology & Biochemistry,TOXICOLOGY,Q4
Journal of Virus Eradication,Biology & Biochemistry,VIROLOGY,Q3
INVERTEBRATE SYSTEMATICS,Biology & Biochemistry,ZOOLOGY,Q1
MARINE MAMMAL SCIENCE,Biology & Biochemistry,ZOOLOGY,Q1
BEHAVIORAL ECOLOGY AND SOCIOBIOLOGY,Biology & Biochemistry,ZOOLOGY,Q1
ORGANISMS DIVERSITY & EVOLUTION,Biology & Biochemistry,ZOOLOGY,Q1
JOURNAL OF WILDLIFE MANAGEMENT,Biology & Biochemistry,ZOOLOGY,Q1
Integrative Organismal Biology,Biology & Biochemistry,ZOOLOGY,Q1
BRAIN BEHAVIOR AND EVOLUTION,Biology & Biochemistry,ZOOLOGY,Q1
JOURNAL OF TOXICOLOGY AND ENVIRONMENTAL HEALTH-PART A-CURRENT ISSUES,Biology & Biochemistry,TOXICOLOGY,Q4
JOURNAL OF NEUROVIROLOGY,Biology & Biochemistry,VIROLOGY,Q3
DRUG AND CHEMICAL TOXICOLOGY,Biology & Biochemistry,TOXICOLOGY,Q4
Genes and Environment,Biology & Biochemistry,TOXICOLOGY,Q4
BIOMARKERS,Biology & Biochemistry,TOXICOLOGY,Q4
MUTATION RESEARCH-FUNDAMENTAL AND MOLECULAR MECHANISMS OF MUTAGENESIS,Biology & Biochemistry,TOXICOLOGY,Q4
VIRUS GENES,Biology & Biochemistry,VIROLOGY,Q3
INTERNATIONAL JOURNAL OF PRIMATOLOGY,Biology & Biochemistry,ZOOLOGY,Q1
AMERICAN JOURNAL OF PRIMATOLOGY,Biology & Biochemistry,ZOOLOGY,Q1
PHYSIOLOGICAL AND BIOCHEMICAL ZOOLOGY,Biology & Biochemistry,ZOOLOGY,Q1
Neotropical Ichthyology,Biology & Biochemistry,ZOOLOGY,Q1
COMPARATIVE BIOCHEMISTRY AND PHYSIOLOGY B-BIOCHEMISTRY & MOLECULAR BIOLOGY,Biology & Biochemistry,ZOOLOGY,Q1
Journal of Venomous Animals and Toxins including Tropical Diseases,Biology & Biochemistry,TOXICOLOGY,Q4
PHAGE-Therapy Applications and Research,Biology & Biochemistry,VIROLOGY,Q3
TOXICOLOGIC PATHOLOGY,Biology & Biochemistry,TOXICOLOGY,Q4
Zoologia,Biology & Biochemistry,ZOOLOGY,Q1
JOURNAL OF PHARMACOLOGICAL AND TOXICOLOGICAL METHODS,Biology & Biochemistry,TOXICOLOGY,Q4
INTERVIROLOGY,Biology & Biochemistry,VIROLOGY,Q3
BMC Zoology,Biology & Biochemistry,ZOOLOGY,Q2
GENERAL AND COMPARATIVE ENDOCRINOLOGY,Biology & Biochemistry,ZOOLOGY,Q2
Journal of the American Association for Laboratory Animal Science,Biology & Biochemistry,ZOOLOGY,Q2
TURKISH JOURNAL OF ZOOLOGY,Biology & Biochemistry,ZOOLOGY,Q2
JOURNAL OF EXPERIMENTAL ZOOLOGY PART B-MOLECULAR AND DEVELOPMENTAL EVOLUTION,Biology & Biochemistry,ZOOLOGY,Q2
TOXICOLOGY AND INDUSTRIAL HEALTH,Biology & Biochemistry,TOXICOLOGY,Q4
Toxicologie Analytique et Clinique,Biology & Biochemistry,TOXICOLOGY,Q4
JOURNAL OF MAMMALOGY,Biology & Biochemistry,ZOOLOGY,Q2
JOURNAL OF ZOOLOGY,Biology & Biochemistry,ZOOLOGY,Q2
ZOOLOGY,Biology & Biochemistry,ZOOLOGY,Q2
Journal of Comparative Physiology B-Biochemical Systems and Environmental Physiology,Biology & Biochemistry,ZOOLOGY,Q2
Mammal Research,Biology & Biochemistry,ZOOLOGY,Q2
WILDLIFE RESEARCH,Biology & Biochemistry,ZOOLOGY,Q2
JOURNAL OF HELMINTHOLOGY,Biology & Biochemistry,ZOOLOGY,Q2
JOURNAL OF VIROLOGICAL METHODS,Biology & Biochemistry,VIROLOGY,Q4
INDUSTRIAL HEALTH,Biology & Biochemistry,TOXICOLOGY,Q4
Birth Defects Research,Biology & Biochemistry,TOXICOLOGY,Q4
Arhiv za Higijenu Rada i Toksikologiju-Archives of Industrial Hygiene and Toxicology,Biology & Biochemistry,TOXICOLOGY,Q4
Frontiers in Virology,Biology & Biochemistry,VIROLOGY,Q4
ZOOLOGISCHER ANZEIGER,Biology & Biochemistry,ZOOLOGY,Q2
Ichthyology and Herpetology,Biology & Biochemistry,ZOOLOGY,Q2
PRIMATES,Biology & Biochemistry,ZOOLOGY,Q2
Journal of Vertebrate Biology,Biology & Biochemistry,ZOOLOGY,Q2
TAXONOMY,Biology & Biochemistry,ZOOLOGY,Q2
WILDLIFE BIOLOGY,Biology & Biochemistry,ZOOLOGY,Q2
Behavioural Processes,Biology & Biochemistry,ZOOLOGY,Q2
ACTA PARASITOLOGICA,Biology & Biochemistry,ZOOLOGY,Q2
LEARNING & BEHAVIOR,Biology & Biochemistry,ZOOLOGY,Q2
JOURNAL OF TOXICOLOGICAL SCIENCES,Biology & Biochemistry,TOXICOLOGY,Q4
Journal of Experimental Zoology Part A-Ecological and Integrative Physiology,Biology & Biochemistry,ZOOLOGY,Q2
European Zoological Journal,Biology & Biochemistry,ZOOLOGY,Q2
ZOOLOGICAL STUDIES,Biology & Biochemistry,ZOOLOGY,Q2
Asian Herpetological Research,Biology & Biochemistry,ZOOLOGY,Q2
ZOO BIOLOGY,Biology & Biochemistry,ZOOLOGY,Q2
ETHOLOGY,Biology & Biochemistry,ZOOLOGY,Q2
Journal of Clinical Virology Plus,Biology & Biochemistry,VIROLOGY,Q4
Advances in Virology,Biology & Biochemistry,VIROLOGY,Q4
Future Virology,Biology & Biochemistry,VIROLOGY,Q4
Molecular & Cellular Toxicology,Biology & Biochemistry,TOXICOLOGY,Q4
ZooKeys,Biology & Biochemistry,ZOOLOGY,Q2
AMPHIBIA-REPTILIA,Biology & Biochemistry,ZOOLOGY,Q2
JOURNAL OF NEMATOLOGY,Biology & Biochemistry,ZOOLOGY,Q2
ACTA ZOOLOGICA,Biology & Biochemistry,ZOOLOGY,Q2
Subterranean Biology,Biology & Biochemistry,ZOOLOGY,Q2
AMPHIBIAN & REPTILE CONSERVATION,Biology & Biochemistry,ZOOLOGY,Q2
European Journal of Taxonomy,Biology & Biochemistry,ZOOLOGY,Q2
LABORATORY ANIMALS,Biology & Biochemistry,ZOOLOGY,Q2
ACTA ETHOLOGICA,Biology & Biochemistry,ZOOLOGY,Q2
Cutaneous and Ocular Toxicology,Biology & Biochemistry,TOXICOLOGY,Q4
PACHYDERM,Biology & Biochemistry,ZOOLOGY,Q2
EXPERIMENTAL ANIMALS,Biology & Biochemistry,ZOOLOGY,Q2
CANADIAN JOURNAL OF ZOOLOGY,Biology & Biochemistry,ZOOLOGY,Q2
HYSTRIX-Italian Journal of Mammalogy,Biology & Biochemistry,ZOOLOGY,Q2
ZOOSYSTEMA,Biology & Biochemistry,ZOOLOGY,Q2
JOURNAL OF MOLLUSCAN STUDIES,Biology & Biochemistry,ZOOLOGY,Q2
AUSTRALIAN MAMMALOGY,Biology & Biochemistry,ZOOLOGY,Q2
SALAMANDRA,Biology & Biochemistry,ZOOLOGY,Q2
Zebrafish,Biology & Biochemistry,ZOOLOGY,Q2
JOURNAL OF CRUSTACEAN BIOLOGY,Biology & Biochemistry,ZOOLOGY,Q2
AMERICAN MUSEUM NOVITATES,Biology & Biochemistry,ZOOLOGY,Q2
HELMINTHOLOGIA,Biology & Biochemistry,ZOOLOGY,Q2
XENOBIOTICA,Biology & Biochemistry,TOXICOLOGY,Q4
VIRAL IMMUNOLOGY,Biology & Biochemistry,VIROLOGY,Q4
NEMATOLOGY,Biology & Biochemistry,ZOOLOGY,Q3
ZOOMORPHOLOGY,Biology & Biochemistry,ZOOLOGY,Q3
HERPETOLOGICA,Biology & Biochemistry,ZOOLOGY,Q3
BELGIAN JOURNAL OF ZOOLOGY,Biology & Biochemistry,ZOOLOGY,Q3
COMPARATIVE MEDICINE,Biology & Biochemistry,ZOOLOGY,Q3
NEW ZEALAND JOURNAL OF ZOOLOGY,Biology & Biochemistry,ZOOLOGY,Q3
VETERINARY AND COMPARATIVE ORTHOPAEDICS AND TRAUMATOLOGY,Biology & Biochemistry,ZOOLOGY,Q3
ETHOLOGY ECOLOGY & EVOLUTION,Biology & Biochemistry,ZOOLOGY,Q3
Veterinary Research Forum,Biology & Biochemistry,ZOOLOGY,Q3
AFRICAN INVERTEBRATES,Biology & Biochemistry,ZOOLOGY,Q3
AIDS RESEARCH AND HUMAN RETROVIRUSES,Biology & Biochemistry,VIROLOGY,Q4
TOXICOLOGICAL AND ENVIRONMENTAL CHEMISTRY,Biology & Biochemistry,TOXICOLOGY,Q4
NAUTILUS,Biology & Biochemistry,ZOOLOGY,Q3
HERPETOLOGICAL MONOGRAPHS,Biology & Biochemistry,ZOOLOGY,Q3
ZOOLOGICAL SCIENCE,Biology & Biochemistry,ZOOLOGY,Q3
RAFFLES BULLETIN OF ZOOLOGY,Biology & Biochemistry,ZOOLOGY,Q3
BEHAVIOUR,Biology & Biochemistry,ZOOLOGY,Q3
INVERTEBRATE BIOLOGY,Biology & Biochemistry,ZOOLOGY,Q3
ACTA ICHTHYOLOGICA ET PISCATORIA,Biology & Biochemistry,ZOOLOGY,Q3
MALACOLOGIA,Biology & Biochemistry,ZOOLOGY,Q3
COVID,Biology & Biochemistry,VIROLOGY,Q4
ICHTHYOLOGICAL RESEARCH,Biology & Biochemistry,ZOOLOGY,Q3
African Journal of Wildlife Research,Biology & Biochemistry,ZOOLOGY,Q3
INTERNATIONAL JOURNAL OF TOXICOLOGY,Biology & Biochemistry,TOXICOLOGY,Q4
Toxicology and Environmental Health Sciences,Biology & Biochemistry,TOXICOLOGY,Q4
CURRENT HIV RESEARCH,Biology & Biochemistry,VIROLOGY,Q4
VIROLOGIE,Biology & Biochemistry,VIROLOGY,Q4
Zoosystematics and Evolution,Biology & Biochemistry,ZOOLOGY,Q3
ANIMAL BIOLOGY,Biology & Biochemistry,ZOOLOGY,Q3
RUSSIAN JOURNAL OF HERPETOLOGY,Biology & Biochemistry,ZOOLOGY,Q3
JOURNAL OF COMPARATIVE PSYCHOLOGY,Biology & Biochemistry,ZOOLOGY,Q3
Zootaxa,Biology & Biochemistry,ZOOLOGY,Q3
AFRICAN JOURNAL OF HERPETOLOGY,Biology & Biochemistry,ZOOLOGY,Q3
HERPETOZOA,Biology & Biochemistry,ZOOLOGY,Q3
JOURNAL OF EXPERIMENTAL PSYCHOLOGY-ANIMAL LEARNING AND COGNITION,Biology & Biochemistry,ZOOLOGY,Q3
AUSTRALIAN JOURNAL OF ZOOLOGY,Biology & Biochemistry,ZOOLOGY,Q3
Journal of Zoo and Aquarium Research,Biology & Biochemistry,ZOOLOGY,Q3
Acta Herpetologica,Biology & Biochemistry,ZOOLOGY,Q3
AQUATIC MAMMALS,Biology & Biochemistry,ZOOLOGY,Q3
ANNALS OF CARNEGIE MUSEUM,Biology & Biochemistry,ZOOLOGY,Q3
Comparative Cytogenetics,Biology & Biochemistry,ZOOLOGY,Q3
JOURNAL OF NATURAL HISTORY,Biology & Biochemistry,ZOOLOGY,Q3
Journal of Toxicologic Pathology,Biology & Biochemistry,TOXICOLOGY,Q4
ICHTHYOLOGICAL EXPLORATION OF FRESHWATERS,Biology & Biochemistry,ZOOLOGY,Q3
FOLIA PRIMATOLOGICA,Biology & Biochemistry,ZOOLOGY,Q3
RECORDS OF THE AUSTRALIAN MUSEUM,Biology & Biochemistry,ZOOLOGY,Q3
MAMMALIA,Biology & Biochemistry,ZOOLOGY,Q3
MAMMAL STUDY,Biology & Biochemistry,ZOOLOGY,Q3
STUDIES ON NEOTROPICAL FAUNA AND ENVIRONMENT,Biology & Biochemistry,ZOOLOGY,Q3
ANNALES ZOOLOGICI FENNICI,Biology & Biochemistry,ZOOLOGY,Q3
JOURNAL OF HERPETOLOGY,Biology & Biochemistry,ZOOLOGY,Q3
ACTA ZOOLOGICA ACADEMIAE SCIENTIARUM HUNGARICAE,Biology & Biochemistry,ZOOLOGY,Q3
JOURNAL OF ETHOLOGY,Biology & Biochemistry,ZOOLOGY,Q3
Nauplius,Biology & Biochemistry,ZOOLOGY,Q3
CHELONIAN CONSERVATION AND BIOLOGY,Biology & Biochemistry,ZOOLOGY,Q3
URSUS,Biology & Biochemistry,ZOOLOGY,Q3
INVERTEBRATE REPRODUCTION & DEVELOPMENT,Biology & Biochemistry,ZOOLOGY,Q3
ISJ-Invertebrate Survival Journal,Biology & Biochemistry,ZOOLOGY,Q3
Journal of Ichthyology,Biology & Biochemistry,ZOOLOGY,Q3
ACTA AMAZONICA,Biology & Biochemistry,ZOOLOGY,Q3
Neotropical Biology and Conservation,Biology & Biochemistry,ZOOLOGY,Q3
ACTA VIROLOGICA,Biology & Biochemistry,VIROLOGY,Q4
CURRENT HERPETOLOGY,Biology & Biochemistry,ZOOLOGY,Q4
South American Journal of Herpetology,Biology & Biochemistry,ZOOLOGY,Q4
ACTA CHIROPTEROLOGICA,Biology & Biochemistry,ZOOLOGY,Q4
NEMATROPICA,Biology & Biochemistry,ZOOLOGY,Q4
IHERINGIA SERIE ZOOLOGIA,Biology & Biochemistry,ZOOLOGY,Q4
HERPETOLOGICAL JOURNAL,Biology & Biochemistry,ZOOLOGY,Q4
Redia-Journal of Zoology,Biology & Biochemistry,ZOOLOGY,Q4
Herpetological Conservation and Biology,Biology & Biochemistry,ZOOLOGY,Q4
North-Western Journal of Zoology,Biology & Biochemistry,ZOOLOGY,Q4
MOLLUSCAN RESEARCH,Biology & Biochemistry,ZOOLOGY,Q4
PHYLLOMEDUSA,Biology & Biochemistry,ZOOLOGY,Q4
RUSSIAN JOURNAL OF THERIOLOGY,Biology & Biochemistry,ZOOLOGY,Q4
ZOOLOGY IN THE MIDDLE EAST,Biology & Biochemistry,ZOOLOGY,Q4
JOURNAL OF CONCHOLOGY,Biology & Biochemistry,ZOOLOGY,Q4
Check List,Biology & Biochemistry,ZOOLOGY,Q4
BOLETIM DO INSTITUTO DE PESCA,Biology & Biochemistry,ZOOLOGY,Q4
FLUORIDE,Biology & Biochemistry,TOXICOLOGY,Q4
AFRICAN ZOOLOGY,Biology & Biochemistry,ZOOLOGY,Q4
REVUE SUISSE DE ZOOLOGIE,Biology & Biochemistry,ZOOLOGY,Q4
CYBIUM,Biology & Biochemistry,ZOOLOGY,Q4
FRAGMENTA ENTOMOLOGICA,Biology & Biochemistry,ZOOLOGY,Q4
JOURNAL OF MEDICAL PRIMATOLOGY,Biology & Biochemistry,ZOOLOGY,Q4
ACTA ZOOLOGICA BULGARICA,Biology & Biochemistry,ZOOLOGY,Q4
Toxicology Communications,Biology & Biochemistry,TOXICOLOGY,Q4
International Journal of Medical Toxicology and Forensic Medicine,Biology & Biochemistry,TOXICOLOGY,Q4
TROPICAL ZOOLOGY,Biology & Biochemistry,ZOOLOGY,Q4
California Fish and Wildlife Journal,Biology & Biochemistry,ZOOLOGY,Q4
PACIFIC SCIENCE,Biology & Biochemistry,ZOOLOGY,Q4
ACTA BIOLOGICA COLOMBIANA,Biology & Biochemistry,ZOOLOGY,Q4
Comparative Parasitology,Biology & Biochemistry,ZOOLOGY,Q4
GAYANA,Biology & Biochemistry,ZOOLOGY,Q4
RUSSIAN JOURNAL OF NEMATOLOGY,Biology & Biochemistry,ZOOLOGY,Q4
ZOOLOGICHESKY ZHURNAL,Biology & Biochemistry,ZOOLOGY,Q4
CALDASIA,Biology & Biochemistry,ZOOLOGY,Q4
SPIXIANA,Biology & Biochemistry,ZOOLOGY,Q4
AMERICAN MALACOLOGICAL BULLETIN,Biology & Biochemistry,ZOOLOGY,Q4
NOVITATES CARIBAEA,Biology & Biochemistry,ZOOLOGY,Q4
Journal of Food Safety and Food Quality-Archiv fur Lebensmittelhygiene,Biology & Biochemistry,TOXICOLOGY,Q4
Animal Taxonomy and Ecology,Biology & Biochemistry,ZOOLOGY,N/A
